source,ticker,horizon,fold,scheme,window,model,weight
e1,AAPL,5,0,equal,expanding,elasticnet,0.2
e1,AAPL,5,0,equal,expanding,huber,0.2
e1,AAPL,5,0,equal,expanding,pls,0.2
e1,AAPL,5,0,equal,expanding,lgbm_reg,0.2
e1,AAPL,5,0,equal,expanding,xgb,0.2
e1,AAPL,5,1,equal,expanding,elasticnet,0.2
e1,AAPL,5,1,equal,expanding,huber,0.2
e1,AAPL,5,1,equal,expanding,pls,0.2
e1,AAPL,5,1,equal,expanding,lgbm_reg,0.2
e1,AAPL,5,1,equal,expanding,xgb,0.2
e1,AAPL,5,2,equal,expanding,elasticnet,0.2
e1,AAPL,5,2,equal,expanding,huber,0.2
e1,AAPL,5,2,equal,expanding,pls,0.2
e1,AAPL,5,2,equal,expanding,lgbm_reg,0.2
e1,AAPL,5,2,equal,expanding,xgb,0.2
e1,AAPL,5,3,equal,expanding,elasticnet,0.2
e1,AAPL,5,3,equal,expanding,huber,0.2
e1,AAPL,5,3,equal,expanding,pls,0.2
e1,AAPL,5,3,equal,expanding,lgbm_reg,0.2
e1,AAPL,5,3,equal,expanding,xgb,0.2
e1,AAPL,5,4,equal,expanding,elasticnet,0.2
e1,AAPL,5,4,equal,expanding,huber,0.2
e1,AAPL,5,4,equal,expanding,pls,0.2
e1,AAPL,5,4,equal,expanding,lgbm_reg,0.2
e1,AAPL,5,4,equal,expanding,xgb,0.2
e1,AAPL,5,5,equal,expanding,elasticnet,0.2
e1,AAPL,5,5,equal,expanding,huber,0.2
e1,AAPL,5,5,equal,expanding,pls,0.2
e1,AAPL,5,5,equal,expanding,lgbm_reg,0.2
e1,AAPL,5,5,equal,expanding,xgb,0.2
e1,AAPL,5,6,equal,expanding,elasticnet,0.2
e1,AAPL,5,6,equal,expanding,huber,0.2
e1,AAPL,5,6,equal,expanding,pls,0.2
e1,AAPL,5,6,equal,expanding,lgbm_reg,0.2
e1,AAPL,5,6,equal,expanding,xgb,0.2
e1,AAPL,5,7,equal,expanding,elasticnet,0.2
e1,AAPL,5,7,equal,expanding,huber,0.2
e1,AAPL,5,7,equal,expanding,pls,0.2
e1,AAPL,5,7,equal,expanding,lgbm_reg,0.2
e1,AAPL,5,7,equal,expanding,xgb,0.2
e1,AAPL,5,8,equal,expanding,elasticnet,0.2
e1,AAPL,5,8,equal,expanding,huber,0.2
e1,AAPL,5,8,equal,expanding,pls,0.2
e1,AAPL,5,8,equal,expanding,lgbm_reg,0.2
e1,AAPL,5,8,equal,expanding,xgb,0.2
e1,AAPL,5,9,equal,expanding,elasticnet,0.2
e1,AAPL,5,9,equal,expanding,huber,0.2
e1,AAPL,5,9,equal,expanding,pls,0.2
e1,AAPL,5,9,equal,expanding,lgbm_reg,0.2
e1,AAPL,5,9,equal,expanding,xgb,0.2
e1,AAPL,5,10,equal,expanding,elasticnet,0.2
e1,AAPL,5,10,equal,expanding,huber,0.2
e1,AAPL,5,10,equal,expanding,pls,0.2
e1,AAPL,5,10,equal,expanding,lgbm_reg,0.2
e1,AAPL,5,10,equal,expanding,xgb,0.2
e1,AAPL,5,11,equal,expanding,elasticnet,0.2
e1,AAPL,5,11,equal,expanding,huber,0.2
e1,AAPL,5,11,equal,expanding,pls,0.2
e1,AAPL,5,11,equal,expanding,lgbm_reg,0.2
e1,AAPL,5,11,equal,expanding,xgb,0.2
e1,AAPL,5,12,equal,expanding,elasticnet,0.2
e1,AAPL,5,12,equal,expanding,huber,0.2
e1,AAPL,5,12,equal,expanding,pls,0.2
e1,AAPL,5,12,equal,expanding,lgbm_reg,0.2
e1,AAPL,5,12,equal,expanding,xgb,0.2
e1,AAPL,5,13,equal,expanding,elasticnet,0.2
e1,AAPL,5,13,equal,expanding,huber,0.2
e1,AAPL,5,13,equal,expanding,pls,0.2
e1,AAPL,5,13,equal,expanding,lgbm_reg,0.2
e1,AAPL,5,13,equal,expanding,xgb,0.2
e1,AAPL,5,14,equal,expanding,elasticnet,0.2
e1,AAPL,5,14,equal,expanding,huber,0.2
e1,AAPL,5,14,equal,expanding,pls,0.2
e1,AAPL,5,14,equal,expanding,lgbm_reg,0.2
e1,AAPL,5,14,equal,expanding,xgb,0.2
e1,AAPL,5,0,inv_mae,expanding,elasticnet,0.2
e1,AAPL,5,0,inv_mae,expanding,huber,0.2
e1,AAPL,5,0,inv_mae,expanding,pls,0.2
e1,AAPL,5,0,inv_mae,expanding,lgbm_reg,0.2
e1,AAPL,5,0,inv_mae,expanding,xgb,0.2
e1,AAPL,5,1,inv_mae,expanding,elasticnet,0.18553027957527876
e1,AAPL,5,1,inv_mae,expanding,huber,0.17978469082703663
e1,AAPL,5,1,inv_mae,expanding,pls,0.20435219539833238
e1,AAPL,5,1,inv_mae,expanding,lgbm_reg,0.2284700118179082
e1,AAPL,5,1,inv_mae,expanding,xgb,0.20186282238144398
e1,AAPL,5,2,inv_mae,expanding,elasticnet,0.2038038770404142
e1,AAPL,5,2,inv_mae,expanding,huber,0.200613743095145
e1,AAPL,5,2,inv_mae,expanding,pls,0.20972919155988173
e1,AAPL,5,2,inv_mae,expanding,lgbm_reg,0.20641681055587682
e1,AAPL,5,2,inv_mae,expanding,xgb,0.17943637774868215
e1,AAPL,5,3,inv_mae,expanding,elasticnet,0.1822154940051986
e1,AAPL,5,3,inv_mae,expanding,huber,0.1901858418195619
e1,AAPL,5,3,inv_mae,expanding,pls,0.20185759303762732
e1,AAPL,5,3,inv_mae,expanding,lgbm_reg,0.22172157995732114
e1,AAPL,5,3,inv_mae,expanding,xgb,0.20401949118029108
e1,AAPL,5,4,inv_mae,expanding,elasticnet,0.18217696245366496
e1,AAPL,5,4,inv_mae,expanding,huber,0.18854519271938588
e1,AAPL,5,4,inv_mae,expanding,pls,0.20952414733804794
e1,AAPL,5,4,inv_mae,expanding,lgbm_reg,0.22324890999762007
e1,AAPL,5,4,inv_mae,expanding,xgb,0.1965047874912813
e1,AAPL,5,5,inv_mae,expanding,elasticnet,0.18651445555500107
e1,AAPL,5,5,inv_mae,expanding,huber,0.19208314064603635
e1,AAPL,5,5,inv_mae,expanding,pls,0.20509754026454208
e1,AAPL,5,5,inv_mae,expanding,lgbm_reg,0.21673912910198867
e1,AAPL,5,5,inv_mae,expanding,xgb,0.19956573443243172
e1,AAPL,5,6,inv_mae,expanding,elasticnet,0.18775005297824496
e1,AAPL,5,6,inv_mae,expanding,huber,0.18676610675531544
e1,AAPL,5,6,inv_mae,expanding,pls,0.20909235782886765
e1,AAPL,5,6,inv_mae,expanding,lgbm_reg,0.22022734803582994
e1,AAPL,5,6,inv_mae,expanding,xgb,0.19616413440174194
e1,AAPL,5,7,inv_mae,expanding,elasticnet,0.18956750758589824
e1,AAPL,5,7,inv_mae,expanding,huber,0.18718518508655738
e1,AAPL,5,7,inv_mae,expanding,pls,0.21228934581344475
e1,AAPL,5,7,inv_mae,expanding,lgbm_reg,0.21875883525136267
e1,AAPL,5,7,inv_mae,expanding,xgb,0.19219912626273697
e1,AAPL,5,8,inv_mae,expanding,elasticnet,0.19278178337179278
e1,AAPL,5,8,inv_mae,expanding,huber,0.19110846970177253
e1,AAPL,5,8,inv_mae,expanding,pls,0.21159229128611448
e1,AAPL,5,8,inv_mae,expanding,lgbm_reg,0.21494068591850957
e1,AAPL,5,8,inv_mae,expanding,xgb,0.18957676972181056
e1,AAPL,5,9,inv_mae,expanding,elasticnet,0.19177904001443508
e1,AAPL,5,9,inv_mae,expanding,huber,0.1898472166245868
e1,AAPL,5,9,inv_mae,expanding,pls,0.21383555683847427
e1,AAPL,5,9,inv_mae,expanding,lgbm_reg,0.2135513374701835
e1,AAPL,5,9,inv_mae,expanding,xgb,0.1909868490523203
e1,AAPL,5,10,inv_mae,expanding,elasticnet,0.19135654399588856
e1,AAPL,5,10,inv_mae,expanding,huber,0.19120096436645825
e1,AAPL,5,10,inv_mae,expanding,pls,0.21717040005223048
e1,AAPL,5,10,inv_mae,expanding,lgbm_reg,0.2162316722045685
e1,AAPL,5,10,inv_mae,expanding,xgb,0.18404041938085441
e1,AAPL,5,11,inv_mae,expanding,elasticnet,0.1926196450198051
e1,AAPL,5,11,inv_mae,expanding,huber,0.19156723727327185
e1,AAPL,5,11,inv_mae,expanding,pls,0.21703340491418197
e1,AAPL,5,11,inv_mae,expanding,lgbm_reg,0.21443383030139002
e1,AAPL,5,11,inv_mae,expanding,xgb,0.18434588249135103
e1,AAPL,5,12,inv_mae,expanding,elasticnet,0.19482860086765375
e1,AAPL,5,12,inv_mae,expanding,huber,0.19334465052885152
e1,AAPL,5,12,inv_mae,expanding,pls,0.2159923875595668
e1,AAPL,5,12,inv_mae,expanding,lgbm_reg,0.21186316099531452
e1,AAPL,5,12,inv_mae,expanding,xgb,0.18397120004861342
e1,AAPL,5,13,inv_mae,expanding,elasticnet,0.19524888805787538
e1,AAPL,5,13,inv_mae,expanding,huber,0.19362065290545905
e1,AAPL,5,13,inv_mae,expanding,pls,0.2155164343125037
e1,AAPL,5,13,inv_mae,expanding,lgbm_reg,0.21070527665319966
e1,AAPL,5,13,inv_mae,expanding,xgb,0.18490874807096225
e1,AAPL,5,14,inv_mae,expanding,elasticnet,0.1954755329931423
e1,AAPL,5,14,inv_mae,expanding,huber,0.19344220503548226
e1,AAPL,5,14,inv_mae,expanding,pls,0.2140018579058382
e1,AAPL,5,14,inv_mae,expanding,lgbm_reg,0.2101963145069629
e1,AAPL,5,14,inv_mae,expanding,xgb,0.18688408955857436
e1,AAPL,5,0,inv_mae,last3,elasticnet,0.2
e1,AAPL,5,0,inv_mae,last3,huber,0.2
e1,AAPL,5,0,inv_mae,last3,pls,0.2
e1,AAPL,5,0,inv_mae,last3,lgbm_reg,0.2
e1,AAPL,5,0,inv_mae,last3,xgb,0.2
e1,AAPL,5,1,inv_mae,last3,elasticnet,0.18553027957527876
e1,AAPL,5,1,inv_mae,last3,huber,0.17978469082703663
e1,AAPL,5,1,inv_mae,last3,pls,0.20435219539833238
e1,AAPL,5,1,inv_mae,last3,lgbm_reg,0.2284700118179082
e1,AAPL,5,1,inv_mae,last3,xgb,0.20186282238144398
e1,AAPL,5,2,inv_mae,last3,elasticnet,0.2038038770404142
e1,AAPL,5,2,inv_mae,last3,huber,0.200613743095145
e1,AAPL,5,2,inv_mae,last3,pls,0.20972919155988173
e1,AAPL,5,2,inv_mae,last3,lgbm_reg,0.20641681055587682
e1,AAPL,5,2,inv_mae,last3,xgb,0.17943637774868215
e1,AAPL,5,3,inv_mae,last3,elasticnet,0.1822154940051986
e1,AAPL,5,3,inv_mae,last3,huber,0.1901858418195619
e1,AAPL,5,3,inv_mae,last3,pls,0.20185759303762732
e1,AAPL,5,3,inv_mae,last3,lgbm_reg,0.22172157995732114
e1,AAPL,5,3,inv_mae,last3,xgb,0.20401949118029108
e1,AAPL,5,4,inv_mae,last3,elasticnet,0.1809771736648517
e1,AAPL,5,4,inv_mae,last3,huber,0.1916796307769947
e1,AAPL,5,4,inv_mae,last3,pls,0.21131377126967701
e1,AAPL,5,4,inv_mae,last3,lgbm_reg,0.22140383172155206
e1,AAPL,5,4,inv_mae,last3,xgb,0.1946255925669246
e1,AAPL,5,5,inv_mae,last3,elasticnet,0.17427290102727747
e1,AAPL,5,5,inv_mae,last3,huber,0.18538282581787088
e1,AAPL,5,5,inv_mae,last3,pls,0.20100509513237128
e1,AAPL,5,5,inv_mae,last3,lgbm_reg,0.2239174613121018
e1,AAPL,5,5,inv_mae,last3,xgb,0.21542171671037855
e1,AAPL,5,6,inv_mae,last3,elasticnet,0.19461276864687638
e1,AAPL,5,6,inv_mae,last3,huber,0.18239342992848093
e1,AAPL,5,6,inv_mae,last3,pls,0.2181834132449574
e1,AAPL,5,6,inv_mae,last3,lgbm_reg,0.2180963323524558
e1,AAPL,5,6,inv_mae,last3,xgb,0.18671405582722958
e1,AAPL,5,7,inv_mae,last3,elasticnet,0.20275306136617335
e1,AAPL,5,7,inv_mae,last3,huber,0.18460673177038656
e1,AAPL,5,7,inv_mae,last3,pls,0.21677894271251494
e1,AAPL,5,7,inv_mae,last3,lgbm_reg,0.21102725005652698
e1,AAPL,5,7,inv_mae,last3,xgb,0.18483401409439804
e1,AAPL,5,8,inv_mae,last3,elasticnet,0.2051064820407746
e1,AAPL,5,8,inv_mae,last3,huber,0.18859326090965955
e1,AAPL,5,8,inv_mae,last3,pls,0.2242775312210318
e1,AAPL,5,8,inv_mae,last3,lgbm_reg,0.21077906123476195
e1,AAPL,5,8,inv_mae,last3,xgb,0.17124366459377222
e1,AAPL,5,9,inv_mae,last3,elasticnet,0.2010113278771874
e1,AAPL,5,9,inv_mae,last3,huber,0.19671045463927725
e1,AAPL,5,9,inv_mae,last3,pls,0.22476698434707798
e1,AAPL,5,9,inv_mae,last3,lgbm_reg,0.198421523441848
e1,AAPL,5,9,inv_mae,last3,xgb,0.17908970969460933
e1,AAPL,5,10,inv_mae,last3,elasticnet,0.19458741947011496
e1,AAPL,5,10,inv_mae,last3,huber,0.19916387129163424
e1,AAPL,5,10,inv_mae,last3,pls,0.22691187507326224
e1,AAPL,5,10,inv_mae,last3,lgbm_reg,0.21079715114751285
e1,AAPL,5,10,inv_mae,last3,xgb,0.16853968301747574
e1,AAPL,5,11,inv_mae,last3,elasticnet,0.19191622396013538
e1,AAPL,5,11,inv_mae,last3,huber,0.1924174858340092
e1,AAPL,5,11,inv_mae,last3,pls,0.23103097934322472
e1,AAPL,5,11,inv_mae,last3,lgbm_reg,0.2128434139924168
e1,AAPL,5,11,inv_mae,last3,xgb,0.1717918968702139
e1,AAPL,5,12,inv_mae,last3,elasticnet,0.20202982632085742
e1,AAPL,5,12,inv_mae,last3,huber,0.20171206678920775
e1,AAPL,5,12,inv_mae,last3,pls,0.22085901390645546
e1,AAPL,5,12,inv_mae,last3,lgbm_reg,0.2074291799113262
e1,AAPL,5,12,inv_mae,last3,xgb,0.16796991307215312
e1,AAPL,5,13,inv_mae,last3,elasticnet,0.20884660941353675
e1,AAPL,5,13,inv_mae,last3,huber,0.20170716273740827
e1,AAPL,5,13,inv_mae,last3,pls,0.20943422049240779
e1,AAPL,5,13,inv_mae,last3,lgbm_reg,0.19255853401042497
e1,AAPL,5,13,inv_mae,last3,xgb,0.1874534733462222
e1,AAPL,5,14,inv_mae,last3,elasticnet,0.20606039440311522
e1,AAPL,5,14,inv_mae,last3,huber,0.20012754948997374
e1,AAPL,5,14,inv_mae,last3,pls,0.20270689426185515
e1,AAPL,5,14,inv_mae,last3,lgbm_reg,0.19487596965246065
e1,AAPL,5,14,inv_mae,last3,xgb,0.1962291921925952
e1,AAPL,5,0,mae_da,expanding,elasticnet,0.2
e1,AAPL,5,0,mae_da,expanding,huber,0.2
e1,AAPL,5,0,mae_da,expanding,pls,0.2
e1,AAPL,5,0,mae_da,expanding,lgbm_reg,0.2
e1,AAPL,5,0,mae_da,expanding,xgb,0.2
e1,AAPL,5,1,mae_da,expanding,elasticnet,0.01998733159280648
e1,AAPL,5,1,mae_da,expanding,huber,0.0026350206917987434
e1,AAPL,5,1,mae_da,expanding,pls,0.145286263167312
e1,AAPL,5,1,mae_da,expanding,lgbm_reg,0.7065347931792145
e1,AAPL,5,1,mae_da,expanding,xgb,0.12555659136886818
e1,AAPL,5,2,mae_da,expanding,elasticnet,0.048418713842539235
e1,AAPL,5,2,mae_da,expanding,huber,0.06536495062713191
e1,AAPL,5,2,mae_da,expanding,pls,0.8227957487890769
e1,AAPL,5,2,mae_da,expanding,lgbm_reg,0.06070892203143703
e1,AAPL,5,2,mae_da,expanding,xgb,0.002711664709814699
e1,AAPL,5,3,mae_da,expanding,elasticnet,0.005993285807804251
e1,AAPL,5,3,mae_da,expanding,huber,0.0068974840737599016
e1,AAPL,5,3,mae_da,expanding,pls,0.04721699292289608
e1,AAPL,5,3,mae_da,expanding,lgbm_reg,0.681916476177817
e1,AAPL,5,3,mae_da,expanding,xgb,0.25797576101772285
e1,AAPL,5,4,mae_da,expanding,elasticnet,0.0054788344806927115
e1,AAPL,5,4,mae_da,expanding,huber,0.005918132740930361
e1,AAPL,5,4,mae_da,expanding,pls,0.28258080870026897
e1,AAPL,5,4,mae_da,expanding,lgbm_reg,0.6630536973684603
e1,AAPL,5,4,mae_da,expanding,xgb,0.04296852670964776
e1,AAPL,5,5,mae_da,expanding,elasticnet,0.004535379557974354
e1,AAPL,5,5,mae_da,expanding,huber,0.008042143829412597
e1,AAPL,5,5,mae_da,expanding,pls,0.19377586849973633
e1,AAPL,5,5,mae_da,expanding,lgbm_reg,0.656950286579687
e1,AAPL,5,5,mae_da,expanding,xgb,0.13669632153318972
e1,AAPL,5,6,mae_da,expanding,elasticnet,0.031104450058018627
e1,AAPL,5,6,mae_da,expanding,huber,0.0036612437955012484
e1,AAPL,5,6,mae_da,expanding,pls,0.43899172827951927
e1,AAPL,5,6,mae_da,expanding,lgbm_reg,0.48071858003051215
e1,AAPL,5,6,mae_da,expanding,xgb,0.04552399783644864
e1,AAPL,5,7,mae_da,expanding,elasticnet,0.02452609209536046
e1,AAPL,5,7,mae_da,expanding,huber,0.0033747006107091447
e1,AAPL,5,7,mae_da,expanding,pls,0.42634170235271956
e1,AAPL,5,7,mae_da,expanding,lgbm_reg,0.5168334989064234
e1,AAPL,5,7,mae_da,expanding,xgb,0.02892400603478731
e1,AAPL,5,8,mae_da,expanding,elasticnet,0.024654749350174112
e1,AAPL,5,8,mae_da,expanding,huber,0.004503902127533792
e1,AAPL,5,8,mae_da,expanding,pls,0.5867136942339124
e1,AAPL,5,8,mae_da,expanding,lgbm_reg,0.3702896720891095
e1,AAPL,5,8,mae_da,expanding,xgb,0.01383798219927023
e1,AAPL,5,9,mae_da,expanding,elasticnet,0.015354594962385927
e1,AAPL,5,9,mae_da,expanding,huber,0.0039426593625349815
e1,AAPL,5,9,mae_da,expanding,pls,0.6946873641701969
e1,AAPL,5,9,mae_da,expanding,lgbm_reg,0.2651646400729105
e1,AAPL,5,9,mae_da,expanding,xgb,0.020850741431971676
e1,AAPL,5,10,mae_da,expanding,elasticnet,0.014899002229229102
e1,AAPL,5,10,mae_da,expanding,huber,0.006183663933030675
e1,AAPL,5,10,mae_da,expanding,pls,0.7373024115859439
e1,AAPL,5,10,mae_da,expanding,lgbm_reg,0.23275616414621123
e1,AAPL,5,10,mae_da,expanding,xgb,0.008858758105585172
e1,AAPL,5,11,mae_da,expanding,elasticnet,0.015522304175692732
e1,AAPL,5,11,mae_da,expanding,huber,0.006304042201309878
e1,AAPL,5,11,mae_da,expanding,pls,0.7343279964628537
e1,AAPL,5,11,mae_da,expanding,lgbm_reg,0.23641121414242064
e1,AAPL,5,11,mae_da,expanding,xgb,0.007434443017722873
e1,AAPL,5,12,mae_da,expanding,elasticnet,0.0195580161667305
e1,AAPL,5,12,mae_da,expanding,huber,0.007731151679248385
e1,AAPL,5,12,mae_da,expanding,pls,0.8071167832967792
e1,AAPL,5,12,mae_da,expanding,lgbm_reg,0.16094671303783809
e1,AAPL,5,12,mae_da,expanding,xgb,0.004647335819403707
e1,AAPL,5,13,mae_da,expanding,elasticnet,0.018753527734477065
e1,AAPL,5,13,mae_da,expanding,huber,0.007508858787555694
e1,AAPL,5,13,mae_da,expanding,pls,0.8108987697431613
e1,AAPL,5,13,mae_da,expanding,lgbm_reg,0.15819261732734652
e1,AAPL,5,13,mae_da,expanding,xgb,0.00464622640745945
e1,AAPL,5,14,mae_da,expanding,elasticnet,0.018840888659228523
e1,AAPL,5,14,mae_da,expanding,huber,0.006527181798447774
e1,AAPL,5,14,mae_da,expanding,pls,0.762413792264717
e1,AAPL,5,14,mae_da,expanding,lgbm_reg,0.2065641759205695
e1,AAPL,5,14,mae_da,expanding,xgb,0.005653961357037332
e1,AAPL,5,0,mae_da,last3,elasticnet,0.2
e1,AAPL,5,0,mae_da,last3,huber,0.2
e1,AAPL,5,0,mae_da,last3,pls,0.2
e1,AAPL,5,0,mae_da,last3,lgbm_reg,0.2
e1,AAPL,5,0,mae_da,last3,xgb,0.2
e1,AAPL,5,1,mae_da,last3,elasticnet,0.01998733159280648
e1,AAPL,5,1,mae_da,last3,huber,0.0026350206917987434
e1,AAPL,5,1,mae_da,last3,pls,0.145286263167312
e1,AAPL,5,1,mae_da,last3,lgbm_reg,0.7065347931792145
e1,AAPL,5,1,mae_da,last3,xgb,0.12555659136886818
e1,AAPL,5,2,mae_da,last3,elasticnet,0.048418713842539235
e1,AAPL,5,2,mae_da,last3,huber,0.06536495062713191
e1,AAPL,5,2,mae_da,last3,pls,0.8227957487890769
e1,AAPL,5,2,mae_da,last3,lgbm_reg,0.06070892203143703
e1,AAPL,5,2,mae_da,last3,xgb,0.002711664709814699
e1,AAPL,5,3,mae_da,last3,elasticnet,0.005993285807804251
e1,AAPL,5,3,mae_da,last3,huber,0.0068974840737599016
e1,AAPL,5,3,mae_da,last3,pls,0.04721699292289608
e1,AAPL,5,3,mae_da,last3,lgbm_reg,0.681916476177817
e1,AAPL,5,3,mae_da,last3,xgb,0.25797576101772285
e1,AAPL,5,4,mae_da,last3,elasticnet,0.0036623026648766595
e1,AAPL,5,4,mae_da,last3,huber,0.01099540939790339
e1,AAPL,5,4,mae_da,last3,pls,0.362941899809723
e1,AAPL,5,4,mae_da,last3,lgbm_reg,0.5945860924241052
e1,AAPL,5,4,mae_da,last3,xgb,0.02781429570339178
e1,AAPL,5,5,mae_da,last3,elasticnet,0.004402343643249727
e1,AAPL,5,5,mae_da,last3,huber,0.007344146105878939
e1,AAPL,5,5,mae_da,last3,pls,0.0694673901775273
e1,AAPL,5,5,mae_da,last3,lgbm_reg,0.5132169505610259
e1,AAPL,5,5,mae_da,last3,xgb,0.40556916951231814
e1,AAPL,5,6,mae_da,last3,elasticnet,0.06660357237009805
e1,AAPL,5,6,mae_da,last3,huber,0.003449382110220302
e1,AAPL,5,6,mae_da,last3,pls,0.7087739644127312
e1,AAPL,5,6,mae_da,last3,lgbm_reg,0.2077111921790732
e1,AAPL,5,6,mae_da,last3,xgb,0.013461888927877289
e1,AAPL,5,7,mae_da,last3,elasticnet,0.20241079154620245
e1,AAPL,5,7,mae_da,last3,huber,0.0033356936099476404
e1,AAPL,5,7,mae_da,last3,pls,0.5454156621462418
e1,AAPL,5,7,mae_da,last3,lgbm_reg,0.23081060315878177
e1,AAPL,5,7,mae_da,last3,xgb,0.018027249538826333
e1,AAPL,5,8,mae_da,last3,elasticnet,0.09441082417312059
e1,AAPL,5,8,mae_da,last3,huber,0.006425936857240364
e1,AAPL,5,8,mae_da,last3,pls,0.7394718657001998
e1,AAPL,5,8,mae_da,last3,lgbm_reg,0.1543197918732125
e1,AAPL,5,8,mae_da,last3,xgb,0.0053715813962267045
e1,AAPL,5,9,mae_da,last3,elasticnet,0.020369596829581248
e1,AAPL,5,9,mae_da,last3,huber,0.008094693454862054
e1,AAPL,5,9,mae_da,last3,pls,0.9037779375796996
e1,AAPL,5,9,mae_da,last3,lgbm_reg,0.059168115741474375
e1,AAPL,5,9,mae_da,last3,xgb,0.008589656394382863
e1,AAPL,5,10,mae_da,last3,elasticnet,0.013576233213686147
e1,AAPL,5,10,mae_da,last3,huber,0.018940342296166833
e1,AAPL,5,10,mae_da,last3,pls,0.8831402743108097
e1,AAPL,5,10,mae_da,last3,lgbm_reg,0.0807740930675041
e1,AAPL,5,10,mae_da,last3,xgb,0.0035690571118333144
e1,AAPL,5,11,mae_da,last3,elasticnet,0.009769093757870948
e1,AAPL,5,11,mae_da,last3,huber,0.01374675100251362
e1,AAPL,5,11,mae_da,last3,pls,0.848879991581624
e1,AAPL,5,11,mae_da,last3,lgbm_reg,0.12352034747247495
e1,AAPL,5,11,mae_da,last3,xgb,0.004083816185516679
e1,AAPL,5,12,mae_da,last3,elasticnet,0.1100077246993747
e1,AAPL,5,12,mae_da,last3,huber,0.22653802799276948
e1,AAPL,5,12,mae_da,last3,pls,0.5571753304395096
e1,AAPL,5,12,mae_da,last3,lgbm_reg,0.10436964677438691
e1,AAPL,5,12,mae_da,last3,xgb,0.0019092700939591619
e1,AAPL,5,13,mae_da,last3,elasticnet,0.30719195580207187
e1,AAPL,5,13,mae_da,last3,huber,0.18194477858331995
e1,AAPL,5,13,mae_da,last3,pls,0.48277806788384536
e1,AAPL,5,13,mae_da,last3,lgbm_reg,0.025532900446515627
e1,AAPL,5,13,mae_da,last3,xgb,0.0025522972842471647
e1,AAPL,5,14,mae_da,last3,elasticnet,0.7038959177372279
e1,AAPL,5,14,mae_da,last3,huber,0.09535093905801963
e1,AAPL,5,14,mae_da,last3,pls,0.17774417588960198
e1,AAPL,5,14,mae_da,last3,lgbm_reg,0.01944076279405451
e1,AAPL,5,14,mae_da,last3,xgb,0.0035682045210958468
e1,AAPL,5,0,softmax_ic,expanding,elasticnet,0.2
e1,AAPL,5,0,softmax_ic,expanding,huber,0.2
e1,AAPL,5,0,softmax_ic,expanding,pls,0.2
e1,AAPL,5,0,softmax_ic,expanding,lgbm_reg,0.2
e1,AAPL,5,0,softmax_ic,expanding,xgb,0.2
e1,AAPL,5,1,softmax_ic,expanding,elasticnet,0.035591184947414777
e1,AAPL,5,1,softmax_ic,expanding,huber,0.022557588854829596
e1,AAPL,5,1,softmax_ic,expanding,pls,0.3624941066241439
e1,AAPL,5,1,softmax_ic,expanding,lgbm_reg,0.41996142809251447
e1,AAPL,5,1,softmax_ic,expanding,xgb,0.15939569148109717
e1,AAPL,5,2,softmax_ic,expanding,elasticnet,0.35528529824703864
e1,AAPL,5,2,softmax_ic,expanding,huber,0.20534305797409189
e1,AAPL,5,2,softmax_ic,expanding,pls,0.23088703808921138
e1,AAPL,5,2,softmax_ic,expanding,lgbm_reg,0.09974953865438783
e1,AAPL,5,2,softmax_ic,expanding,xgb,0.10873506703527028
e1,AAPL,5,3,softmax_ic,expanding,elasticnet,0.2326530907736055
e1,AAPL,5,3,softmax_ic,expanding,huber,0.16567445572469702
e1,AAPL,5,3,softmax_ic,expanding,pls,0.0915005809499824
e1,AAPL,5,3,softmax_ic,expanding,lgbm_reg,0.19407301495028598
e1,AAPL,5,3,softmax_ic,expanding,xgb,0.3160988576014291
e1,AAPL,5,4,softmax_ic,expanding,elasticnet,0.200940610794874
e1,AAPL,5,4,softmax_ic,expanding,huber,0.24064555604093213
e1,AAPL,5,4,softmax_ic,expanding,pls,0.13137648633674506
e1,AAPL,5,4,softmax_ic,expanding,lgbm_reg,0.17839870192203752
e1,AAPL,5,4,softmax_ic,expanding,xgb,0.24863864490541127
e1,AAPL,5,5,softmax_ic,expanding,elasticnet,0.23706577093936715
e1,AAPL,5,5,softmax_ic,expanding,huber,0.2695689126998333
e1,AAPL,5,5,softmax_ic,expanding,pls,0.11057574351844071
e1,AAPL,5,5,softmax_ic,expanding,lgbm_reg,0.14905425976362074
e1,AAPL,5,5,softmax_ic,expanding,xgb,0.2337353130787381
e1,AAPL,5,6,softmax_ic,expanding,elasticnet,0.28932925863496495
e1,AAPL,5,6,softmax_ic,expanding,huber,0.2307962705444786
e1,AAPL,5,6,softmax_ic,expanding,pls,0.15895832346740305
e1,AAPL,5,6,softmax_ic,expanding,lgbm_reg,0.14392960988043807
e1,AAPL,5,6,softmax_ic,expanding,xgb,0.1769865374727154
e1,AAPL,5,7,softmax_ic,expanding,elasticnet,0.3065346630283867
e1,AAPL,5,7,softmax_ic,expanding,huber,0.22661509082003722
e1,AAPL,5,7,softmax_ic,expanding,pls,0.1782436310335871
e1,AAPL,5,7,softmax_ic,expanding,lgbm_reg,0.1285724503468154
e1,AAPL,5,7,softmax_ic,expanding,xgb,0.16003416477117363
e1,AAPL,5,8,softmax_ic,expanding,elasticnet,0.3344065218399918
e1,AAPL,5,8,softmax_ic,expanding,huber,0.2384165084001578
e1,AAPL,5,8,softmax_ic,expanding,pls,0.2185580171328889
e1,AAPL,5,8,softmax_ic,expanding,lgbm_reg,0.10094716652687469
e1,AAPL,5,8,softmax_ic,expanding,xgb,0.10767178610008682
e1,AAPL,5,9,softmax_ic,expanding,elasticnet,0.2927679173598073
e1,AAPL,5,9,softmax_ic,expanding,huber,0.2372883582559618
e1,AAPL,5,9,softmax_ic,expanding,pls,0.23163396523476246
e1,AAPL,5,9,softmax_ic,expanding,lgbm_reg,0.09652253797339931
e1,AAPL,5,9,softmax_ic,expanding,xgb,0.14178722117606904
e1,AAPL,5,10,softmax_ic,expanding,elasticnet,0.24822217375437577
e1,AAPL,5,10,softmax_ic,expanding,huber,0.25112900596226945
e1,AAPL,5,10,softmax_ic,expanding,pls,0.27187558120724803
e1,AAPL,5,10,softmax_ic,expanding,lgbm_reg,0.1265703232041486
e1,AAPL,5,10,softmax_ic,expanding,xgb,0.1022029158719581
e1,AAPL,5,11,softmax_ic,expanding,elasticnet,0.25588149503734825
e1,AAPL,5,11,softmax_ic,expanding,huber,0.23015794470203718
e1,AAPL,5,11,softmax_ic,expanding,pls,0.30114472790627783
e1,AAPL,5,11,softmax_ic,expanding,lgbm_reg,0.11683494092390197
e1,AAPL,5,11,softmax_ic,expanding,xgb,0.09598089143043484
e1,AAPL,5,12,softmax_ic,expanding,elasticnet,0.27439547545319476
e1,AAPL,5,12,softmax_ic,expanding,huber,0.22742759265856877
e1,AAPL,5,12,softmax_ic,expanding,pls,0.29919606577530505
e1,AAPL,5,12,softmax_ic,expanding,lgbm_reg,0.11288959189627379
e1,AAPL,5,12,softmax_ic,expanding,xgb,0.08609127421665774
e1,AAPL,5,13,softmax_ic,expanding,elasticnet,0.2690950781658883
e1,AAPL,5,13,softmax_ic,expanding,huber,0.22182228225541425
e1,AAPL,5,13,softmax_ic,expanding,pls,0.3027241635028228
e1,AAPL,5,13,softmax_ic,expanding,lgbm_reg,0.11309370772365629
e1,AAPL,5,13,softmax_ic,expanding,xgb,0.09326476835221849
e1,AAPL,5,14,softmax_ic,expanding,elasticnet,0.2769627249569715
e1,AAPL,5,14,softmax_ic,expanding,huber,0.2086862017793963
e1,AAPL,5,14,softmax_ic,expanding,pls,0.2869401149971068
e1,AAPL,5,14,softmax_ic,expanding,lgbm_reg,0.11980564503982713
e1,AAPL,5,14,softmax_ic,expanding,xgb,0.10760531322669824
e1,AAPL,5,0,softmax_ic,last3,elasticnet,0.2
e1,AAPL,5,0,softmax_ic,last3,huber,0.2
e1,AAPL,5,0,softmax_ic,last3,pls,0.2
e1,AAPL,5,0,softmax_ic,last3,lgbm_reg,0.2
e1,AAPL,5,0,softmax_ic,last3,xgb,0.2
e1,AAPL,5,1,softmax_ic,last3,elasticnet,0.035591184947414777
e1,AAPL,5,1,softmax_ic,last3,huber,0.022557588854829596
e1,AAPL,5,1,softmax_ic,last3,pls,0.3624941066241439
e1,AAPL,5,1,softmax_ic,last3,lgbm_reg,0.41996142809251447
e1,AAPL,5,1,softmax_ic,last3,xgb,0.15939569148109717
e1,AAPL,5,2,softmax_ic,last3,elasticnet,0.35528529824703864
e1,AAPL,5,2,softmax_ic,last3,huber,0.20534305797409189
e1,AAPL,5,2,softmax_ic,last3,pls,0.23088703808921138
e1,AAPL,5,2,softmax_ic,last3,lgbm_reg,0.09974953865438783
e1,AAPL,5,2,softmax_ic,last3,xgb,0.10873506703527028
e1,AAPL,5,3,softmax_ic,last3,elasticnet,0.2326530907736055
e1,AAPL,5,3,softmax_ic,last3,huber,0.16567445572469702
e1,AAPL,5,3,softmax_ic,last3,pls,0.0915005809499824
e1,AAPL,5,3,softmax_ic,last3,lgbm_reg,0.19407301495028598
e1,AAPL,5,3,softmax_ic,last3,xgb,0.3160988576014291
e1,AAPL,5,4,softmax_ic,last3,elasticnet,0.24243604721147638
e1,AAPL,5,4,softmax_ic,last3,huber,0.38774255581157174
e1,AAPL,5,4,softmax_ic,last3,pls,0.09026309009500542
e1,AAPL,5,4,softmax_ic,last3,lgbm_reg,0.08999423149368693
e1,AAPL,5,4,softmax_ic,last3,xgb,0.18956407538825965
e1,AAPL,5,5,softmax_ic,last3,elasticnet,0.15930819244717073
e1,AAPL,5,5,softmax_ic,last3,huber,0.27278428216976786
e1,AAPL,5,5,softmax_ic,last3,pls,0.058704103527286625
e1,AAPL,5,5,softmax_ic,last3,lgbm_reg,0.1752506657182263
e1,AAPL,5,5,softmax_ic,last3,xgb,0.3339527561375484
e1,AAPL,5,6,softmax_ic,last3,elasticnet,0.37557988790476465
e1,AAPL,5,6,softmax_ic,last3,huber,0.26644265177233173
e1,AAPL,5,6,softmax_ic,last3,pls,0.2183220200037784
e1,AAPL,5,6,softmax_ic,last3,lgbm_reg,0.08226207130216823
e1,AAPL,5,6,softmax_ic,last3,xgb,0.05739336901695708
e1,AAPL,5,7,softmax_ic,last3,elasticnet,0.5225142495345307
e1,AAPL,5,7,softmax_ic,last3,huber,0.1561740475591469
e1,AAPL,5,7,softmax_ic,last3,pls,0.21461143114114212
e1,AAPL,5,7,softmax_ic,last3,lgbm_reg,0.05117977404598955
e1,AAPL,5,7,softmax_ic,last3,xgb,0.05552049771919076
e1,AAPL,5,8,softmax_ic,last3,elasticnet,0.37957849558465145
e1,AAPL,5,8,softmax_ic,last3,huber,0.11451149030021125
e1,AAPL,5,8,softmax_ic,last3,pls,0.46142703441971816
e1,AAPL,5,8,softmax_ic,last3,lgbm_reg,0.03028980509618875
e1,AAPL,5,8,softmax_ic,last3,xgb,0.014193174599230347
e1,AAPL,5,9,softmax_ic,last3,elasticnet,0.2579619836740796
e1,AAPL,5,9,softmax_ic,last3,huber,0.15279361678847833
e1,AAPL,5,9,softmax_ic,last3,pls,0.5334244602419073
e1,AAPL,5,9,softmax_ic,last3,lgbm_reg,0.02138985025982228
e1,AAPL,5,9,softmax_ic,last3,xgb,0.0344300890357127
e1,AAPL,5,10,softmax_ic,last3,elasticnet,0.11791117792880437
e1,AAPL,5,10,softmax_ic,last3,huber,0.16388878628321454
e1,AAPL,5,10,softmax_ic,last3,pls,0.6619784827369294
e1,AAPL,5,10,softmax_ic,last3,lgbm_reg,0.04170779110969213
e1,AAPL,5,10,softmax_ic,last3,xgb,0.014513761941359605
e1,AAPL,5,11,softmax_ic,last3,elasticnet,0.06194840699139312
e1,AAPL,5,11,softmax_ic,last3,huber,0.04480446469279359
e1,AAPL,5,11,softmax_ic,last3,pls,0.8130678907737774
e1,AAPL,5,11,softmax_ic,last3,lgbm_reg,0.05419718729193337
e1,AAPL,5,11,softmax_ic,last3,xgb,0.025982050250102504
e1,AAPL,5,12,softmax_ic,last3,elasticnet,0.2535340933846566
e1,AAPL,5,12,softmax_ic,last3,huber,0.24307473051157535
e1,AAPL,5,12,softmax_ic,last3,pls,0.3846419475354828
e1,AAPL,5,12,softmax_ic,last3,lgbm_reg,0.10485719860800166
e1,AAPL,5,12,softmax_ic,last3,xgb,0.013892029960283669
e1,AAPL,5,13,softmax_ic,last3,elasticnet,0.3955819836523982
e1,AAPL,5,13,softmax_ic,last3,huber,0.11676049317083499
e1,AAPL,5,13,softmax_ic,last3,pls,0.38594821576049254
e1,AAPL,5,13,softmax_ic,last3,lgbm_reg,0.05605587351106877
e1,AAPL,5,13,softmax_ic,last3,xgb,0.04565343390520542
e1,AAPL,5,14,softmax_ic,last3,elasticnet,0.40410985893865364
e1,AAPL,5,14,softmax_ic,last3,huber,0.14860098552482495
e1,AAPL,5,14,softmax_ic,last3,pls,0.16777444619419515
e1,AAPL,5,14,softmax_ic,last3,lgbm_reg,0.12322064392761498
e1,AAPL,5,14,softmax_ic,last3,xgb,0.15629406541471136
e1,AAPL,5,0,best_recent,expanding,elasticnet,0.2
e1,AAPL,5,0,best_recent,expanding,huber,0.2
e1,AAPL,5,0,best_recent,expanding,pls,0.2
e1,AAPL,5,0,best_recent,expanding,lgbm_reg,0.2
e1,AAPL,5,0,best_recent,expanding,xgb,0.2
e1,AAPL,5,1,best_recent,expanding,elasticnet,0.0
e1,AAPL,5,1,best_recent,expanding,huber,0.0
e1,AAPL,5,1,best_recent,expanding,pls,0.0
e1,AAPL,5,1,best_recent,expanding,lgbm_reg,1.0
e1,AAPL,5,1,best_recent,expanding,xgb,0.0
e1,AAPL,5,2,best_recent,expanding,elasticnet,1.0
e1,AAPL,5,2,best_recent,expanding,huber,0.0
e1,AAPL,5,2,best_recent,expanding,pls,0.0
e1,AAPL,5,2,best_recent,expanding,lgbm_reg,0.0
e1,AAPL,5,2,best_recent,expanding,xgb,0.0
e1,AAPL,5,3,best_recent,expanding,elasticnet,0.0
e1,AAPL,5,3,best_recent,expanding,huber,0.0
e1,AAPL,5,3,best_recent,expanding,pls,0.0
e1,AAPL,5,3,best_recent,expanding,lgbm_reg,0.0
e1,AAPL,5,3,best_recent,expanding,xgb,1.0
e1,AAPL,5,4,best_recent,expanding,elasticnet,0.0
e1,AAPL,5,4,best_recent,expanding,huber,0.0
e1,AAPL,5,4,best_recent,expanding,pls,0.0
e1,AAPL,5,4,best_recent,expanding,lgbm_reg,0.0
e1,AAPL,5,4,best_recent,expanding,xgb,1.0
e1,AAPL,5,5,best_recent,expanding,elasticnet,0.0
e1,AAPL,5,5,best_recent,expanding,huber,1.0
e1,AAPL,5,5,best_recent,expanding,pls,0.0
e1,AAPL,5,5,best_recent,expanding,lgbm_reg,0.0
e1,AAPL,5,5,best_recent,expanding,xgb,0.0
e1,AAPL,5,6,best_recent,expanding,elasticnet,1.0
e1,AAPL,5,6,best_recent,expanding,huber,0.0
e1,AAPL,5,6,best_recent,expanding,pls,0.0
e1,AAPL,5,6,best_recent,expanding,lgbm_reg,0.0
e1,AAPL,5,6,best_recent,expanding,xgb,0.0
e1,AAPL,5,7,best_recent,expanding,elasticnet,1.0
e1,AAPL,5,7,best_recent,expanding,huber,0.0
e1,AAPL,5,7,best_recent,expanding,pls,0.0
e1,AAPL,5,7,best_recent,expanding,lgbm_reg,0.0
e1,AAPL,5,7,best_recent,expanding,xgb,0.0
e1,AAPL,5,8,best_recent,expanding,elasticnet,1.0
e1,AAPL,5,8,best_recent,expanding,huber,0.0
e1,AAPL,5,8,best_recent,expanding,pls,0.0
e1,AAPL,5,8,best_recent,expanding,lgbm_reg,0.0
e1,AAPL,5,8,best_recent,expanding,xgb,0.0
e1,AAPL,5,9,best_recent,expanding,elasticnet,1.0
e1,AAPL,5,9,best_recent,expanding,huber,0.0
e1,AAPL,5,9,best_recent,expanding,pls,0.0
e1,AAPL,5,9,best_recent,expanding,lgbm_reg,0.0
e1,AAPL,5,9,best_recent,expanding,xgb,0.0
e1,AAPL,5,10,best_recent,expanding,elasticnet,0.0
e1,AAPL,5,10,best_recent,expanding,huber,0.0
e1,AAPL,5,10,best_recent,expanding,pls,1.0
e1,AAPL,5,10,best_recent,expanding,lgbm_reg,0.0
e1,AAPL,5,10,best_recent,expanding,xgb,0.0
e1,AAPL,5,11,best_recent,expanding,elasticnet,0.0
e1,AAPL,5,11,best_recent,expanding,huber,0.0
e1,AAPL,5,11,best_recent,expanding,pls,1.0
e1,AAPL,5,11,best_recent,expanding,lgbm_reg,0.0
e1,AAPL,5,11,best_recent,expanding,xgb,0.0
e1,AAPL,5,12,best_recent,expanding,elasticnet,0.0
e1,AAPL,5,12,best_recent,expanding,huber,0.0
e1,AAPL,5,12,best_recent,expanding,pls,1.0
e1,AAPL,5,12,best_recent,expanding,lgbm_reg,0.0
e1,AAPL,5,12,best_recent,expanding,xgb,0.0
e1,AAPL,5,13,best_recent,expanding,elasticnet,0.0
e1,AAPL,5,13,best_recent,expanding,huber,0.0
e1,AAPL,5,13,best_recent,expanding,pls,1.0
e1,AAPL,5,13,best_recent,expanding,lgbm_reg,0.0
e1,AAPL,5,13,best_recent,expanding,xgb,0.0
e1,AAPL,5,14,best_recent,expanding,elasticnet,0.0
e1,AAPL,5,14,best_recent,expanding,huber,0.0
e1,AAPL,5,14,best_recent,expanding,pls,1.0
e1,AAPL,5,14,best_recent,expanding,lgbm_reg,0.0
e1,AAPL,5,14,best_recent,expanding,xgb,0.0
e1,AAPL,5,0,best_recent,last3,elasticnet,0.2
e1,AAPL,5,0,best_recent,last3,huber,0.2
e1,AAPL,5,0,best_recent,last3,pls,0.2
e1,AAPL,5,0,best_recent,last3,lgbm_reg,0.2
e1,AAPL,5,0,best_recent,last3,xgb,0.2
e1,AAPL,5,1,best_recent,last3,elasticnet,0.0
e1,AAPL,5,1,best_recent,last3,huber,0.0
e1,AAPL,5,1,best_recent,last3,pls,0.0
e1,AAPL,5,1,best_recent,last3,lgbm_reg,1.0
e1,AAPL,5,1,best_recent,last3,xgb,0.0
e1,AAPL,5,2,best_recent,last3,elasticnet,1.0
e1,AAPL,5,2,best_recent,last3,huber,0.0
e1,AAPL,5,2,best_recent,last3,pls,0.0
e1,AAPL,5,2,best_recent,last3,lgbm_reg,0.0
e1,AAPL,5,2,best_recent,last3,xgb,0.0
e1,AAPL,5,3,best_recent,last3,elasticnet,0.0
e1,AAPL,5,3,best_recent,last3,huber,0.0
e1,AAPL,5,3,best_recent,last3,pls,0.0
e1,AAPL,5,3,best_recent,last3,lgbm_reg,0.0
e1,AAPL,5,3,best_recent,last3,xgb,1.0
e1,AAPL,5,4,best_recent,last3,elasticnet,0.0
e1,AAPL,5,4,best_recent,last3,huber,1.0
e1,AAPL,5,4,best_recent,last3,pls,0.0
e1,AAPL,5,4,best_recent,last3,lgbm_reg,0.0
e1,AAPL,5,4,best_recent,last3,xgb,0.0
e1,AAPL,5,5,best_recent,last3,elasticnet,0.0
e1,AAPL,5,5,best_recent,last3,huber,0.0
e1,AAPL,5,5,best_recent,last3,pls,0.0
e1,AAPL,5,5,best_recent,last3,lgbm_reg,0.0
e1,AAPL,5,5,best_recent,last3,xgb,1.0
e1,AAPL,5,6,best_recent,last3,elasticnet,1.0
e1,AAPL,5,6,best_recent,last3,huber,0.0
e1,AAPL,5,6,best_recent,last3,pls,0.0
e1,AAPL,5,6,best_recent,last3,lgbm_reg,0.0
e1,AAPL,5,6,best_recent,last3,xgb,0.0
e1,AAPL,5,7,best_recent,last3,elasticnet,1.0
e1,AAPL,5,7,best_recent,last3,huber,0.0
e1,AAPL,5,7,best_recent,last3,pls,0.0
e1,AAPL,5,7,best_recent,last3,lgbm_reg,0.0
e1,AAPL,5,7,best_recent,last3,xgb,0.0
e1,AAPL,5,8,best_recent,last3,elasticnet,0.0
e1,AAPL,5,8,best_recent,last3,huber,0.0
e1,AAPL,5,8,best_recent,last3,pls,1.0
e1,AAPL,5,8,best_recent,last3,lgbm_reg,0.0
e1,AAPL,5,8,best_recent,last3,xgb,0.0
e1,AAPL,5,9,best_recent,last3,elasticnet,0.0
e1,AAPL,5,9,best_recent,last3,huber,0.0
e1,AAPL,5,9,best_recent,last3,pls,1.0
e1,AAPL,5,9,best_recent,last3,lgbm_reg,0.0
e1,AAPL,5,9,best_recent,last3,xgb,0.0
e1,AAPL,5,10,best_recent,last3,elasticnet,0.0
e1,AAPL,5,10,best_recent,last3,huber,0.0
e1,AAPL,5,10,best_recent,last3,pls,1.0
e1,AAPL,5,10,best_recent,last3,lgbm_reg,0.0
e1,AAPL,5,10,best_recent,last3,xgb,0.0
e1,AAPL,5,11,best_recent,last3,elasticnet,0.0
e1,AAPL,5,11,best_recent,last3,huber,0.0
e1,AAPL,5,11,best_recent,last3,pls,1.0
e1,AAPL,5,11,best_recent,last3,lgbm_reg,0.0
e1,AAPL,5,11,best_recent,last3,xgb,0.0
e1,AAPL,5,12,best_recent,last3,elasticnet,0.0
e1,AAPL,5,12,best_recent,last3,huber,0.0
e1,AAPL,5,12,best_recent,last3,pls,1.0
e1,AAPL,5,12,best_recent,last3,lgbm_reg,0.0
e1,AAPL,5,12,best_recent,last3,xgb,0.0
e1,AAPL,5,13,best_recent,last3,elasticnet,1.0
e1,AAPL,5,13,best_recent,last3,huber,0.0
e1,AAPL,5,13,best_recent,last3,pls,0.0
e1,AAPL,5,13,best_recent,last3,lgbm_reg,0.0
e1,AAPL,5,13,best_recent,last3,xgb,0.0
e1,AAPL,5,14,best_recent,last3,elasticnet,1.0
e1,AAPL,5,14,best_recent,last3,huber,0.0
e1,AAPL,5,14,best_recent,last3,pls,0.0
e1,AAPL,5,14,best_recent,last3,lgbm_reg,0.0
e1,AAPL,5,14,best_recent,last3,xgb,0.0
e1,AAPL,21,0,equal,expanding,elasticnet,0.2
e1,AAPL,21,0,equal,expanding,huber,0.2
e1,AAPL,21,0,equal,expanding,pls,0.2
e1,AAPL,21,0,equal,expanding,lgbm_reg,0.2
e1,AAPL,21,0,equal,expanding,xgb,0.2
e1,AAPL,21,1,equal,expanding,elasticnet,0.2
e1,AAPL,21,1,equal,expanding,huber,0.2
e1,AAPL,21,1,equal,expanding,pls,0.2
e1,AAPL,21,1,equal,expanding,lgbm_reg,0.2
e1,AAPL,21,1,equal,expanding,xgb,0.2
e1,AAPL,21,2,equal,expanding,elasticnet,0.2
e1,AAPL,21,2,equal,expanding,huber,0.2
e1,AAPL,21,2,equal,expanding,pls,0.2
e1,AAPL,21,2,equal,expanding,lgbm_reg,0.2
e1,AAPL,21,2,equal,expanding,xgb,0.2
e1,AAPL,21,3,equal,expanding,elasticnet,0.2
e1,AAPL,21,3,equal,expanding,huber,0.2
e1,AAPL,21,3,equal,expanding,pls,0.2
e1,AAPL,21,3,equal,expanding,lgbm_reg,0.2
e1,AAPL,21,3,equal,expanding,xgb,0.2
e1,AAPL,21,4,equal,expanding,elasticnet,0.2
e1,AAPL,21,4,equal,expanding,huber,0.2
e1,AAPL,21,4,equal,expanding,pls,0.2
e1,AAPL,21,4,equal,expanding,lgbm_reg,0.2
e1,AAPL,21,4,equal,expanding,xgb,0.2
e1,AAPL,21,5,equal,expanding,elasticnet,0.2
e1,AAPL,21,5,equal,expanding,huber,0.2
e1,AAPL,21,5,equal,expanding,pls,0.2
e1,AAPL,21,5,equal,expanding,lgbm_reg,0.2
e1,AAPL,21,5,equal,expanding,xgb,0.2
e1,AAPL,21,6,equal,expanding,elasticnet,0.2
e1,AAPL,21,6,equal,expanding,huber,0.2
e1,AAPL,21,6,equal,expanding,pls,0.2
e1,AAPL,21,6,equal,expanding,lgbm_reg,0.2
e1,AAPL,21,6,equal,expanding,xgb,0.2
e1,AAPL,21,7,equal,expanding,elasticnet,0.2
e1,AAPL,21,7,equal,expanding,huber,0.2
e1,AAPL,21,7,equal,expanding,pls,0.2
e1,AAPL,21,7,equal,expanding,lgbm_reg,0.2
e1,AAPL,21,7,equal,expanding,xgb,0.2
e1,AAPL,21,8,equal,expanding,elasticnet,0.2
e1,AAPL,21,8,equal,expanding,huber,0.2
e1,AAPL,21,8,equal,expanding,pls,0.2
e1,AAPL,21,8,equal,expanding,lgbm_reg,0.2
e1,AAPL,21,8,equal,expanding,xgb,0.2
e1,AAPL,21,9,equal,expanding,elasticnet,0.2
e1,AAPL,21,9,equal,expanding,huber,0.2
e1,AAPL,21,9,equal,expanding,pls,0.2
e1,AAPL,21,9,equal,expanding,lgbm_reg,0.2
e1,AAPL,21,9,equal,expanding,xgb,0.2
e1,AAPL,21,10,equal,expanding,elasticnet,0.2
e1,AAPL,21,10,equal,expanding,huber,0.2
e1,AAPL,21,10,equal,expanding,pls,0.2
e1,AAPL,21,10,equal,expanding,lgbm_reg,0.2
e1,AAPL,21,10,equal,expanding,xgb,0.2
e1,AAPL,21,11,equal,expanding,elasticnet,0.2
e1,AAPL,21,11,equal,expanding,huber,0.2
e1,AAPL,21,11,equal,expanding,pls,0.2
e1,AAPL,21,11,equal,expanding,lgbm_reg,0.2
e1,AAPL,21,11,equal,expanding,xgb,0.2
e1,AAPL,21,12,equal,expanding,elasticnet,0.2
e1,AAPL,21,12,equal,expanding,huber,0.2
e1,AAPL,21,12,equal,expanding,pls,0.2
e1,AAPL,21,12,equal,expanding,lgbm_reg,0.2
e1,AAPL,21,12,equal,expanding,xgb,0.2
e1,AAPL,21,13,equal,expanding,elasticnet,0.2
e1,AAPL,21,13,equal,expanding,huber,0.2
e1,AAPL,21,13,equal,expanding,pls,0.2
e1,AAPL,21,13,equal,expanding,lgbm_reg,0.2
e1,AAPL,21,13,equal,expanding,xgb,0.2
e1,AAPL,21,14,equal,expanding,elasticnet,0.2
e1,AAPL,21,14,equal,expanding,huber,0.2
e1,AAPL,21,14,equal,expanding,pls,0.2
e1,AAPL,21,14,equal,expanding,lgbm_reg,0.2
e1,AAPL,21,14,equal,expanding,xgb,0.2
e1,AAPL,21,0,inv_mae,expanding,elasticnet,0.2
e1,AAPL,21,0,inv_mae,expanding,huber,0.2
e1,AAPL,21,0,inv_mae,expanding,pls,0.2
e1,AAPL,21,0,inv_mae,expanding,lgbm_reg,0.2
e1,AAPL,21,0,inv_mae,expanding,xgb,0.2
e1,AAPL,21,1,inv_mae,expanding,elasticnet,0.18469197501288948
e1,AAPL,21,1,inv_mae,expanding,huber,0.11965566467478735
e1,AAPL,21,1,inv_mae,expanding,pls,0.13698482178983817
e1,AAPL,21,1,inv_mae,expanding,lgbm_reg,0.36622143909646426
e1,AAPL,21,1,inv_mae,expanding,xgb,0.1924460994260207
e1,AAPL,21,2,inv_mae,expanding,elasticnet,0.22429215921420967
e1,AAPL,21,2,inv_mae,expanding,huber,0.15070785860181687
e1,AAPL,21,2,inv_mae,expanding,pls,0.17341429764053945
e1,AAPL,21,2,inv_mae,expanding,lgbm_reg,0.2896891317514945
e1,AAPL,21,2,inv_mae,expanding,xgb,0.16189655279193943
e1,AAPL,21,3,inv_mae,expanding,elasticnet,0.19118145306844483
e1,AAPL,21,3,inv_mae,expanding,huber,0.11194033584004812
e1,AAPL,21,3,inv_mae,expanding,pls,0.18630269398406274
e1,AAPL,21,3,inv_mae,expanding,lgbm_reg,0.3412783652097425
e1,AAPL,21,3,inv_mae,expanding,xgb,0.16929715189770186
e1,AAPL,21,4,inv_mae,expanding,elasticnet,0.19679082546337673
e1,AAPL,21,4,inv_mae,expanding,huber,0.12725117889064747
e1,AAPL,21,4,inv_mae,expanding,pls,0.21678718379328615
e1,AAPL,21,4,inv_mae,expanding,lgbm_reg,0.30530699688944035
e1,AAPL,21,4,inv_mae,expanding,xgb,0.15386381496324947
e1,AAPL,21,5,inv_mae,expanding,elasticnet,0.2093042017557881
e1,AAPL,21,5,inv_mae,expanding,huber,0.14230238072691004
e1,AAPL,21,5,inv_mae,expanding,pls,0.2173762406369976
e1,AAPL,21,5,inv_mae,expanding,lgbm_reg,0.276720832671209
e1,AAPL,21,5,inv_mae,expanding,xgb,0.15429634420909522
e1,AAPL,21,6,inv_mae,expanding,elasticnet,0.1973736170097237
e1,AAPL,21,6,inv_mae,expanding,huber,0.14323444371781743
e1,AAPL,21,6,inv_mae,expanding,pls,0.21323832770982
e1,AAPL,21,6,inv_mae,expanding,lgbm_reg,0.27971742879400613
e1,AAPL,21,6,inv_mae,expanding,xgb,0.16643618276863267
e1,AAPL,21,7,inv_mae,expanding,elasticnet,0.18766200706055627
e1,AAPL,21,7,inv_mae,expanding,huber,0.14349154754191548
e1,AAPL,21,7,inv_mae,expanding,pls,0.20526275536644573
e1,AAPL,21,7,inv_mae,expanding,lgbm_reg,0.2836429516305134
e1,AAPL,21,7,inv_mae,expanding,xgb,0.1799407384005691
e1,AAPL,21,8,inv_mae,expanding,elasticnet,0.1954736571063021
e1,AAPL,21,8,inv_mae,expanding,huber,0.1539747873972366
e1,AAPL,21,8,inv_mae,expanding,pls,0.2084176897243517
e1,AAPL,21,8,inv_mae,expanding,lgbm_reg,0.2657065546124357
e1,AAPL,21,8,inv_mae,expanding,xgb,0.17642731115967406
e1,AAPL,21,9,inv_mae,expanding,elasticnet,0.19282999733133488
e1,AAPL,21,9,inv_mae,expanding,huber,0.15804499452948811
e1,AAPL,21,9,inv_mae,expanding,pls,0.2134561707664247
e1,AAPL,21,9,inv_mae,expanding,lgbm_reg,0.2609424434699705
e1,AAPL,21,9,inv_mae,expanding,xgb,0.17472639390278177
e1,AAPL,21,10,inv_mae,expanding,elasticnet,0.18124662693006713
e1,AAPL,21,10,inv_mae,expanding,huber,0.15873180174524099
e1,AAPL,21,10,inv_mae,expanding,pls,0.2148217369823079
e1,AAPL,21,10,inv_mae,expanding,lgbm_reg,0.26773332805279004
e1,AAPL,21,10,inv_mae,expanding,xgb,0.17746650628959393
e1,AAPL,21,11,inv_mae,expanding,elasticnet,0.1824913552005554
e1,AAPL,21,11,inv_mae,expanding,huber,0.162314820607114
e1,AAPL,21,11,inv_mae,expanding,pls,0.2154540345668187
e1,AAPL,21,11,inv_mae,expanding,lgbm_reg,0.2608993008579015
e1,AAPL,21,11,inv_mae,expanding,xgb,0.17884048876761038
e1,AAPL,21,12,inv_mae,expanding,elasticnet,0.18510054881009216
e1,AAPL,21,12,inv_mae,expanding,huber,0.16774932543350368
e1,AAPL,21,12,inv_mae,expanding,pls,0.2172915870207154
e1,AAPL,21,12,inv_mae,expanding,lgbm_reg,0.2497844401793116
e1,AAPL,21,12,inv_mae,expanding,xgb,0.18007409855637724
e1,AAPL,21,13,inv_mae,expanding,elasticnet,0.1850325419532021
e1,AAPL,21,13,inv_mae,expanding,huber,0.1678074337410894
e1,AAPL,21,13,inv_mae,expanding,pls,0.2167180329936164
e1,AAPL,21,13,inv_mae,expanding,lgbm_reg,0.24885127892602885
e1,AAPL,21,13,inv_mae,expanding,xgb,0.18159071238606325
e1,AAPL,21,14,inv_mae,expanding,elasticnet,0.18562094866007975
e1,AAPL,21,14,inv_mae,expanding,huber,0.1694301457311774
e1,AAPL,21,14,inv_mae,expanding,pls,0.21619116515094305
e1,AAPL,21,14,inv_mae,expanding,lgbm_reg,0.24591932636688138
e1,AAPL,21,14,inv_mae,expanding,xgb,0.18283841409091842
e1,AAPL,21,0,inv_mae,last3,elasticnet,0.2
e1,AAPL,21,0,inv_mae,last3,huber,0.2
e1,AAPL,21,0,inv_mae,last3,pls,0.2
e1,AAPL,21,0,inv_mae,last3,lgbm_reg,0.2
e1,AAPL,21,0,inv_mae,last3,xgb,0.2
e1,AAPL,21,1,inv_mae,last3,elasticnet,0.18469197501288948
e1,AAPL,21,1,inv_mae,last3,huber,0.11965566467478735
e1,AAPL,21,1,inv_mae,last3,pls,0.13698482178983817
e1,AAPL,21,1,inv_mae,last3,lgbm_reg,0.36622143909646426
e1,AAPL,21,1,inv_mae,last3,xgb,0.1924460994260207
e1,AAPL,21,2,inv_mae,last3,elasticnet,0.22429215921420967
e1,AAPL,21,2,inv_mae,last3,huber,0.15070785860181687
e1,AAPL,21,2,inv_mae,last3,pls,0.17341429764053945
e1,AAPL,21,2,inv_mae,last3,lgbm_reg,0.2896891317514945
e1,AAPL,21,2,inv_mae,last3,xgb,0.16189655279193943
e1,AAPL,21,3,inv_mae,last3,elasticnet,0.19118145306844483
e1,AAPL,21,3,inv_mae,last3,huber,0.11194033584004812
e1,AAPL,21,3,inv_mae,last3,pls,0.18630269398406274
e1,AAPL,21,3,inv_mae,last3,lgbm_reg,0.3412783652097425
e1,AAPL,21,3,inv_mae,last3,xgb,0.16929715189770186
e1,AAPL,21,4,inv_mae,last3,elasticnet,0.19753157781877106
e1,AAPL,21,4,inv_mae,last3,huber,0.1276503347180464
e1,AAPL,21,4,inv_mae,last3,pls,0.24998908676123072
e1,AAPL,21,4,inv_mae,last3,lgbm_reg,0.2836599833136408
e1,AAPL,21,4,inv_mae,last3,xgb,0.14116901738831114
e1,AAPL,21,5,inv_mae,last3,elasticnet,0.19574517730536056
e1,AAPL,21,5,inv_mae,last3,huber,0.13430771919952011
e1,AAPL,21,5,inv_mae,last3,pls,0.25970511922155787
e1,AAPL,21,5,inv_mae,last3,lgbm_reg,0.2635513765606966
e1,AAPL,21,5,inv_mae,last3,xgb,0.14669060771286488
e1,AAPL,21,6,inv_mae,last3,elasticnet,0.1962777503838115
e1,AAPL,21,6,inv_mae,last3,huber,0.19810419567296464
e1,AAPL,21,6,inv_mae,last3,pls,0.24710091476235913
e1,AAPL,21,6,inv_mae,last3,lgbm_reg,0.20407380323227714
e1,AAPL,21,6,inv_mae,last3,xgb,0.15444333594858753
e1,AAPL,21,7,inv_mae,last3,elasticnet,0.1684847233710163
e1,AAPL,21,7,inv_mae,last3,huber,0.17301681454525136
e1,AAPL,21,7,inv_mae,last3,pls,0.18212353863335545
e1,AAPL,21,7,inv_mae,last3,lgbm_reg,0.2439437894977387
e1,AAPL,21,7,inv_mae,last3,xgb,0.23243113395263829
e1,AAPL,21,8,inv_mae,last3,elasticnet,0.16766884889185005
e1,AAPL,21,8,inv_mae,last3,huber,0.17663063254587089
e1,AAPL,21,8,inv_mae,last3,pls,0.18786392626199538
e1,AAPL,21,8,inv_mae,last3,lgbm_reg,0.24017483443204807
e1,AAPL,21,8,inv_mae,last3,xgb,0.22766175786823561
e1,AAPL,21,9,inv_mae,last3,elasticnet,0.1806237249592881
e1,AAPL,21,9,inv_mae,last3,huber,0.19496300331006633
e1,AAPL,21,9,inv_mae,last3,pls,0.21079689578045577
e1,AAPL,21,9,inv_mae,last3,lgbm_reg,0.2216759910489205
e1,AAPL,21,9,inv_mae,last3,xgb,0.19194038490126927
e1,AAPL,21,10,inv_mae,last3,elasticnet,0.1675544649458238
e1,AAPL,21,10,inv_mae,last3,huber,0.19233548635820147
e1,AAPL,21,10,inv_mae,last3,pls,0.23229524205716426
e1,AAPL,21,10,inv_mae,last3,lgbm_reg,0.23706227796172777
e1,AAPL,21,10,inv_mae,last3,xgb,0.17075252867708277
e1,AAPL,21,11,inv_mae,last3,elasticnet,0.15492506321482283
e1,AAPL,21,11,inv_mae,last3,huber,0.18260093326368135
e1,AAPL,21,11,inv_mae,last3,pls,0.23119502539083828
e1,AAPL,21,11,inv_mae,last3,lgbm_reg,0.2481182738901259
e1,AAPL,21,11,inv_mae,last3,xgb,0.18316070424053182
e1,AAPL,21,12,inv_mae,last3,elasticnet,0.16629147124341453
e1,AAPL,21,12,inv_mae,last3,huber,0.1932319792290718
e1,AAPL,21,12,inv_mae,last3,pls,0.22512856162766257
e1,AAPL,21,12,inv_mae,last3,lgbm_reg,0.2229255263118041
e1,AAPL,21,12,inv_mae,last3,xgb,0.19242246158804707
e1,AAPL,21,13,inv_mae,last3,elasticnet,0.195794966516503
e1,AAPL,21,13,inv_mae,last3,huber,0.2034342342320821
e1,AAPL,21,13,inv_mae,last3,pls,0.21923832392127457
e1,AAPL,21,13,inv_mae,last3,lgbm_reg,0.18768507436141443
e1,AAPL,21,13,inv_mae,last3,xgb,0.1938474009687259
e1,AAPL,21,14,inv_mae,last3,elasticnet,0.19591648873562745
e1,AAPL,21,14,inv_mae,last3,huber,0.19966131568178486
e1,AAPL,21,14,inv_mae,last3,pls,0.21567985895698716
e1,AAPL,21,14,inv_mae,last3,lgbm_reg,0.191583479360203
e1,AAPL,21,14,inv_mae,last3,xgb,0.19715885726539759
e1,AAPL,21,0,mae_da,expanding,elasticnet,0.2
e1,AAPL,21,0,mae_da,expanding,huber,0.2
e1,AAPL,21,0,mae_da,expanding,pls,0.2
e1,AAPL,21,0,mae_da,expanding,lgbm_reg,0.2
e1,AAPL,21,0,mae_da,expanding,xgb,0.2
e1,AAPL,21,1,mae_da,expanding,elasticnet,0.024339576042470567
e1,AAPL,21,1,mae_da,expanding,huber,0.01462615036498249
e1,AAPL,21,1,mae_da,expanding,pls,0.0036425554379212197
e1,AAPL,21,1,mae_da,expanding,lgbm_reg,0.9302439591820086
e1,AAPL,21,1,mae_da,expanding,xgb,0.02714775897261724
e1,AAPL,21,2,mae_da,expanding,elasticnet,0.0955619356217892
e1,AAPL,21,2,mae_da,expanding,huber,0.06575985126134344
e1,AAPL,21,2,mae_da,expanding,pls,0.012553631647115118
e1,AAPL,21,2,mae_da,expanding,lgbm_reg,0.8176733584751114
e1,AAPL,21,2,mae_da,expanding,xgb,0.008451222994640902
e1,AAPL,21,3,mae_da,expanding,elasticnet,0.06154359982209156
e1,AAPL,21,3,mae_da,expanding,huber,0.05643201067403461
e1,AAPL,21,3,mae_da,expanding,pls,0.01919124376245288
e1,AAPL,21,3,mae_da,expanding,lgbm_reg,0.8402714861187822
e1,AAPL,21,3,mae_da,expanding,xgb,0.02256165962263889
e1,AAPL,21,4,mae_da,expanding,elasticnet,0.04237164255306512
e1,AAPL,21,4,mae_da,expanding,huber,0.023087079130520577
e1,AAPL,21,4,mae_da,expanding,pls,0.26456680569866764
e1,AAPL,21,4,mae_da,expanding,lgbm_reg,0.6643364814910415
e1,AAPL,21,4,mae_da,expanding,xgb,0.005637991126705124
e1,AAPL,21,5,mae_da,expanding,elasticnet,0.10580221048962131
e1,AAPL,21,5,mae_da,expanding,huber,0.038355304103185044
e1,AAPL,21,5,mae_da,expanding,pls,0.33958234231054335
e1,AAPL,21,5,mae_da,expanding,lgbm_reg,0.5115803330248693
e1,AAPL,21,5,mae_da,expanding,xgb,0.004679810071781067
e1,AAPL,21,6,mae_da,expanding,elasticnet,0.05013957290561137
e1,AAPL,21,6,mae_da,expanding,huber,0.019192693710327197
e1,AAPL,21,6,mae_da,expanding,pls,0.2583415938868185
e1,AAPL,21,6,mae_da,expanding,lgbm_reg,0.6670718657474672
e1,AAPL,21,6,mae_da,expanding,xgb,0.0052542737497758
e1,AAPL,21,7,mae_da,expanding,elasticnet,0.008968302482828493
e1,AAPL,21,7,mae_da,expanding,huber,0.00642568074850563
e1,AAPL,21,7,mae_da,expanding,pls,0.08507518281153859
e1,AAPL,21,7,mae_da,expanding,lgbm_reg,0.8879773603914651
e1,AAPL,21,7,mae_da,expanding,xgb,0.011553473565662246
e1,AAPL,21,8,mae_da,expanding,elasticnet,0.011178771556123282
e1,AAPL,21,8,mae_da,expanding,huber,0.010638469903071093
e1,AAPL,21,8,mae_da,expanding,pls,0.09173200737900207
e1,AAPL,21,8,mae_da,expanding,lgbm_reg,0.8784341581998588
e1,AAPL,21,8,mae_da,expanding,xgb,0.008016592961944655
e1,AAPL,21,9,mae_da,expanding,elasticnet,0.01286734350091795
e1,AAPL,21,9,mae_da,expanding,huber,0.012924090828710762
e1,AAPL,21,9,mae_da,expanding,pls,0.27459195275210363
e1,AAPL,21,9,mae_da,expanding,lgbm_reg,0.6899463395659939
e1,AAPL,21,9,mae_da,expanding,xgb,0.009670273352273665
e1,AAPL,21,10,mae_da,expanding,elasticnet,0.0070927096067843675
e1,AAPL,21,10,mae_da,expanding,huber,0.011212635186473686
e1,AAPL,21,10,mae_da,expanding,pls,0.23916079030535894
e1,AAPL,21,10,mae_da,expanding,lgbm_reg,0.7286716030847913
e1,AAPL,21,10,mae_da,expanding,xgb,0.013862261816591531
e1,AAPL,21,11,mae_da,expanding,elasticnet,0.008122168635938266
e1,AAPL,21,11,mae_da,expanding,huber,0.012956416480961663
e1,AAPL,21,11,mae_da,expanding,pls,0.2639093708237584
e1,AAPL,21,11,mae_da,expanding,lgbm_reg,0.7043162252120491
e1,AAPL,21,11,mae_da,expanding,xgb,0.010695818847292557
e1,AAPL,21,12,mae_da,expanding,elasticnet,0.008527047227321605
e1,AAPL,21,12,mae_da,expanding,huber,0.01475053976117962
e1,AAPL,21,12,mae_da,expanding,pls,0.3479650772653022
e1,AAPL,21,12,mae_da,expanding,lgbm_reg,0.6181907490588774
e1,AAPL,21,12,mae_da,expanding,xgb,0.010566586687319102
e1,AAPL,21,13,mae_da,expanding,elasticnet,0.008463376727948425
e1,AAPL,21,13,mae_da,expanding,huber,0.013118330177514742
e1,AAPL,21,13,mae_da,expanding,pls,0.3475598940862458
e1,AAPL,21,13,mae_da,expanding,lgbm_reg,0.6196641251435411
e1,AAPL,21,13,mae_da,expanding,xgb,0.01119427386474989
e1,AAPL,21,14,mae_da,expanding,elasticnet,0.007537042526873873
e1,AAPL,21,14,mae_da,expanding,huber,0.011513229064262418
e1,AAPL,21,14,mae_da,expanding,pls,0.3052595672733633
e1,AAPL,21,14,mae_da,expanding,lgbm_reg,0.6636056955443939
e1,AAPL,21,14,mae_da,expanding,xgb,0.012084465591106531
e1,AAPL,21,0,mae_da,last3,elasticnet,0.2
e1,AAPL,21,0,mae_da,last3,huber,0.2
e1,AAPL,21,0,mae_da,last3,pls,0.2
e1,AAPL,21,0,mae_da,last3,lgbm_reg,0.2
e1,AAPL,21,0,mae_da,last3,xgb,0.2
e1,AAPL,21,1,mae_da,last3,elasticnet,0.024339576042470567
e1,AAPL,21,1,mae_da,last3,huber,0.01462615036498249
e1,AAPL,21,1,mae_da,last3,pls,0.0036425554379212197
e1,AAPL,21,1,mae_da,last3,lgbm_reg,0.9302439591820086
e1,AAPL,21,1,mae_da,last3,xgb,0.02714775897261724
e1,AAPL,21,2,mae_da,last3,elasticnet,0.0955619356217892
e1,AAPL,21,2,mae_da,last3,huber,0.06575985126134344
e1,AAPL,21,2,mae_da,last3,pls,0.012553631647115118
e1,AAPL,21,2,mae_da,last3,lgbm_reg,0.8176733584751114
e1,AAPL,21,2,mae_da,last3,xgb,0.008451222994640902
e1,AAPL,21,3,mae_da,last3,elasticnet,0.06154359982209156
e1,AAPL,21,3,mae_da,last3,huber,0.05643201067403461
e1,AAPL,21,3,mae_da,last3,pls,0.01919124376245288
e1,AAPL,21,3,mae_da,last3,lgbm_reg,0.8402714861187822
e1,AAPL,21,3,mae_da,last3,xgb,0.02256165962263889
e1,AAPL,21,4,mae_da,last3,elasticnet,0.04684482243029214
e1,AAPL,21,4,mae_da,last3,huber,0.0227105681674249
e1,AAPL,21,4,mae_da,last3,pls,0.600786401237633
e1,AAPL,21,4,mae_da,last3,lgbm_reg,0.32494436191398335
e1,AAPL,21,4,mae_da,last3,xgb,0.004713846250666476
e1,AAPL,21,5,mae_da,last3,elasticnet,0.055701938439458
e1,AAPL,21,5,mae_da,last3,huber,0.013022734620884168
e1,AAPL,21,5,mae_da,last3,pls,0.7889035568065302
e1,AAPL,21,5,mae_da,last3,lgbm_reg,0.13791713920747345
e1,AAPL,21,5,mae_da,last3,xgb,0.004454630925654044
e1,AAPL,21,6,mae_da,last3,elasticnet,0.03177153418695291
e1,AAPL,21,6,mae_da,last3,huber,0.029307183343933684
e1,AAPL,21,6,mae_da,last3,pls,0.8571853353435773
e1,AAPL,21,6,mae_da,last3,lgbm_reg,0.07995346259351503
e1,AAPL,21,6,mae_da,last3,xgb,0.0017824845320210227
e1,AAPL,21,7,mae_da,last3,elasticnet,0.006074252533393106
e1,AAPL,21,7,mae_da,last3,huber,0.007261721191116986
e1,AAPL,21,7,mae_da,last3,pls,0.01558413819419375
e1,AAPL,21,7,mae_da,last3,lgbm_reg,0.4728378865886297
e1,AAPL,21,7,mae_da,last3,xgb,0.4982420014926664
e1,AAPL,21,8,mae_da,last3,elasticnet,0.0036621756178697048
e1,AAPL,21,8,mae_da,last3,huber,0.011739103661954487
e1,AAPL,21,8,mae_da,last3,pls,0.019402187655712496
e1,AAPL,21,8,mae_da,last3,lgbm_reg,0.607963928939752
e1,AAPL,21,8,mae_da,last3,xgb,0.35723260412471125
e1,AAPL,21,9,mae_da,last3,elasticnet,0.002622324567173485
e1,AAPL,21,9,mae_da,last3,huber,0.03272235414599207
e1,AAPL,21,9,mae_da,last3,pls,0.3247954802441659
e1,AAPL,21,9,mae_da,last3,lgbm_reg,0.5734250137224969
e1,AAPL,21,9,mae_da,last3,xgb,0.06643482732017161
e1,AAPL,21,10,mae_da,last3,elasticnet,0.0035832086825342093
e1,AAPL,21,10,mae_da,last3,huber,0.03646814302421786
e1,AAPL,21,10,mae_da,last3,pls,0.6647868776154559
e1,AAPL,21,10,mae_da,last3,lgbm_reg,0.28367871392466026
e1,AAPL,21,10,mae_da,last3,xgb,0.011483056753131897
e1,AAPL,21,11,mae_da,last3,elasticnet,0.0035359895435944327
e1,AAPL,21,11,mae_da,last3,huber,0.02478082179310597
e1,AAPL,21,11,mae_da,last3,pls,0.6470734060073439
e1,AAPL,21,11,mae_da,last3,lgbm_reg,0.3085664651176039
e1,AAPL,21,11,mae_da,last3,xgb,0.016043317538351802
e1,AAPL,21,12,mae_da,last3,elasticnet,0.0025304452678570977
e1,AAPL,21,12,mae_da,last3,huber,0.0396828759521685
e1,AAPL,21,12,mae_da,last3,pls,0.6597062034915251
e1,AAPL,21,12,mae_da,last3,lgbm_reg,0.27890626762283405
e1,AAPL,21,12,mae_da,last3,xgb,0.01917420766561521
e1,AAPL,21,13,mae_da,last3,elasticnet,0.026113410145116513
e1,AAPL,21,13,mae_da,last3,huber,0.06957101325936524
e1,AAPL,21,13,mae_da,last3,pls,0.8923477207836619
e1,AAPL,21,13,mae_da,last3,lgbm_reg,0.007921848406369244
e1,AAPL,21,13,mae_da,last3,xgb,0.004046007405487232
e1,AAPL,21,14,mae_da,last3,elasticnet,0.006771769441503144
e1,AAPL,21,14,mae_da,last3,huber,0.015545550544147914
e1,AAPL,21,14,mae_da,last3,pls,0.8966346720168588
e1,AAPL,21,14,mae_da,last3,lgbm_reg,0.03332093250669525
e1,AAPL,21,14,mae_da,last3,xgb,0.04772707549079487
e1,AAPL,21,0,softmax_ic,expanding,elasticnet,0.2
e1,AAPL,21,0,softmax_ic,expanding,huber,0.2
e1,AAPL,21,0,softmax_ic,expanding,pls,0.2
e1,AAPL,21,0,softmax_ic,expanding,lgbm_reg,0.2
e1,AAPL,21,0,softmax_ic,expanding,xgb,0.2
e1,AAPL,21,1,softmax_ic,expanding,elasticnet,0.00252540460320188
e1,AAPL,21,1,softmax_ic,expanding,huber,0.1385590301911094
e1,AAPL,21,1,softmax_ic,expanding,pls,0.01557096504350286
e1,AAPL,21,1,softmax_ic,expanding,lgbm_reg,0.6860296924729691
e1,AAPL,21,1,softmax_ic,expanding,xgb,0.15731490768921685
e1,AAPL,21,2,softmax_ic,expanding,elasticnet,0.20393113028417933
e1,AAPL,21,2,softmax_ic,expanding,huber,0.07287084537544254
e1,AAPL,21,2,softmax_ic,expanding,pls,0.1108583523721386
e1,AAPL,21,2,softmax_ic,expanding,lgbm_reg,0.5441827861490496
e1,AAPL,21,2,softmax_ic,expanding,xgb,0.06815688581918991
e1,AAPL,21,3,softmax_ic,expanding,elasticnet,0.1756037679699691
e1,AAPL,21,3,softmax_ic,expanding,huber,0.10312049660080565
e1,AAPL,21,3,softmax_ic,expanding,pls,0.06595722382022223
e1,AAPL,21,3,softmax_ic,expanding,lgbm_reg,0.5795126599962467
e1,AAPL,21,3,softmax_ic,expanding,xgb,0.0758058516127563
e1,AAPL,21,4,softmax_ic,expanding,elasticnet,0.3286151976929577
e1,AAPL,21,4,softmax_ic,expanding,huber,0.14639123632631149
e1,AAPL,21,4,softmax_ic,expanding,pls,0.20452681748698526
e1,AAPL,21,4,softmax_ic,expanding,lgbm_reg,0.24639681336198366
e1,AAPL,21,4,softmax_ic,expanding,xgb,0.07406993513176206
e1,AAPL,21,5,softmax_ic,expanding,elasticnet,0.3467940004717546
e1,AAPL,21,5,softmax_ic,expanding,huber,0.18760420753537263
e1,AAPL,21,5,softmax_ic,expanding,pls,0.22046475093447676
e1,AAPL,21,5,softmax_ic,expanding,lgbm_reg,0.18415571622817414
e1,AAPL,21,5,softmax_ic,expanding,xgb,0.060981324830221895
e1,AAPL,21,6,softmax_ic,expanding,elasticnet,0.3484948143529577
e1,AAPL,21,6,softmax_ic,expanding,huber,0.17606207358886178
e1,AAPL,21,6,softmax_ic,expanding,pls,0.19852047248890614
e1,AAPL,21,6,softmax_ic,expanding,lgbm_reg,0.1889129831479251
e1,AAPL,21,6,softmax_ic,expanding,xgb,0.08800965642134922
e1,AAPL,21,7,softmax_ic,expanding,elasticnet,0.3486862065228756
e1,AAPL,21,7,softmax_ic,expanding,huber,0.18082754897444886
e1,AAPL,21,7,softmax_ic,expanding,pls,0.1630863178567502
e1,AAPL,21,7,softmax_ic,expanding,lgbm_reg,0.17656678790532623
e1,AAPL,21,7,softmax_ic,expanding,xgb,0.13083313874059913
e1,AAPL,21,8,softmax_ic,expanding,elasticnet,0.419087357229411
e1,AAPL,21,8,softmax_ic,expanding,huber,0.22527958101458825
e1,AAPL,21,8,softmax_ic,expanding,pls,0.21643583022374507
e1,AAPL,21,8,softmax_ic,expanding,lgbm_reg,0.08027609977286097
e1,AAPL,21,8,softmax_ic,expanding,xgb,0.058921131759394535
e1,AAPL,21,9,softmax_ic,expanding,elasticnet,0.43139846258949965
e1,AAPL,21,9,softmax_ic,expanding,huber,0.21715076228310057
e1,AAPL,21,9,softmax_ic,expanding,pls,0.1924446234707584
e1,AAPL,21,9,softmax_ic,expanding,lgbm_reg,0.08293222208972938
e1,AAPL,21,9,softmax_ic,expanding,xgb,0.07607392956691197
e1,AAPL,21,10,softmax_ic,expanding,elasticnet,0.28552299370418643
e1,AAPL,21,10,softmax_ic,expanding,huber,0.18564123771821073
e1,AAPL,21,10,softmax_ic,expanding,pls,0.22985273223306807
e1,AAPL,21,10,softmax_ic,expanding,lgbm_reg,0.19866352307913493
e1,AAPL,21,10,softmax_ic,expanding,xgb,0.10031951326539988
e1,AAPL,21,11,softmax_ic,expanding,elasticnet,0.2882068665812871
e1,AAPL,21,11,softmax_ic,expanding,huber,0.20048600864380045
e1,AAPL,21,11,softmax_ic,expanding,pls,0.24877851704556847
e1,AAPL,21,11,softmax_ic,expanding,lgbm_reg,0.16328196351907392
e1,AAPL,21,11,softmax_ic,expanding,xgb,0.09924664421027003
e1,AAPL,21,12,softmax_ic,expanding,elasticnet,0.2816179805162413
e1,AAPL,21,12,softmax_ic,expanding,huber,0.23937680086506985
e1,AAPL,21,12,softmax_ic,expanding,pls,0.30371764694099745
e1,AAPL,21,12,softmax_ic,expanding,lgbm_reg,0.09265534990978752
e1,AAPL,21,12,softmax_ic,expanding,xgb,0.08263222176790391
e1,AAPL,21,13,softmax_ic,expanding,elasticnet,0.26266983160359736
e1,AAPL,21,13,softmax_ic,expanding,huber,0.2195024867273505
e1,AAPL,21,13,softmax_ic,expanding,pls,0.3112035683066816
e1,AAPL,21,13,softmax_ic,expanding,lgbm_reg,0.10758238098188112
e1,AAPL,21,13,softmax_ic,expanding,xgb,0.09904173238048941
e1,AAPL,21,14,softmax_ic,expanding,elasticnet,0.2611178116436085
e1,AAPL,21,14,softmax_ic,expanding,huber,0.23020021183634037
e1,AAPL,21,14,softmax_ic,expanding,pls,0.31276603600932135
e1,AAPL,21,14,softmax_ic,expanding,lgbm_reg,0.09773177523363256
e1,AAPL,21,14,softmax_ic,expanding,xgb,0.09818416527709715
e1,AAPL,21,0,softmax_ic,last3,elasticnet,0.2
e1,AAPL,21,0,softmax_ic,last3,huber,0.2
e1,AAPL,21,0,softmax_ic,last3,pls,0.2
e1,AAPL,21,0,softmax_ic,last3,lgbm_reg,0.2
e1,AAPL,21,0,softmax_ic,last3,xgb,0.2
e1,AAPL,21,1,softmax_ic,last3,elasticnet,0.00252540460320188
e1,AAPL,21,1,softmax_ic,last3,huber,0.1385590301911094
e1,AAPL,21,1,softmax_ic,last3,pls,0.01557096504350286
e1,AAPL,21,1,softmax_ic,last3,lgbm_reg,0.6860296924729691
e1,AAPL,21,1,softmax_ic,last3,xgb,0.15731490768921685
e1,AAPL,21,2,softmax_ic,last3,elasticnet,0.20393113028417933
e1,AAPL,21,2,softmax_ic,last3,huber,0.07287084537544254
e1,AAPL,21,2,softmax_ic,last3,pls,0.1108583523721386
e1,AAPL,21,2,softmax_ic,last3,lgbm_reg,0.5441827861490496
e1,AAPL,21,2,softmax_ic,last3,xgb,0.06815688581918991
e1,AAPL,21,3,softmax_ic,last3,elasticnet,0.1756037679699691
e1,AAPL,21,3,softmax_ic,last3,huber,0.10312049660080565
e1,AAPL,21,3,softmax_ic,last3,pls,0.06595722382022223
e1,AAPL,21,3,softmax_ic,last3,lgbm_reg,0.5795126599962467
e1,AAPL,21,3,softmax_ic,last3,xgb,0.0758058516127563
e1,AAPL,21,4,softmax_ic,last3,elasticnet,0.5752924856762758
e1,AAPL,21,4,softmax_ic,last3,huber,0.09944098954854919
e1,AAPL,21,4,softmax_ic,last3,pls,0.20196549755618695
e1,AAPL,21,4,softmax_ic,last3,lgbm_reg,0.09635817183146872
e1,AAPL,21,4,softmax_ic,last3,xgb,0.02694285538751922
e1,AAPL,21,5,softmax_ic,last3,elasticnet,0.2966580604567812
e1,AAPL,21,5,softmax_ic,last3,huber,0.19563409251125577
e1,AAPL,21,5,softmax_ic,last3,pls,0.43204013056811064
e1,AAPL,21,5,softmax_ic,last3,lgbm_reg,0.04757039027960318
e1,AAPL,21,5,softmax_ic,last3,xgb,0.028097326184249257
e1,AAPL,21,6,softmax_ic,last3,elasticnet,0.27417986711507814
e1,AAPL,21,6,softmax_ic,last3,huber,0.15310525687703214
e1,AAPL,21,6,softmax_ic,last3,pls,0.5350254260476399
e1,AAPL,21,6,softmax_ic,last3,lgbm_reg,0.018286139337365514
e1,AAPL,21,6,softmax_ic,last3,xgb,0.019403310622884296
e1,AAPL,21,7,softmax_ic,last3,elasticnet,0.3020070951828103
e1,AAPL,21,7,softmax_ic,last3,huber,0.21087668237620752
e1,AAPL,21,7,softmax_ic,last3,pls,0.06298103131673452
e1,AAPL,21,7,softmax_ic,last3,lgbm_reg,0.1127096112390711
e1,AAPL,21,7,softmax_ic,last3,xgb,0.3114255798851766
e1,AAPL,21,8,softmax_ic,last3,elasticnet,0.3903503403189555
e1,AAPL,21,8,softmax_ic,last3,huber,0.3361229265304242
e1,AAPL,21,8,softmax_ic,last3,pls,0.17434544582469433
e1,AAPL,21,8,softmax_ic,last3,lgbm_reg,0.02861475309102098
e1,AAPL,21,8,softmax_ic,last3,xgb,0.07056653423490511
e1,AAPL,21,9,softmax_ic,last3,elasticnet,0.3871800852033917
e1,AAPL,21,9,softmax_ic,last3,huber,0.39760713356446187
e1,AAPL,21,9,softmax_ic,last3,pls,0.15648685014021638
e1,AAPL,21,9,softmax_ic,last3,lgbm_reg,0.02030021865545993
e1,AAPL,21,9,softmax_ic,last3,xgb,0.03842571243647008
e1,AAPL,21,10,softmax_ic,last3,elasticnet,0.06694991176323319
e1,AAPL,21,10,softmax_ic,last3,huber,0.1642122617766651
e1,AAPL,21,10,softmax_ic,last3,pls,0.6389411650211614
e1,AAPL,21,10,softmax_ic,last3,lgbm_reg,0.11192587479575922
e1,AAPL,21,10,softmax_ic,last3,xgb,0.01797078664318115
e1,AAPL,21,11,softmax_ic,last3,elasticnet,0.0077289716498403094
e1,AAPL,21,11,softmax_ic,last3,huber,0.027662747819909652
e1,AAPL,21,11,softmax_ic,last3,pls,0.5375174936794433
e1,AAPL,21,11,softmax_ic,last3,lgbm_reg,0.3177097179665848
e1,AAPL,21,11,softmax_ic,last3,xgb,0.10938106888422197
e1,AAPL,21,12,softmax_ic,last3,elasticnet,0.0641209334897659
e1,AAPL,21,12,softmax_ic,last3,huber,0.2503836631808763
e1,AAPL,21,12,softmax_ic,last3,pls,0.634125142774169
e1,AAPL,21,12,softmax_ic,last3,lgbm_reg,0.029209905557096228
e1,AAPL,21,12,softmax_ic,last3,xgb,0.02216035499809254
e1,AAPL,21,13,softmax_ic,last3,elasticnet,0.12008356536724515
e1,AAPL,21,13,softmax_ic,last3,huber,0.23387181623992573
e1,AAPL,21,13,softmax_ic,last3,pls,0.6086729727500653
e1,AAPL,21,13,softmax_ic,last3,lgbm_reg,0.0034724333503485193
e1,AAPL,21,13,softmax_ic,last3,xgb,0.0338992122924153
e1,AAPL,21,14,softmax_ic,last3,elasticnet,0.11172154634342282
e1,AAPL,21,14,softmax_ic,last3,huber,0.2085040304526015
e1,AAPL,21,14,softmax_ic,last3,pls,0.5970472873702917
e1,AAPL,21,14,softmax_ic,last3,lgbm_reg,0.006149233319696364
e1,AAPL,21,14,softmax_ic,last3,xgb,0.0765779025139877
e1,AAPL,21,0,best_recent,expanding,elasticnet,0.2
e1,AAPL,21,0,best_recent,expanding,huber,0.2
e1,AAPL,21,0,best_recent,expanding,pls,0.2
e1,AAPL,21,0,best_recent,expanding,lgbm_reg,0.2
e1,AAPL,21,0,best_recent,expanding,xgb,0.2
e1,AAPL,21,1,best_recent,expanding,elasticnet,0.0
e1,AAPL,21,1,best_recent,expanding,huber,0.0
e1,AAPL,21,1,best_recent,expanding,pls,0.0
e1,AAPL,21,1,best_recent,expanding,lgbm_reg,1.0
e1,AAPL,21,1,best_recent,expanding,xgb,0.0
e1,AAPL,21,2,best_recent,expanding,elasticnet,0.0
e1,AAPL,21,2,best_recent,expanding,huber,0.0
e1,AAPL,21,2,best_recent,expanding,pls,0.0
e1,AAPL,21,2,best_recent,expanding,lgbm_reg,1.0
e1,AAPL,21,2,best_recent,expanding,xgb,0.0
e1,AAPL,21,3,best_recent,expanding,elasticnet,0.0
e1,AAPL,21,3,best_recent,expanding,huber,0.0
e1,AAPL,21,3,best_recent,expanding,pls,0.0
e1,AAPL,21,3,best_recent,expanding,lgbm_reg,1.0
e1,AAPL,21,3,best_recent,expanding,xgb,0.0
e1,AAPL,21,4,best_recent,expanding,elasticnet,1.0
e1,AAPL,21,4,best_recent,expanding,huber,0.0
e1,AAPL,21,4,best_recent,expanding,pls,0.0
e1,AAPL,21,4,best_recent,expanding,lgbm_reg,0.0
e1,AAPL,21,4,best_recent,expanding,xgb,0.0
e1,AAPL,21,5,best_recent,expanding,elasticnet,1.0
e1,AAPL,21,5,best_recent,expanding,huber,0.0
e1,AAPL,21,5,best_recent,expanding,pls,0.0
e1,AAPL,21,5,best_recent,expanding,lgbm_reg,0.0
e1,AAPL,21,5,best_recent,expanding,xgb,0.0
e1,AAPL,21,6,best_recent,expanding,elasticnet,1.0
e1,AAPL,21,6,best_recent,expanding,huber,0.0
e1,AAPL,21,6,best_recent,expanding,pls,0.0
e1,AAPL,21,6,best_recent,expanding,lgbm_reg,0.0
e1,AAPL,21,6,best_recent,expanding,xgb,0.0
e1,AAPL,21,7,best_recent,expanding,elasticnet,1.0
e1,AAPL,21,7,best_recent,expanding,huber,0.0
e1,AAPL,21,7,best_recent,expanding,pls,0.0
e1,AAPL,21,7,best_recent,expanding,lgbm_reg,0.0
e1,AAPL,21,7,best_recent,expanding,xgb,0.0
e1,AAPL,21,8,best_recent,expanding,elasticnet,1.0
e1,AAPL,21,8,best_recent,expanding,huber,0.0
e1,AAPL,21,8,best_recent,expanding,pls,0.0
e1,AAPL,21,8,best_recent,expanding,lgbm_reg,0.0
e1,AAPL,21,8,best_recent,expanding,xgb,0.0
e1,AAPL,21,9,best_recent,expanding,elasticnet,1.0
e1,AAPL,21,9,best_recent,expanding,huber,0.0
e1,AAPL,21,9,best_recent,expanding,pls,0.0
e1,AAPL,21,9,best_recent,expanding,lgbm_reg,0.0
e1,AAPL,21,9,best_recent,expanding,xgb,0.0
e1,AAPL,21,10,best_recent,expanding,elasticnet,1.0
e1,AAPL,21,10,best_recent,expanding,huber,0.0
e1,AAPL,21,10,best_recent,expanding,pls,0.0
e1,AAPL,21,10,best_recent,expanding,lgbm_reg,0.0
e1,AAPL,21,10,best_recent,expanding,xgb,0.0
e1,AAPL,21,11,best_recent,expanding,elasticnet,1.0
e1,AAPL,21,11,best_recent,expanding,huber,0.0
e1,AAPL,21,11,best_recent,expanding,pls,0.0
e1,AAPL,21,11,best_recent,expanding,lgbm_reg,0.0
e1,AAPL,21,11,best_recent,expanding,xgb,0.0
e1,AAPL,21,12,best_recent,expanding,elasticnet,0.0
e1,AAPL,21,12,best_recent,expanding,huber,0.0
e1,AAPL,21,12,best_recent,expanding,pls,1.0
e1,AAPL,21,12,best_recent,expanding,lgbm_reg,0.0
e1,AAPL,21,12,best_recent,expanding,xgb,0.0
e1,AAPL,21,13,best_recent,expanding,elasticnet,0.0
e1,AAPL,21,13,best_recent,expanding,huber,0.0
e1,AAPL,21,13,best_recent,expanding,pls,1.0
e1,AAPL,21,13,best_recent,expanding,lgbm_reg,0.0
e1,AAPL,21,13,best_recent,expanding,xgb,0.0
e1,AAPL,21,14,best_recent,expanding,elasticnet,0.0
e1,AAPL,21,14,best_recent,expanding,huber,0.0
e1,AAPL,21,14,best_recent,expanding,pls,1.0
e1,AAPL,21,14,best_recent,expanding,lgbm_reg,0.0
e1,AAPL,21,14,best_recent,expanding,xgb,0.0
e1,AAPL,21,0,best_recent,last3,elasticnet,0.2
e1,AAPL,21,0,best_recent,last3,huber,0.2
e1,AAPL,21,0,best_recent,last3,pls,0.2
e1,AAPL,21,0,best_recent,last3,lgbm_reg,0.2
e1,AAPL,21,0,best_recent,last3,xgb,0.2
e1,AAPL,21,1,best_recent,last3,elasticnet,0.0
e1,AAPL,21,1,best_recent,last3,huber,0.0
e1,AAPL,21,1,best_recent,last3,pls,0.0
e1,AAPL,21,1,best_recent,last3,lgbm_reg,1.0
e1,AAPL,21,1,best_recent,last3,xgb,0.0
e1,AAPL,21,2,best_recent,last3,elasticnet,0.0
e1,AAPL,21,2,best_recent,last3,huber,0.0
e1,AAPL,21,2,best_recent,last3,pls,0.0
e1,AAPL,21,2,best_recent,last3,lgbm_reg,1.0
e1,AAPL,21,2,best_recent,last3,xgb,0.0
e1,AAPL,21,3,best_recent,last3,elasticnet,0.0
e1,AAPL,21,3,best_recent,last3,huber,0.0
e1,AAPL,21,3,best_recent,last3,pls,0.0
e1,AAPL,21,3,best_recent,last3,lgbm_reg,1.0
e1,AAPL,21,3,best_recent,last3,xgb,0.0
e1,AAPL,21,4,best_recent,last3,elasticnet,1.0
e1,AAPL,21,4,best_recent,last3,huber,0.0
e1,AAPL,21,4,best_recent,last3,pls,0.0
e1,AAPL,21,4,best_recent,last3,lgbm_reg,0.0
e1,AAPL,21,4,best_recent,last3,xgb,0.0
e1,AAPL,21,5,best_recent,last3,elasticnet,0.0
e1,AAPL,21,5,best_recent,last3,huber,0.0
e1,AAPL,21,5,best_recent,last3,pls,1.0
e1,AAPL,21,5,best_recent,last3,lgbm_reg,0.0
e1,AAPL,21,5,best_recent,last3,xgb,0.0
e1,AAPL,21,6,best_recent,last3,elasticnet,0.0
e1,AAPL,21,6,best_recent,last3,huber,0.0
e1,AAPL,21,6,best_recent,last3,pls,1.0
e1,AAPL,21,6,best_recent,last3,lgbm_reg,0.0
e1,AAPL,21,6,best_recent,last3,xgb,0.0
e1,AAPL,21,7,best_recent,last3,elasticnet,0.0
e1,AAPL,21,7,best_recent,last3,huber,0.0
e1,AAPL,21,7,best_recent,last3,pls,0.0
e1,AAPL,21,7,best_recent,last3,lgbm_reg,0.0
e1,AAPL,21,7,best_recent,last3,xgb,1.0
e1,AAPL,21,8,best_recent,last3,elasticnet,1.0
e1,AAPL,21,8,best_recent,last3,huber,0.0
e1,AAPL,21,8,best_recent,last3,pls,0.0
e1,AAPL,21,8,best_recent,last3,lgbm_reg,0.0
e1,AAPL,21,8,best_recent,last3,xgb,0.0
e1,AAPL,21,9,best_recent,last3,elasticnet,0.0
e1,AAPL,21,9,best_recent,last3,huber,1.0
e1,AAPL,21,9,best_recent,last3,pls,0.0
e1,AAPL,21,9,best_recent,last3,lgbm_reg,0.0
e1,AAPL,21,9,best_recent,last3,xgb,0.0
e1,AAPL,21,10,best_recent,last3,elasticnet,0.0
e1,AAPL,21,10,best_recent,last3,huber,0.0
e1,AAPL,21,10,best_recent,last3,pls,1.0
e1,AAPL,21,10,best_recent,last3,lgbm_reg,0.0
e1,AAPL,21,10,best_recent,last3,xgb,0.0
e1,AAPL,21,11,best_recent,last3,elasticnet,0.0
e1,AAPL,21,11,best_recent,last3,huber,0.0
e1,AAPL,21,11,best_recent,last3,pls,1.0
e1,AAPL,21,11,best_recent,last3,lgbm_reg,0.0
e1,AAPL,21,11,best_recent,last3,xgb,0.0
e1,AAPL,21,12,best_recent,last3,elasticnet,0.0
e1,AAPL,21,12,best_recent,last3,huber,0.0
e1,AAPL,21,12,best_recent,last3,pls,1.0
e1,AAPL,21,12,best_recent,last3,lgbm_reg,0.0
e1,AAPL,21,12,best_recent,last3,xgb,0.0
e1,AAPL,21,13,best_recent,last3,elasticnet,0.0
e1,AAPL,21,13,best_recent,last3,huber,0.0
e1,AAPL,21,13,best_recent,last3,pls,1.0
e1,AAPL,21,13,best_recent,last3,lgbm_reg,0.0
e1,AAPL,21,13,best_recent,last3,xgb,0.0
e1,AAPL,21,14,best_recent,last3,elasticnet,0.0
e1,AAPL,21,14,best_recent,last3,huber,0.0
e1,AAPL,21,14,best_recent,last3,pls,1.0
e1,AAPL,21,14,best_recent,last3,lgbm_reg,0.0
e1,AAPL,21,14,best_recent,last3,xgb,0.0
e1,AAPL,63,0,equal,expanding,elasticnet,0.2
e1,AAPL,63,0,equal,expanding,huber,0.2
e1,AAPL,63,0,equal,expanding,pls,0.2
e1,AAPL,63,0,equal,expanding,lgbm_reg,0.2
e1,AAPL,63,0,equal,expanding,xgb,0.2
e1,AAPL,63,1,equal,expanding,elasticnet,0.2
e1,AAPL,63,1,equal,expanding,huber,0.2
e1,AAPL,63,1,equal,expanding,pls,0.2
e1,AAPL,63,1,equal,expanding,lgbm_reg,0.2
e1,AAPL,63,1,equal,expanding,xgb,0.2
e1,AAPL,63,2,equal,expanding,elasticnet,0.2
e1,AAPL,63,2,equal,expanding,huber,0.2
e1,AAPL,63,2,equal,expanding,pls,0.2
e1,AAPL,63,2,equal,expanding,lgbm_reg,0.2
e1,AAPL,63,2,equal,expanding,xgb,0.2
e1,AAPL,63,3,equal,expanding,elasticnet,0.2
e1,AAPL,63,3,equal,expanding,huber,0.2
e1,AAPL,63,3,equal,expanding,pls,0.2
e1,AAPL,63,3,equal,expanding,lgbm_reg,0.2
e1,AAPL,63,3,equal,expanding,xgb,0.2
e1,AAPL,63,4,equal,expanding,elasticnet,0.2
e1,AAPL,63,4,equal,expanding,huber,0.2
e1,AAPL,63,4,equal,expanding,pls,0.2
e1,AAPL,63,4,equal,expanding,lgbm_reg,0.2
e1,AAPL,63,4,equal,expanding,xgb,0.2
e1,AAPL,63,5,equal,expanding,elasticnet,0.2
e1,AAPL,63,5,equal,expanding,huber,0.2
e1,AAPL,63,5,equal,expanding,pls,0.2
e1,AAPL,63,5,equal,expanding,lgbm_reg,0.2
e1,AAPL,63,5,equal,expanding,xgb,0.2
e1,AAPL,63,6,equal,expanding,elasticnet,0.2
e1,AAPL,63,6,equal,expanding,huber,0.2
e1,AAPL,63,6,equal,expanding,pls,0.2
e1,AAPL,63,6,equal,expanding,lgbm_reg,0.2
e1,AAPL,63,6,equal,expanding,xgb,0.2
e1,AAPL,63,7,equal,expanding,elasticnet,0.2
e1,AAPL,63,7,equal,expanding,huber,0.2
e1,AAPL,63,7,equal,expanding,pls,0.2
e1,AAPL,63,7,equal,expanding,lgbm_reg,0.2
e1,AAPL,63,7,equal,expanding,xgb,0.2
e1,AAPL,63,8,equal,expanding,elasticnet,0.2
e1,AAPL,63,8,equal,expanding,huber,0.2
e1,AAPL,63,8,equal,expanding,pls,0.2
e1,AAPL,63,8,equal,expanding,lgbm_reg,0.2
e1,AAPL,63,8,equal,expanding,xgb,0.2
e1,AAPL,63,9,equal,expanding,elasticnet,0.2
e1,AAPL,63,9,equal,expanding,huber,0.2
e1,AAPL,63,9,equal,expanding,pls,0.2
e1,AAPL,63,9,equal,expanding,lgbm_reg,0.2
e1,AAPL,63,9,equal,expanding,xgb,0.2
e1,AAPL,63,10,equal,expanding,elasticnet,0.2
e1,AAPL,63,10,equal,expanding,huber,0.2
e1,AAPL,63,10,equal,expanding,pls,0.2
e1,AAPL,63,10,equal,expanding,lgbm_reg,0.2
e1,AAPL,63,10,equal,expanding,xgb,0.2
e1,AAPL,63,11,equal,expanding,elasticnet,0.2
e1,AAPL,63,11,equal,expanding,huber,0.2
e1,AAPL,63,11,equal,expanding,pls,0.2
e1,AAPL,63,11,equal,expanding,lgbm_reg,0.2
e1,AAPL,63,11,equal,expanding,xgb,0.2
e1,AAPL,63,12,equal,expanding,elasticnet,0.2
e1,AAPL,63,12,equal,expanding,huber,0.2
e1,AAPL,63,12,equal,expanding,pls,0.2
e1,AAPL,63,12,equal,expanding,lgbm_reg,0.2
e1,AAPL,63,12,equal,expanding,xgb,0.2
e1,AAPL,63,13,equal,expanding,elasticnet,0.2
e1,AAPL,63,13,equal,expanding,huber,0.2
e1,AAPL,63,13,equal,expanding,pls,0.2
e1,AAPL,63,13,equal,expanding,lgbm_reg,0.2
e1,AAPL,63,13,equal,expanding,xgb,0.2
e1,AAPL,63,14,equal,expanding,elasticnet,0.2
e1,AAPL,63,14,equal,expanding,huber,0.2
e1,AAPL,63,14,equal,expanding,pls,0.2
e1,AAPL,63,14,equal,expanding,lgbm_reg,0.2
e1,AAPL,63,14,equal,expanding,xgb,0.2
e1,AAPL,63,0,inv_mae,expanding,elasticnet,0.2
e1,AAPL,63,0,inv_mae,expanding,huber,0.2
e1,AAPL,63,0,inv_mae,expanding,pls,0.2
e1,AAPL,63,0,inv_mae,expanding,lgbm_reg,0.2
e1,AAPL,63,0,inv_mae,expanding,xgb,0.2
e1,AAPL,63,1,inv_mae,expanding,elasticnet,0.13961926412249745
e1,AAPL,63,1,inv_mae,expanding,huber,0.06057557751412914
e1,AAPL,63,1,inv_mae,expanding,pls,0.2191316228863792
e1,AAPL,63,1,inv_mae,expanding,lgbm_reg,0.34645694482530454
e1,AAPL,63,1,inv_mae,expanding,xgb,0.23421659065168962
e1,AAPL,63,2,inv_mae,expanding,elasticnet,0.1703695996874301
e1,AAPL,63,2,inv_mae,expanding,huber,0.11157310979097888
e1,AAPL,63,2,inv_mae,expanding,pls,0.1992484552435085
e1,AAPL,63,2,inv_mae,expanding,lgbm_reg,0.28881083549152325
e1,AAPL,63,2,inv_mae,expanding,xgb,0.2299979997865592
e1,AAPL,63,3,inv_mae,expanding,elasticnet,0.13195417079798458
e1,AAPL,63,3,inv_mae,expanding,huber,0.08439504926279853
e1,AAPL,63,3,inv_mae,expanding,pls,0.18784569586313798
e1,AAPL,63,3,inv_mae,expanding,lgbm_reg,0.3625841334654168
e1,AAPL,63,3,inv_mae,expanding,xgb,0.23322095061066214
e1,AAPL,63,4,inv_mae,expanding,elasticnet,0.12175906971347493
e1,AAPL,63,4,inv_mae,expanding,huber,0.08351731689874699
e1,AAPL,63,4,inv_mae,expanding,pls,0.19602359690381488
e1,AAPL,63,4,inv_mae,expanding,lgbm_reg,0.37782196957047415
e1,AAPL,63,4,inv_mae,expanding,xgb,0.22087804691348908
e1,AAPL,63,5,inv_mae,expanding,elasticnet,0.16140823269759774
e1,AAPL,63,5,inv_mae,expanding,huber,0.11573493444018965
e1,AAPL,63,5,inv_mae,expanding,pls,0.217423275934831
e1,AAPL,63,5,inv_mae,expanding,lgbm_reg,0.3096420949912117
e1,AAPL,63,5,inv_mae,expanding,xgb,0.1957914619361699
e1,AAPL,63,6,inv_mae,expanding,elasticnet,0.1609001218812308
e1,AAPL,63,6,inv_mae,expanding,huber,0.11734730119776712
e1,AAPL,63,6,inv_mae,expanding,pls,0.22185362915430554
e1,AAPL,63,6,inv_mae,expanding,lgbm_reg,0.30704224848527906
e1,AAPL,63,6,inv_mae,expanding,xgb,0.1928566992814176
e1,AAPL,63,7,inv_mae,expanding,elasticnet,0.16068680321264647
e1,AAPL,63,7,inv_mae,expanding,huber,0.11886724840671373
e1,AAPL,63,7,inv_mae,expanding,pls,0.21791086357030487
e1,AAPL,63,7,inv_mae,expanding,lgbm_reg,0.3099894335424143
e1,AAPL,63,7,inv_mae,expanding,xgb,0.19254565126792056
e1,AAPL,63,8,inv_mae,expanding,elasticnet,0.16747984509874525
e1,AAPL,63,8,inv_mae,expanding,huber,0.13037427491011444
e1,AAPL,63,8,inv_mae,expanding,pls,0.23065246974277115
e1,AAPL,63,8,inv_mae,expanding,lgbm_reg,0.2867143925591667
e1,AAPL,63,8,inv_mae,expanding,xgb,0.1847790176892025
e1,AAPL,63,9,inv_mae,expanding,elasticnet,0.16296332206717248
e1,AAPL,63,9,inv_mae,expanding,huber,0.13245429331916536
e1,AAPL,63,9,inv_mae,expanding,pls,0.22325923500112257
e1,AAPL,63,9,inv_mae,expanding,lgbm_reg,0.28983134735061883
e1,AAPL,63,9,inv_mae,expanding,xgb,0.1914918022619208
e1,AAPL,63,10,inv_mae,expanding,elasticnet,0.15912650340065138
e1,AAPL,63,10,inv_mae,expanding,huber,0.13189072290873072
e1,AAPL,63,10,inv_mae,expanding,pls,0.22823757189269606
e1,AAPL,63,10,inv_mae,expanding,lgbm_reg,0.2845618800545041
e1,AAPL,63,10,inv_mae,expanding,xgb,0.19618332174341777
e1,AAPL,63,11,inv_mae,expanding,elasticnet,0.160902291872909
e1,AAPL,63,11,inv_mae,expanding,huber,0.1356190186180058
e1,AAPL,63,11,inv_mae,expanding,pls,0.23218474172883277
e1,AAPL,63,11,inv_mae,expanding,lgbm_reg,0.2785325201587503
e1,AAPL,63,11,inv_mae,expanding,xgb,0.19276142762150217
e1,AAPL,63,12,inv_mae,expanding,elasticnet,0.1670746447330402
e1,AAPL,63,12,inv_mae,expanding,huber,0.14003716234277971
e1,AAPL,63,12,inv_mae,expanding,pls,0.23262374995730406
e1,AAPL,63,12,inv_mae,expanding,lgbm_reg,0.2685742840623101
e1,AAPL,63,12,inv_mae,expanding,xgb,0.19169015890456598
e1,AAPL,63,13,inv_mae,expanding,elasticnet,0.16880795747239613
e1,AAPL,63,13,inv_mae,expanding,huber,0.14335915030733531
e1,AAPL,63,13,inv_mae,expanding,pls,0.23254707767586344
e1,AAPL,63,13,inv_mae,expanding,lgbm_reg,0.2629905036676201
e1,AAPL,63,13,inv_mae,expanding,xgb,0.1922953108767851
e1,AAPL,63,14,inv_mae,expanding,elasticnet,0.16991866681078946
e1,AAPL,63,14,inv_mae,expanding,huber,0.14645466531400342
e1,AAPL,63,14,inv_mae,expanding,pls,0.23230446890380993
e1,AAPL,63,14,inv_mae,expanding,lgbm_reg,0.26048769623281304
e1,AAPL,63,14,inv_mae,expanding,xgb,0.19083450273858418
e1,AAPL,63,0,inv_mae,last3,elasticnet,0.2
e1,AAPL,63,0,inv_mae,last3,huber,0.2
e1,AAPL,63,0,inv_mae,last3,pls,0.2
e1,AAPL,63,0,inv_mae,last3,lgbm_reg,0.2
e1,AAPL,63,0,inv_mae,last3,xgb,0.2
e1,AAPL,63,1,inv_mae,last3,elasticnet,0.13961926412249745
e1,AAPL,63,1,inv_mae,last3,huber,0.06057557751412914
e1,AAPL,63,1,inv_mae,last3,pls,0.2191316228863792
e1,AAPL,63,1,inv_mae,last3,lgbm_reg,0.34645694482530454
e1,AAPL,63,1,inv_mae,last3,xgb,0.23421659065168962
e1,AAPL,63,2,inv_mae,last3,elasticnet,0.1703695996874301
e1,AAPL,63,2,inv_mae,last3,huber,0.11157310979097888
e1,AAPL,63,2,inv_mae,last3,pls,0.1992484552435085
e1,AAPL,63,2,inv_mae,last3,lgbm_reg,0.28881083549152325
e1,AAPL,63,2,inv_mae,last3,xgb,0.2299979997865592
e1,AAPL,63,3,inv_mae,last3,elasticnet,0.13195417079798458
e1,AAPL,63,3,inv_mae,last3,huber,0.08439504926279853
e1,AAPL,63,3,inv_mae,last3,pls,0.18784569586313798
e1,AAPL,63,3,inv_mae,last3,lgbm_reg,0.3625841334654168
e1,AAPL,63,3,inv_mae,last3,xgb,0.23322095061066214
e1,AAPL,63,4,inv_mae,last3,elasticnet,0.11603831987178051
e1,AAPL,63,4,inv_mae,last3,huber,0.09285007376437608
e1,AAPL,63,4,inv_mae,last3,pls,0.18830556457289876
e1,AAPL,63,4,inv_mae,last3,lgbm_reg,0.38704583428476624
e1,AAPL,63,4,inv_mae,last3,xgb,0.21576020750617844
e1,AAPL,63,5,inv_mae,last3,elasticnet,0.15412881993159577
e1,AAPL,63,5,inv_mae,last3,huber,0.11808376374263871
e1,AAPL,63,5,inv_mae,last3,pls,0.23046898850725747
e1,AAPL,63,5,inv_mae,last3,lgbm_reg,0.3238542908221559
e1,AAPL,63,5,inv_mae,last3,xgb,0.17346413699635224
e1,AAPL,63,6,inv_mae,last3,elasticnet,0.19856861291871017
e1,AAPL,63,6,inv_mae,last3,huber,0.1806469577741229
e1,AAPL,63,6,inv_mae,last3,pls,0.26019997683615276
e1,AAPL,63,6,inv_mae,last3,lgbm_reg,0.22406642512019526
e1,AAPL,63,6,inv_mae,last3,xgb,0.13651802735081892
e1,AAPL,63,7,inv_mae,last3,elasticnet,0.23622143033057974
e1,AAPL,63,7,inv_mae,last3,huber,0.2057245356581693
e1,AAPL,63,7,inv_mae,last3,pls,0.22857128462197096
e1,AAPL,63,7,inv_mae,last3,lgbm_reg,0.1959123435435664
e1,AAPL,63,7,inv_mae,last3,xgb,0.1335704058457136
e1,AAPL,63,8,inv_mae,last3,elasticnet,0.17851212350089846
e1,AAPL,63,8,inv_mae,last3,huber,0.17225804749215778
e1,AAPL,63,8,inv_mae,last3,pls,0.260087323639583
e1,AAPL,63,8,inv_mae,last3,lgbm_reg,0.23254898508038332
e1,AAPL,63,8,inv_mae,last3,xgb,0.15659352028697748
e1,AAPL,63,9,inv_mae,last3,elasticnet,0.16539424036567724
e1,AAPL,63,9,inv_mae,last3,huber,0.180976101235249
e1,AAPL,63,9,inv_mae,last3,pls,0.22283381687722967
e1,AAPL,63,9,inv_mae,last3,lgbm_reg,0.24616769434317734
e1,AAPL,63,9,inv_mae,last3,xgb,0.1846281471786667
e1,AAPL,63,10,inv_mae,last3,elasticnet,0.15340002080802514
e1,AAPL,63,10,inv_mae,last3,huber,0.16262587785095092
e1,AAPL,63,10,inv_mae,last3,pls,0.24771942070135172
e1,AAPL,63,10,inv_mae,last3,lgbm_reg,0.2355223087445864
e1,AAPL,63,10,inv_mae,last3,xgb,0.2007323718950857
e1,AAPL,63,11,inv_mae,last3,elasticnet,0.142877575732883
e1,AAPL,63,11,inv_mae,last3,huber,0.15091371599515935
e1,AAPL,63,11,inv_mae,last3,pls,0.2348964895397592
e1,AAPL,63,11,inv_mae,last3,lgbm_reg,0.2549971898339618
e1,AAPL,63,11,inv_mae,last3,xgb,0.21631502889823673
e1,AAPL,63,12,inv_mae,last3,elasticnet,0.17705084685805253
e1,AAPL,63,12,inv_mae,last3,huber,0.16346067339085063
e1,AAPL,63,12,inv_mae,last3,pls,0.2592700944155886
e1,AAPL,63,12,inv_mae,last3,lgbm_reg,0.21138017894628489
e1,AAPL,63,12,inv_mae,last3,xgb,0.1888382063892234
e1,AAPL,63,13,inv_mae,last3,elasticnet,0.2091339915343463
e1,AAPL,63,13,inv_mae,last3,huber,0.19900184496804674
e1,AAPL,63,13,inv_mae,last3,pls,0.24052435195939875
e1,AAPL,63,13,inv_mae,last3,lgbm_reg,0.18257337918800298
e1,AAPL,63,13,inv_mae,last3,xgb,0.16876643235020516
e1,AAPL,63,14,inv_mae,last3,elasticnet,0.2063860596516556
e1,AAPL,63,14,inv_mae,last3,huber,0.19617280837101822
e1,AAPL,63,14,inv_mae,last3,pls,0.22531405294438822
e1,AAPL,63,14,inv_mae,last3,lgbm_reg,0.19468661259048728
e1,AAPL,63,14,inv_mae,last3,xgb,0.17744046644245065
e1,AAPL,63,0,mae_da,expanding,elasticnet,0.2
e1,AAPL,63,0,mae_da,expanding,huber,0.2
e1,AAPL,63,0,mae_da,expanding,pls,0.2
e1,AAPL,63,0,mae_da,expanding,lgbm_reg,0.2
e1,AAPL,63,0,mae_da,expanding,xgb,0.2
e1,AAPL,63,1,mae_da,expanding,elasticnet,0.1523558802325576
e1,AAPL,63,1,mae_da,expanding,huber,0.03260421287843488
e1,AAPL,63,1,mae_da,expanding,pls,0.20139261435874073
e1,AAPL,63,1,mae_da,expanding,lgbm_reg,0.5876117409132656
e1,AAPL,63,1,mae_da,expanding,xgb,0.02603555161700123
e1,AAPL,63,2,mae_da,expanding,elasticnet,0.15564719635014557
e1,AAPL,63,2,mae_da,expanding,huber,0.028717876174360644
e1,AAPL,63,2,mae_da,expanding,pls,0.035044782324204424
e1,AAPL,63,2,mae_da,expanding,lgbm_reg,0.7400652406213653
e1,AAPL,63,2,mae_da,expanding,xgb,0.04052490452992409
e1,AAPL,63,3,mae_da,expanding,elasticnet,0.03970669254774065
e1,AAPL,63,3,mae_da,expanding,huber,0.011110520563106007
e1,AAPL,63,3,mae_da,expanding,pls,0.013427791774766148
e1,AAPL,63,3,mae_da,expanding,lgbm_reg,0.586702986017331
e1,AAPL,63,3,mae_da,expanding,xgb,0.34905200909705614
e1,AAPL,63,4,mae_da,expanding,elasticnet,0.006436563747713129
e1,AAPL,63,4,mae_da,expanding,huber,0.0039357176511128494
e1,AAPL,63,4,mae_da,expanding,pls,0.08635084216943238
e1,AAPL,63,4,mae_da,expanding,lgbm_reg,0.7788295314224059
e1,AAPL,63,4,mae_da,expanding,xgb,0.12444734500933591
e1,AAPL,63,5,mae_da,expanding,elasticnet,0.008480111169288278
e1,AAPL,63,5,mae_da,expanding,huber,0.0035080256878234736
e1,AAPL,63,5,mae_da,expanding,pls,0.1446111378341493
e1,AAPL,63,5,mae_da,expanding,lgbm_reg,0.7647912241208183
e1,AAPL,63,5,mae_da,expanding,xgb,0.07860950118792055
e1,AAPL,63,6,mae_da,expanding,elasticnet,0.011075430573199724
e1,AAPL,63,6,mae_da,expanding,huber,0.003229567492084809
e1,AAPL,63,6,mae_da,expanding,pls,0.177226308703624
e1,AAPL,63,6,mae_da,expanding,lgbm_reg,0.779730180498782
e1,AAPL,63,6,mae_da,expanding,xgb,0.028738512732309464
e1,AAPL,63,7,mae_da,expanding,elasticnet,0.011588813298619178
e1,AAPL,63,7,mae_da,expanding,huber,0.0031714364851952734
e1,AAPL,63,7,mae_da,expanding,pls,0.15804676356053834
e1,AAPL,63,7,mae_da,expanding,lgbm_reg,0.8024260838443313
e1,AAPL,63,7,mae_da,expanding,xgb,0.02476690281131586
e1,AAPL,63,8,mae_da,expanding,elasticnet,0.012636388645953784
e1,AAPL,63,8,mae_da,expanding,huber,0.003815257846202375
e1,AAPL,63,8,mae_da,expanding,pls,0.26223277619694907
e1,AAPL,63,8,mae_da,expanding,lgbm_reg,0.7024268006260249
e1,AAPL,63,8,mae_da,expanding,xgb,0.01888877668486994
e1,AAPL,63,9,mae_da,expanding,elasticnet,0.008939667695265958
e1,AAPL,63,9,mae_da,expanding,huber,0.005084633719257177
e1,AAPL,63,9,mae_da,expanding,pls,0.283186618743253
e1,AAPL,63,9,mae_da,expanding,lgbm_reg,0.6777068719926926
e1,AAPL,63,9,mae_da,expanding,xgb,0.02508220784953127
e1,AAPL,63,10,mae_da,expanding,elasticnet,0.008432698724909631
e1,AAPL,63,10,mae_da,expanding,huber,0.0049752259815429925
e1,AAPL,63,10,mae_da,expanding,pls,0.3416565113445262
e1,AAPL,63,10,mae_da,expanding,lgbm_reg,0.6121055411620351
e1,AAPL,63,10,mae_da,expanding,xgb,0.03283002278698621
e1,AAPL,63,11,mae_da,expanding,elasticnet,0.009450447574537972
e1,AAPL,63,11,mae_da,expanding,huber,0.0056972160794909795
e1,AAPL,63,11,mae_da,expanding,pls,0.36948074764232114
e1,AAPL,63,11,mae_da,expanding,lgbm_reg,0.5939321984318702
e1,AAPL,63,11,mae_da,expanding,xgb,0.021439390271779712
e1,AAPL,63,12,mae_da,expanding,elasticnet,0.011720135922461091
e1,AAPL,63,12,mae_da,expanding,huber,0.0057065268849974355
e1,AAPL,63,12,mae_da,expanding,pls,0.4075834925433364
e1,AAPL,63,12,mae_da,expanding,lgbm_reg,0.5573629524039097
e1,AAPL,63,12,mae_da,expanding,xgb,0.017626892245295383
e1,AAPL,63,13,mae_da,expanding,elasticnet,0.011271022161170893
e1,AAPL,63,13,mae_da,expanding,huber,0.006134731054378631
e1,AAPL,63,13,mae_da,expanding,pls,0.42796610978209326
e1,AAPL,63,13,mae_da,expanding,lgbm_reg,0.5374010788505263
e1,AAPL,63,13,mae_da,expanding,xgb,0.01722705815183094
e1,AAPL,63,14,mae_da,expanding,elasticnet,0.011314206344455457
e1,AAPL,63,14,mae_da,expanding,huber,0.0064126757829649885
e1,AAPL,63,14,mae_da,expanding,pls,0.42202315303106513
e1,AAPL,63,14,mae_da,expanding,lgbm_reg,0.5448930835245098
e1,AAPL,63,14,mae_da,expanding,xgb,0.015356881317004535
e1,AAPL,63,0,mae_da,last3,elasticnet,0.2
e1,AAPL,63,0,mae_da,last3,huber,0.2
e1,AAPL,63,0,mae_da,last3,pls,0.2
e1,AAPL,63,0,mae_da,last3,lgbm_reg,0.2
e1,AAPL,63,0,mae_da,last3,xgb,0.2
e1,AAPL,63,1,mae_da,last3,elasticnet,0.1523558802325576
e1,AAPL,63,1,mae_da,last3,huber,0.03260421287843488
e1,AAPL,63,1,mae_da,last3,pls,0.20139261435874073
e1,AAPL,63,1,mae_da,last3,lgbm_reg,0.5876117409132656
e1,AAPL,63,1,mae_da,last3,xgb,0.02603555161700123
e1,AAPL,63,2,mae_da,last3,elasticnet,0.15564719635014557
e1,AAPL,63,2,mae_da,last3,huber,0.028717876174360644
e1,AAPL,63,2,mae_da,last3,pls,0.035044782324204424
e1,AAPL,63,2,mae_da,last3,lgbm_reg,0.7400652406213653
e1,AAPL,63,2,mae_da,last3,xgb,0.04052490452992409
e1,AAPL,63,3,mae_da,last3,elasticnet,0.03970669254774065
e1,AAPL,63,3,mae_da,last3,huber,0.011110520563106007
e1,AAPL,63,3,mae_da,last3,pls,0.013427791774766148
e1,AAPL,63,3,mae_da,last3,lgbm_reg,0.586702986017331
e1,AAPL,63,3,mae_da,last3,xgb,0.34905200909705614
e1,AAPL,63,4,mae_da,last3,elasticnet,0.005408077727094621
e1,AAPL,63,4,mae_da,last3,huber,0.004487926223364473
e1,AAPL,63,4,mae_da,last3,pls,0.07735794462717588
e1,AAPL,63,4,mae_da,last3,lgbm_reg,0.7659998148286709
e1,AAPL,63,4,mae_da,last3,xgb,0.14674623659369407
e1,AAPL,63,5,mae_da,last3,elasticnet,0.008291385214527327
e1,AAPL,63,5,mae_da,last3,huber,0.00464176866032266
e1,AAPL,63,5,mae_da,last3,pls,0.23618352063782103
e1,AAPL,63,5,mae_da,last3,lgbm_reg,0.6651849254766194
e1,AAPL,63,5,mae_da,last3,xgb,0.0856984000107096
e1,AAPL,63,6,mae_da,last3,elasticnet,0.02497467099486516
e1,AAPL,63,6,mae_da,last3,huber,0.01432604817314498
e1,AAPL,63,6,mae_da,last3,pls,0.59992127998549
e1,AAPL,63,6,mae_da,last3,lgbm_reg,0.35561333725124267
e1,AAPL,63,6,mae_da,last3,xgb,0.005164663595257081
e1,AAPL,63,7,mae_da,last3,elasticnet,0.20906693661947529
e1,AAPL,63,7,mae_da,last3,huber,0.04964263597488333
e1,AAPL,63,7,mae_da,last3,pls,0.5128121291902578
e1,AAPL,63,7,mae_da,last3,lgbm_reg,0.22573426169574354
e1,AAPL,63,7,mae_da,last3,xgb,0.0027440365196400754
e1,AAPL,63,8,mae_da,last3,elasticnet,0.019273097021058772
e1,AAPL,63,8,mae_da,last3,huber,0.010463672242742094
e1,AAPL,63,8,mae_da,last3,pls,0.6230604219776257
e1,AAPL,63,8,mae_da,last3,lgbm_reg,0.3432864518479112
e1,AAPL,63,8,mae_da,last3,xgb,0.003916356910662262
e1,AAPL,63,9,mae_da,last3,elasticnet,0.004317314544657172
e1,AAPL,63,9,mae_da,last3,huber,0.01572579235313464
e1,AAPL,63,9,mae_da,last3,pls,0.46292282708337645
e1,AAPL,63,9,mae_da,last3,lgbm_reg,0.5026573948476585
e1,AAPL,63,9,mae_da,last3,xgb,0.014376671171173225
e1,AAPL,63,10,mae_da,last3,elasticnet,0.003103267047036719
e1,AAPL,63,10,mae_da,last3,huber,0.011445306104843234
e1,AAPL,63,10,mae_da,last3,pls,0.7977008941267147
e1,AAPL,63,10,mae_da,last3,lgbm_reg,0.1491430934802435
e1,AAPL,63,10,mae_da,last3,xgb,0.03860743924116191
e1,AAPL,63,11,mae_da,last3,elasticnet,0.005013034321321614
e1,AAPL,63,11,mae_da,last3,huber,0.01561847733905127
e1,AAPL,63,11,mae_da,last3,pls,0.6014094117145423
e1,AAPL,63,11,mae_da,last3,lgbm_reg,0.34161481382801157
e1,AAPL,63,11,mae_da,last3,xgb,0.036344262797073285
e1,AAPL,63,12,mae_da,last3,elasticnet,0.04331138496571804
e1,AAPL,63,12,mae_da,last3,huber,0.013919876898600518
e1,AAPL,63,12,mae_da,last3,pls,0.8456799206502197
e1,AAPL,63,12,mae_da,last3,lgbm_reg,0.09096466838937639
e1,AAPL,63,12,mae_da,last3,xgb,0.0061241490960853
e1,AAPL,63,13,mae_da,last3,elasticnet,0.1273053983439369
e1,AAPL,63,13,mae_da,last3,huber,0.08449705316666802
e1,AAPL,63,13,mae_da,last3,pls,0.7399894481410966
e1,AAPL,63,13,mae_da,last3,lgbm_reg,0.045991616382845386
e1,AAPL,63,13,mae_da,last3,xgb,0.0022164839654529147
e1,AAPL,63,14,mae_da,last3,elasticnet,0.06904131859393337
e1,AAPL,63,14,mae_da,last3,huber,0.03879494485675137
e1,AAPL,63,14,mae_da,last3,pls,0.8126541968866808
e1,AAPL,63,14,mae_da,last3,lgbm_reg,0.077494354249918
e1,AAPL,63,14,mae_da,last3,xgb,0.0020151854127166318
e1,AAPL,63,0,softmax_ic,expanding,elasticnet,0.2
e1,AAPL,63,0,softmax_ic,expanding,huber,0.2
e1,AAPL,63,0,softmax_ic,expanding,pls,0.2
e1,AAPL,63,0,softmax_ic,expanding,lgbm_reg,0.2
e1,AAPL,63,0,softmax_ic,expanding,xgb,0.2
e1,AAPL,63,1,softmax_ic,expanding,elasticnet,0.0008780793162741678
e1,AAPL,63,1,softmax_ic,expanding,huber,0.00016201566645307613
e1,AAPL,63,1,softmax_ic,expanding,pls,0.3920113123975637
e1,AAPL,63,1,softmax_ic,expanding,lgbm_reg,0.27049776012082455
e1,AAPL,63,1,softmax_ic,expanding,xgb,0.3364508324988846
e1,AAPL,63,2,softmax_ic,expanding,elasticnet,0.018667568301062577
e1,AAPL,63,2,softmax_ic,expanding,huber,0.006082980050195705
e1,AAPL,63,2,softmax_ic,expanding,pls,0.04352244995243293
e1,AAPL,63,2,softmax_ic,expanding,lgbm_reg,0.43551807351425303
e1,AAPL,63,2,softmax_ic,expanding,xgb,0.4962089281820559
e1,AAPL,63,3,softmax_ic,expanding,elasticnet,0.02836904186129693
e1,AAPL,63,3,softmax_ic,expanding,huber,0.017463476085738734
e1,AAPL,63,3,softmax_ic,expanding,pls,0.01865255696598446
e1,AAPL,63,3,softmax_ic,expanding,lgbm_reg,0.6631545497267727
e1,AAPL,63,3,softmax_ic,expanding,xgb,0.27236037536020724
e1,AAPL,63,4,softmax_ic,expanding,elasticnet,0.008727860382212963
e1,AAPL,63,4,softmax_ic,expanding,huber,0.0035678380148751374
e1,AAPL,63,4,softmax_ic,expanding,pls,0.01935084548202237
e1,AAPL,63,4,softmax_ic,expanding,lgbm_reg,0.7138862990167921
e1,AAPL,63,4,softmax_ic,expanding,xgb,0.2544671571040974
e1,AAPL,63,5,softmax_ic,expanding,elasticnet,0.10205313613538598
e1,AAPL,63,5,softmax_ic,expanding,huber,0.05965369349859967
e1,AAPL,63,5,softmax_ic,expanding,pls,0.08153623108226003
e1,AAPL,63,5,softmax_ic,expanding,lgbm_reg,0.462010761524075
e1,AAPL,63,5,softmax_ic,expanding,xgb,0.2947461777596793
e1,AAPL,63,6,softmax_ic,expanding,elasticnet,0.23127136130206957
e1,AAPL,63,6,softmax_ic,expanding,huber,0.07927049929847163
e1,AAPL,63,6,softmax_ic,expanding,pls,0.19726980007400627
e1,AAPL,63,6,softmax_ic,expanding,lgbm_reg,0.3339655023495877
e1,AAPL,63,6,softmax_ic,expanding,xgb,0.15822283697586478
e1,AAPL,63,7,softmax_ic,expanding,elasticnet,0.2481522409829794
e1,AAPL,63,7,softmax_ic,expanding,huber,0.07702792462062752
e1,AAPL,63,7,softmax_ic,expanding,pls,0.20467789845703116
e1,AAPL,63,7,softmax_ic,expanding,lgbm_reg,0.3222828477900504
e1,AAPL,63,7,softmax_ic,expanding,xgb,0.14785908814931165
e1,AAPL,63,8,softmax_ic,expanding,elasticnet,0.23134808985760766
e1,AAPL,63,8,softmax_ic,expanding,huber,0.07403173235976457
e1,AAPL,63,8,softmax_ic,expanding,pls,0.3261203468273716
e1,AAPL,63,8,softmax_ic,expanding,lgbm_reg,0.23573706385759635
e1,AAPL,63,8,softmax_ic,expanding,xgb,0.1327627670976598
e1,AAPL,63,9,softmax_ic,expanding,elasticnet,0.12140018597539709
e1,AAPL,63,9,softmax_ic,expanding,huber,0.04786030915589645
e1,AAPL,63,9,softmax_ic,expanding,pls,0.20839824898130732
e1,AAPL,63,9,softmax_ic,expanding,lgbm_reg,0.37211352645952683
e1,AAPL,63,9,softmax_ic,expanding,xgb,0.25022772942787225
e1,AAPL,63,10,softmax_ic,expanding,elasticnet,0.10440200717705261
e1,AAPL,63,10,softmax_ic,expanding,huber,0.039574033858484035
e1,AAPL,63,10,softmax_ic,expanding,pls,0.20254808953361864
e1,AAPL,63,10,softmax_ic,expanding,lgbm_reg,0.34970622176906074
e1,AAPL,63,10,softmax_ic,expanding,xgb,0.303769647661784
e1,AAPL,63,11,softmax_ic,expanding,elasticnet,0.10394441738319038
e1,AAPL,63,11,softmax_ic,expanding,huber,0.0466587394617915
e1,AAPL,63,11,softmax_ic,expanding,pls,0.23232213923791553
e1,AAPL,63,11,softmax_ic,expanding,lgbm_reg,0.329011492165811
e1,AAPL,63,11,softmax_ic,expanding,xgb,0.28806321175129157
e1,AAPL,63,12,softmax_ic,expanding,elasticnet,0.12240011274990684
e1,AAPL,63,12,softmax_ic,expanding,huber,0.04716588915845288
e1,AAPL,63,12,softmax_ic,expanding,pls,0.2628791222733416
e1,AAPL,63,12,softmax_ic,expanding,lgbm_reg,0.2571285412565364
e1,AAPL,63,12,softmax_ic,expanding,xgb,0.31042633456176233
e1,AAPL,63,13,softmax_ic,expanding,elasticnet,0.12328916982738447
e1,AAPL,63,13,softmax_ic,expanding,huber,0.05457608966700534
e1,AAPL,63,13,softmax_ic,expanding,pls,0.2797227837625868
e1,AAPL,63,13,softmax_ic,expanding,lgbm_reg,0.23697191472978957
e1,AAPL,63,13,softmax_ic,expanding,xgb,0.3054400420132338
e1,AAPL,63,14,softmax_ic,expanding,elasticnet,0.14188130136709545
e1,AAPL,63,14,softmax_ic,expanding,huber,0.0676869023080394
e1,AAPL,63,14,softmax_ic,expanding,pls,0.28728218436021596
e1,AAPL,63,14,softmax_ic,expanding,lgbm_reg,0.2215763921926914
e1,AAPL,63,14,softmax_ic,expanding,xgb,0.2815732197719577
e1,AAPL,63,0,softmax_ic,last3,elasticnet,0.2
e1,AAPL,63,0,softmax_ic,last3,huber,0.2
e1,AAPL,63,0,softmax_ic,last3,pls,0.2
e1,AAPL,63,0,softmax_ic,last3,lgbm_reg,0.2
e1,AAPL,63,0,softmax_ic,last3,xgb,0.2
e1,AAPL,63,1,softmax_ic,last3,elasticnet,0.0008780793162741678
e1,AAPL,63,1,softmax_ic,last3,huber,0.00016201566645307613
e1,AAPL,63,1,softmax_ic,last3,pls,0.3920113123975637
e1,AAPL,63,1,softmax_ic,last3,lgbm_reg,0.27049776012082455
e1,AAPL,63,1,softmax_ic,last3,xgb,0.3364508324988846
e1,AAPL,63,2,softmax_ic,last3,elasticnet,0.018667568301062577
e1,AAPL,63,2,softmax_ic,last3,huber,0.006082980050195705
e1,AAPL,63,2,softmax_ic,last3,pls,0.04352244995243293
e1,AAPL,63,2,softmax_ic,last3,lgbm_reg,0.43551807351425303
e1,AAPL,63,2,softmax_ic,last3,xgb,0.4962089281820559
e1,AAPL,63,3,softmax_ic,last3,elasticnet,0.02836904186129693
e1,AAPL,63,3,softmax_ic,last3,huber,0.017463476085738734
e1,AAPL,63,3,softmax_ic,last3,pls,0.01865255696598446
e1,AAPL,63,3,softmax_ic,last3,lgbm_reg,0.6631545497267727
e1,AAPL,63,3,softmax_ic,last3,xgb,0.27236037536020724
e1,AAPL,63,4,softmax_ic,last3,elasticnet,0.00837861216694669
e1,AAPL,63,4,softmax_ic,last3,huber,0.0038017930020464237
e1,AAPL,63,4,softmax_ic,last3,pls,0.007834747726726076
e1,AAPL,63,4,softmax_ic,last3,lgbm_reg,0.7643554328083838
e1,AAPL,63,4,softmax_ic,last3,xgb,0.21562941429589685
e1,AAPL,63,5,softmax_ic,last3,elasticnet,0.2595364637497938
e1,AAPL,63,5,softmax_ic,last3,huber,0.1977341434931852
e1,AAPL,63,5,softmax_ic,last3,pls,0.08089608556513811
e1,AAPL,63,5,softmax_ic,last3,lgbm_reg,0.25290249391233544
e1,AAPL,63,5,softmax_ic,last3,xgb,0.20893081327954732
e1,AAPL,63,6,softmax_ic,last3,elasticnet,0.5643369937430353
e1,AAPL,63,6,softmax_ic,last3,huber,0.10848597846353117
e1,AAPL,63,6,softmax_ic,last3,pls,0.29595284327279653
e1,AAPL,63,6,softmax_ic,last3,lgbm_reg,0.01963329816433371
e1,AAPL,63,6,softmax_ic,last3,xgb,0.011590886356303159
e1,AAPL,63,7,softmax_ic,last3,elasticnet,0.8562764214769717
e1,AAPL,63,7,softmax_ic,last3,huber,0.05138427625197456
e1,AAPL,63,7,softmax_ic,last3,pls,0.08977475845110905
e1,AAPL,63,7,softmax_ic,last3,lgbm_reg,0.0019988083768201
e1,AAPL,63,7,softmax_ic,last3,xgb,0.0005657354431243405
e1,AAPL,63,8,softmax_ic,last3,elasticnet,0.0710307099446246
e1,AAPL,63,8,softmax_ic,last3,huber,0.012009410910553029
e1,AAPL,63,8,softmax_ic,last3,pls,0.8956515030179172
e1,AAPL,63,8,softmax_ic,last3,lgbm_reg,0.016000617935282967
e1,AAPL,63,8,softmax_ic,last3,xgb,0.0053077581916221835
e1,AAPL,63,9,softmax_ic,last3,elasticnet,0.0010724209522226143
e1,AAPL,63,9,softmax_ic,last3,huber,0.0014019790804597155
e1,AAPL,63,9,softmax_ic,last3,pls,0.04782449830006189
e1,AAPL,63,9,softmax_ic,last3,lgbm_reg,0.535955532690911
e1,AAPL,63,9,softmax_ic,last3,xgb,0.41374556897634485
e1,AAPL,63,10,softmax_ic,last3,elasticnet,0.0029033288859860785
e1,AAPL,63,10,softmax_ic,last3,huber,0.0038520365250203407
e1,AAPL,63,10,softmax_ic,last3,pls,0.26473097392601974
e1,AAPL,63,10,softmax_ic,last3,lgbm_reg,0.40427060091284095
e1,AAPL,63,10,softmax_ic,last3,xgb,0.324243059750133
e1,AAPL,63,11,softmax_ic,last3,elasticnet,0.0003640420840153307
e1,AAPL,63,11,softmax_ic,last3,huber,0.0006486141535650789
e1,AAPL,63,11,softmax_ic,last3,pls,0.031204035040795636
e1,AAPL,63,11,softmax_ic,last3,lgbm_reg,0.6047370259042316
e1,AAPL,63,11,softmax_ic,last3,xgb,0.36304628281739226
e1,AAPL,63,12,softmax_ic,last3,elasticnet,0.09713382954775737
e1,AAPL,63,12,softmax_ic,last3,huber,0.04196285923286687
e1,AAPL,63,12,softmax_ic,last3,pls,0.48188196187446897
e1,AAPL,63,12,softmax_ic,last3,lgbm_reg,0.052274996144381816
e1,AAPL,63,12,softmax_ic,last3,xgb,0.32674635320052503
e1,AAPL,63,13,softmax_ic,last3,elasticnet,0.12852232953728474
e1,AAPL,63,13,softmax_ic,last3,huber,0.09479256930128674
e1,AAPL,63,13,softmax_ic,last3,pls,0.665585743909311
e1,AAPL,63,13,softmax_ic,last3,lgbm_reg,0.011459886595024966
e1,AAPL,63,13,softmax_ic,last3,xgb,0.09963947065709251
e1,AAPL,63,14,softmax_ic,last3,elasticnet,0.2379703967601554
e1,AAPL,63,14,softmax_ic,last3,huber,0.18045514733841816
e1,AAPL,63,14,softmax_ic,last3,pls,0.41168917673625993
e1,AAPL,63,14,softmax_ic,last3,lgbm_reg,0.01791224618954157
e1,AAPL,63,14,softmax_ic,last3,xgb,0.15197303297562492
e1,AAPL,63,0,best_recent,expanding,elasticnet,0.2
e1,AAPL,63,0,best_recent,expanding,huber,0.2
e1,AAPL,63,0,best_recent,expanding,pls,0.2
e1,AAPL,63,0,best_recent,expanding,lgbm_reg,0.2
e1,AAPL,63,0,best_recent,expanding,xgb,0.2
e1,AAPL,63,1,best_recent,expanding,elasticnet,0.0
e1,AAPL,63,1,best_recent,expanding,huber,0.0
e1,AAPL,63,1,best_recent,expanding,pls,1.0
e1,AAPL,63,1,best_recent,expanding,lgbm_reg,0.0
e1,AAPL,63,1,best_recent,expanding,xgb,0.0
e1,AAPL,63,2,best_recent,expanding,elasticnet,0.0
e1,AAPL,63,2,best_recent,expanding,huber,0.0
e1,AAPL,63,2,best_recent,expanding,pls,0.0
e1,AAPL,63,2,best_recent,expanding,lgbm_reg,0.0
e1,AAPL,63,2,best_recent,expanding,xgb,1.0
e1,AAPL,63,3,best_recent,expanding,elasticnet,0.0
e1,AAPL,63,3,best_recent,expanding,huber,0.0
e1,AAPL,63,3,best_recent,expanding,pls,0.0
e1,AAPL,63,3,best_recent,expanding,lgbm_reg,1.0
e1,AAPL,63,3,best_recent,expanding,xgb,0.0
e1,AAPL,63,4,best_recent,expanding,elasticnet,0.0
e1,AAPL,63,4,best_recent,expanding,huber,0.0
e1,AAPL,63,4,best_recent,expanding,pls,0.0
e1,AAPL,63,4,best_recent,expanding,lgbm_reg,1.0
e1,AAPL,63,4,best_recent,expanding,xgb,0.0
e1,AAPL,63,5,best_recent,expanding,elasticnet,0.0
e1,AAPL,63,5,best_recent,expanding,huber,0.0
e1,AAPL,63,5,best_recent,expanding,pls,0.0
e1,AAPL,63,5,best_recent,expanding,lgbm_reg,1.0
e1,AAPL,63,5,best_recent,expanding,xgb,0.0
e1,AAPL,63,6,best_recent,expanding,elasticnet,0.0
e1,AAPL,63,6,best_recent,expanding,huber,0.0
e1,AAPL,63,6,best_recent,expanding,pls,0.0
e1,AAPL,63,6,best_recent,expanding,lgbm_reg,1.0
e1,AAPL,63,6,best_recent,expanding,xgb,0.0
e1,AAPL,63,7,best_recent,expanding,elasticnet,0.0
e1,AAPL,63,7,best_recent,expanding,huber,0.0
e1,AAPL,63,7,best_recent,expanding,pls,0.0
e1,AAPL,63,7,best_recent,expanding,lgbm_reg,1.0
e1,AAPL,63,7,best_recent,expanding,xgb,0.0
e1,AAPL,63,8,best_recent,expanding,elasticnet,0.0
e1,AAPL,63,8,best_recent,expanding,huber,0.0
e1,AAPL,63,8,best_recent,expanding,pls,1.0
e1,AAPL,63,8,best_recent,expanding,lgbm_reg,0.0
e1,AAPL,63,8,best_recent,expanding,xgb,0.0
e1,AAPL,63,9,best_recent,expanding,elasticnet,0.0
e1,AAPL,63,9,best_recent,expanding,huber,0.0
e1,AAPL,63,9,best_recent,expanding,pls,0.0
e1,AAPL,63,9,best_recent,expanding,lgbm_reg,1.0
e1,AAPL,63,9,best_recent,expanding,xgb,0.0
e1,AAPL,63,10,best_recent,expanding,elasticnet,0.0
e1,AAPL,63,10,best_recent,expanding,huber,0.0
e1,AAPL,63,10,best_recent,expanding,pls,0.0
e1,AAPL,63,10,best_recent,expanding,lgbm_reg,1.0
e1,AAPL,63,10,best_recent,expanding,xgb,0.0
e1,AAPL,63,11,best_recent,expanding,elasticnet,0.0
e1,AAPL,63,11,best_recent,expanding,huber,0.0
e1,AAPL,63,11,best_recent,expanding,pls,0.0
e1,AAPL,63,11,best_recent,expanding,lgbm_reg,1.0
e1,AAPL,63,11,best_recent,expanding,xgb,0.0
e1,AAPL,63,12,best_recent,expanding,elasticnet,0.0
e1,AAPL,63,12,best_recent,expanding,huber,0.0
e1,AAPL,63,12,best_recent,expanding,pls,0.0
e1,AAPL,63,12,best_recent,expanding,lgbm_reg,0.0
e1,AAPL,63,12,best_recent,expanding,xgb,1.0
e1,AAPL,63,13,best_recent,expanding,elasticnet,0.0
e1,AAPL,63,13,best_recent,expanding,huber,0.0
e1,AAPL,63,13,best_recent,expanding,pls,0.0
e1,AAPL,63,13,best_recent,expanding,lgbm_reg,0.0
e1,AAPL,63,13,best_recent,expanding,xgb,1.0
e1,AAPL,63,14,best_recent,expanding,elasticnet,0.0
e1,AAPL,63,14,best_recent,expanding,huber,0.0
e1,AAPL,63,14,best_recent,expanding,pls,1.0
e1,AAPL,63,14,best_recent,expanding,lgbm_reg,0.0
e1,AAPL,63,14,best_recent,expanding,xgb,0.0
e1,AAPL,63,0,best_recent,last3,elasticnet,0.2
e1,AAPL,63,0,best_recent,last3,huber,0.2
e1,AAPL,63,0,best_recent,last3,pls,0.2
e1,AAPL,63,0,best_recent,last3,lgbm_reg,0.2
e1,AAPL,63,0,best_recent,last3,xgb,0.2
e1,AAPL,63,1,best_recent,last3,elasticnet,0.0
e1,AAPL,63,1,best_recent,last3,huber,0.0
e1,AAPL,63,1,best_recent,last3,pls,1.0
e1,AAPL,63,1,best_recent,last3,lgbm_reg,0.0
e1,AAPL,63,1,best_recent,last3,xgb,0.0
e1,AAPL,63,2,best_recent,last3,elasticnet,0.0
e1,AAPL,63,2,best_recent,last3,huber,0.0
e1,AAPL,63,2,best_recent,last3,pls,0.0
e1,AAPL,63,2,best_recent,last3,lgbm_reg,0.0
e1,AAPL,63,2,best_recent,last3,xgb,1.0
e1,AAPL,63,3,best_recent,last3,elasticnet,0.0
e1,AAPL,63,3,best_recent,last3,huber,0.0
e1,AAPL,63,3,best_recent,last3,pls,0.0
e1,AAPL,63,3,best_recent,last3,lgbm_reg,1.0
e1,AAPL,63,3,best_recent,last3,xgb,0.0
e1,AAPL,63,4,best_recent,last3,elasticnet,0.0
e1,AAPL,63,4,best_recent,last3,huber,0.0
e1,AAPL,63,4,best_recent,last3,pls,0.0
e1,AAPL,63,4,best_recent,last3,lgbm_reg,1.0
e1,AAPL,63,4,best_recent,last3,xgb,0.0
e1,AAPL,63,5,best_recent,last3,elasticnet,1.0
e1,AAPL,63,5,best_recent,last3,huber,0.0
e1,AAPL,63,5,best_recent,last3,pls,0.0
e1,AAPL,63,5,best_recent,last3,lgbm_reg,0.0
e1,AAPL,63,5,best_recent,last3,xgb,0.0
e1,AAPL,63,6,best_recent,last3,elasticnet,1.0
e1,AAPL,63,6,best_recent,last3,huber,0.0
e1,AAPL,63,6,best_recent,last3,pls,0.0
e1,AAPL,63,6,best_recent,last3,lgbm_reg,0.0
e1,AAPL,63,6,best_recent,last3,xgb,0.0
e1,AAPL,63,7,best_recent,last3,elasticnet,1.0
e1,AAPL,63,7,best_recent,last3,huber,0.0
e1,AAPL,63,7,best_recent,last3,pls,0.0
e1,AAPL,63,7,best_recent,last3,lgbm_reg,0.0
e1,AAPL,63,7,best_recent,last3,xgb,0.0
e1,AAPL,63,8,best_recent,last3,elasticnet,0.0
e1,AAPL,63,8,best_recent,last3,huber,0.0
e1,AAPL,63,8,best_recent,last3,pls,1.0
e1,AAPL,63,8,best_recent,last3,lgbm_reg,0.0
e1,AAPL,63,8,best_recent,last3,xgb,0.0
e1,AAPL,63,9,best_recent,last3,elasticnet,0.0
e1,AAPL,63,9,best_recent,last3,huber,0.0
e1,AAPL,63,9,best_recent,last3,pls,0.0
e1,AAPL,63,9,best_recent,last3,lgbm_reg,1.0
e1,AAPL,63,9,best_recent,last3,xgb,0.0
e1,AAPL,63,10,best_recent,last3,elasticnet,0.0
e1,AAPL,63,10,best_recent,last3,huber,0.0
e1,AAPL,63,10,best_recent,last3,pls,0.0
e1,AAPL,63,10,best_recent,last3,lgbm_reg,1.0
e1,AAPL,63,10,best_recent,last3,xgb,0.0
e1,AAPL,63,11,best_recent,last3,elasticnet,0.0
e1,AAPL,63,11,best_recent,last3,huber,0.0
e1,AAPL,63,11,best_recent,last3,pls,0.0
e1,AAPL,63,11,best_recent,last3,lgbm_reg,1.0
e1,AAPL,63,11,best_recent,last3,xgb,0.0
e1,AAPL,63,12,best_recent,last3,elasticnet,0.0
e1,AAPL,63,12,best_recent,last3,huber,0.0
e1,AAPL,63,12,best_recent,last3,pls,1.0
e1,AAPL,63,12,best_recent,last3,lgbm_reg,0.0
e1,AAPL,63,12,best_recent,last3,xgb,0.0
e1,AAPL,63,13,best_recent,last3,elasticnet,0.0
e1,AAPL,63,13,best_recent,last3,huber,0.0
e1,AAPL,63,13,best_recent,last3,pls,1.0
e1,AAPL,63,13,best_recent,last3,lgbm_reg,0.0
e1,AAPL,63,13,best_recent,last3,xgb,0.0
e1,AAPL,63,14,best_recent,last3,elasticnet,0.0
e1,AAPL,63,14,best_recent,last3,huber,0.0
e1,AAPL,63,14,best_recent,last3,pls,1.0
e1,AAPL,63,14,best_recent,last3,lgbm_reg,0.0
e1,AAPL,63,14,best_recent,last3,xgb,0.0
e1,JPM,5,0,equal,expanding,elasticnet,0.2
e1,JPM,5,0,equal,expanding,huber,0.2
e1,JPM,5,0,equal,expanding,pls,0.2
e1,JPM,5,0,equal,expanding,lgbm_reg,0.2
e1,JPM,5,0,equal,expanding,xgb,0.2
e1,JPM,5,1,equal,expanding,elasticnet,0.2
e1,JPM,5,1,equal,expanding,huber,0.2
e1,JPM,5,1,equal,expanding,pls,0.2
e1,JPM,5,1,equal,expanding,lgbm_reg,0.2
e1,JPM,5,1,equal,expanding,xgb,0.2
e1,JPM,5,2,equal,expanding,elasticnet,0.2
e1,JPM,5,2,equal,expanding,huber,0.2
e1,JPM,5,2,equal,expanding,pls,0.2
e1,JPM,5,2,equal,expanding,lgbm_reg,0.2
e1,JPM,5,2,equal,expanding,xgb,0.2
e1,JPM,5,3,equal,expanding,elasticnet,0.2
e1,JPM,5,3,equal,expanding,huber,0.2
e1,JPM,5,3,equal,expanding,pls,0.2
e1,JPM,5,3,equal,expanding,lgbm_reg,0.2
e1,JPM,5,3,equal,expanding,xgb,0.2
e1,JPM,5,4,equal,expanding,elasticnet,0.2
e1,JPM,5,4,equal,expanding,huber,0.2
e1,JPM,5,4,equal,expanding,pls,0.2
e1,JPM,5,4,equal,expanding,lgbm_reg,0.2
e1,JPM,5,4,equal,expanding,xgb,0.2
e1,JPM,5,5,equal,expanding,elasticnet,0.2
e1,JPM,5,5,equal,expanding,huber,0.2
e1,JPM,5,5,equal,expanding,pls,0.2
e1,JPM,5,5,equal,expanding,lgbm_reg,0.2
e1,JPM,5,5,equal,expanding,xgb,0.2
e1,JPM,5,6,equal,expanding,elasticnet,0.2
e1,JPM,5,6,equal,expanding,huber,0.2
e1,JPM,5,6,equal,expanding,pls,0.2
e1,JPM,5,6,equal,expanding,lgbm_reg,0.2
e1,JPM,5,6,equal,expanding,xgb,0.2
e1,JPM,5,7,equal,expanding,elasticnet,0.2
e1,JPM,5,7,equal,expanding,huber,0.2
e1,JPM,5,7,equal,expanding,pls,0.2
e1,JPM,5,7,equal,expanding,lgbm_reg,0.2
e1,JPM,5,7,equal,expanding,xgb,0.2
e1,JPM,5,8,equal,expanding,elasticnet,0.2
e1,JPM,5,8,equal,expanding,huber,0.2
e1,JPM,5,8,equal,expanding,pls,0.2
e1,JPM,5,8,equal,expanding,lgbm_reg,0.2
e1,JPM,5,8,equal,expanding,xgb,0.2
e1,JPM,5,9,equal,expanding,elasticnet,0.2
e1,JPM,5,9,equal,expanding,huber,0.2
e1,JPM,5,9,equal,expanding,pls,0.2
e1,JPM,5,9,equal,expanding,lgbm_reg,0.2
e1,JPM,5,9,equal,expanding,xgb,0.2
e1,JPM,5,10,equal,expanding,elasticnet,0.2
e1,JPM,5,10,equal,expanding,huber,0.2
e1,JPM,5,10,equal,expanding,pls,0.2
e1,JPM,5,10,equal,expanding,lgbm_reg,0.2
e1,JPM,5,10,equal,expanding,xgb,0.2
e1,JPM,5,11,equal,expanding,elasticnet,0.2
e1,JPM,5,11,equal,expanding,huber,0.2
e1,JPM,5,11,equal,expanding,pls,0.2
e1,JPM,5,11,equal,expanding,lgbm_reg,0.2
e1,JPM,5,11,equal,expanding,xgb,0.2
e1,JPM,5,12,equal,expanding,elasticnet,0.2
e1,JPM,5,12,equal,expanding,huber,0.2
e1,JPM,5,12,equal,expanding,pls,0.2
e1,JPM,5,12,equal,expanding,lgbm_reg,0.2
e1,JPM,5,12,equal,expanding,xgb,0.2
e1,JPM,5,13,equal,expanding,elasticnet,0.2
e1,JPM,5,13,equal,expanding,huber,0.2
e1,JPM,5,13,equal,expanding,pls,0.2
e1,JPM,5,13,equal,expanding,lgbm_reg,0.2
e1,JPM,5,13,equal,expanding,xgb,0.2
e1,JPM,5,14,equal,expanding,elasticnet,0.2
e1,JPM,5,14,equal,expanding,huber,0.2
e1,JPM,5,14,equal,expanding,pls,0.2
e1,JPM,5,14,equal,expanding,lgbm_reg,0.2
e1,JPM,5,14,equal,expanding,xgb,0.2
e1,JPM,5,0,inv_mae,expanding,elasticnet,0.2
e1,JPM,5,0,inv_mae,expanding,huber,0.2
e1,JPM,5,0,inv_mae,expanding,pls,0.2
e1,JPM,5,0,inv_mae,expanding,lgbm_reg,0.2
e1,JPM,5,0,inv_mae,expanding,xgb,0.2
e1,JPM,5,1,inv_mae,expanding,elasticnet,0.23131225264926283
e1,JPM,5,1,inv_mae,expanding,huber,0.23021808840130248
e1,JPM,5,1,inv_mae,expanding,pls,0.22732546721589572
e1,JPM,5,1,inv_mae,expanding,lgbm_reg,0.15884292767864058
e1,JPM,5,1,inv_mae,expanding,xgb,0.15230126405489844
e1,JPM,5,2,inv_mae,expanding,elasticnet,0.1432552491799791
e1,JPM,5,2,inv_mae,expanding,huber,0.18806253804944797
e1,JPM,5,2,inv_mae,expanding,pls,0.270403630898107
e1,JPM,5,2,inv_mae,expanding,lgbm_reg,0.22654930768371925
e1,JPM,5,2,inv_mae,expanding,xgb,0.17172927418874662
e1,JPM,5,3,inv_mae,expanding,elasticnet,0.1396988122592914
e1,JPM,5,3,inv_mae,expanding,huber,0.18869129820173022
e1,JPM,5,3,inv_mae,expanding,pls,0.23702798232374922
e1,JPM,5,3,inv_mae,expanding,lgbm_reg,0.23802493746320635
e1,JPM,5,3,inv_mae,expanding,xgb,0.19655696975202266
e1,JPM,5,4,inv_mae,expanding,elasticnet,0.1375081191452203
e1,JPM,5,4,inv_mae,expanding,huber,0.19028249334971234
e1,JPM,5,4,inv_mae,expanding,pls,0.2283241707173194
e1,JPM,5,4,inv_mae,expanding,lgbm_reg,0.24361625330630604
e1,JPM,5,4,inv_mae,expanding,xgb,0.2002689634814419
e1,JPM,5,5,inv_mae,expanding,elasticnet,0.13233477246386346
e1,JPM,5,5,inv_mae,expanding,huber,0.19341499459196526
e1,JPM,5,5,inv_mae,expanding,pls,0.2239326319292843
e1,JPM,5,5,inv_mae,expanding,lgbm_reg,0.24595109144839555
e1,JPM,5,5,inv_mae,expanding,xgb,0.20436650956649138
e1,JPM,5,6,inv_mae,expanding,elasticnet,0.13812960163330296
e1,JPM,5,6,inv_mae,expanding,huber,0.20588470668513933
e1,JPM,5,6,inv_mae,expanding,pls,0.2051382773252391
e1,JPM,5,6,inv_mae,expanding,lgbm_reg,0.24075822901583854
e1,JPM,5,6,inv_mae,expanding,xgb,0.21008918534048004
e1,JPM,5,7,inv_mae,expanding,elasticnet,0.13666652305479393
e1,JPM,5,7,inv_mae,expanding,huber,0.20234557347291066
e1,JPM,5,7,inv_mae,expanding,pls,0.20497281728716507
e1,JPM,5,7,inv_mae,expanding,lgbm_reg,0.24233186019845188
e1,JPM,5,7,inv_mae,expanding,xgb,0.21368322598667847
e1,JPM,5,8,inv_mae,expanding,elasticnet,0.14495780532746882
e1,JPM,5,8,inv_mae,expanding,huber,0.20320418860960354
e1,JPM,5,8,inv_mae,expanding,pls,0.2035051572077901
e1,JPM,5,8,inv_mae,expanding,lgbm_reg,0.23795445313478386
e1,JPM,5,8,inv_mae,expanding,xgb,0.21037839572035377
e1,JPM,5,9,inv_mae,expanding,elasticnet,0.14573582613802705
e1,JPM,5,9,inv_mae,expanding,huber,0.20310240907489305
e1,JPM,5,9,inv_mae,expanding,pls,0.20211999986911525
e1,JPM,5,9,inv_mae,expanding,lgbm_reg,0.23754240919958333
e1,JPM,5,9,inv_mae,expanding,xgb,0.21149935571838135
e1,JPM,5,10,inv_mae,expanding,elasticnet,0.1552414986427895
e1,JPM,5,10,inv_mae,expanding,huber,0.21036033109282898
e1,JPM,5,10,inv_mae,expanding,pls,0.20255177303790015
e1,JPM,5,10,inv_mae,expanding,lgbm_reg,0.23596773280447234
e1,JPM,5,10,inv_mae,expanding,xgb,0.19587866442200907
e1,JPM,5,11,inv_mae,expanding,elasticnet,0.15176451541239835
e1,JPM,5,11,inv_mae,expanding,huber,0.20805336183029235
e1,JPM,5,11,inv_mae,expanding,pls,0.20189274175424332
e1,JPM,5,11,inv_mae,expanding,lgbm_reg,0.23779732764072925
e1,JPM,5,11,inv_mae,expanding,xgb,0.2004920533623367
e1,JPM,5,12,inv_mae,expanding,elasticnet,0.15378693435185584
e1,JPM,5,12,inv_mae,expanding,huber,0.20871143052089333
e1,JPM,5,12,inv_mae,expanding,pls,0.20405633818772745
e1,JPM,5,12,inv_mae,expanding,lgbm_reg,0.2341982232258774
e1,JPM,5,12,inv_mae,expanding,xgb,0.19924707371364586
e1,JPM,5,13,inv_mae,expanding,elasticnet,0.1542887855785762
e1,JPM,5,13,inv_mae,expanding,huber,0.20604121518324223
e1,JPM,5,13,inv_mae,expanding,pls,0.20510368110312097
e1,JPM,5,13,inv_mae,expanding,lgbm_reg,0.2338341800524023
e1,JPM,5,13,inv_mae,expanding,xgb,0.2007321380826583
e1,JPM,5,14,inv_mae,expanding,elasticnet,0.15612203873385516
e1,JPM,5,14,inv_mae,expanding,huber,0.2058009351381649
e1,JPM,5,14,inv_mae,expanding,pls,0.2009938727704575
e1,JPM,5,14,inv_mae,expanding,lgbm_reg,0.23421819468184057
e1,JPM,5,14,inv_mae,expanding,xgb,0.2028649586756818
e1,JPM,5,0,inv_mae,last3,elasticnet,0.2
e1,JPM,5,0,inv_mae,last3,huber,0.2
e1,JPM,5,0,inv_mae,last3,pls,0.2
e1,JPM,5,0,inv_mae,last3,lgbm_reg,0.2
e1,JPM,5,0,inv_mae,last3,xgb,0.2
e1,JPM,5,1,inv_mae,last3,elasticnet,0.23131225264926283
e1,JPM,5,1,inv_mae,last3,huber,0.23021808840130248
e1,JPM,5,1,inv_mae,last3,pls,0.22732546721589572
e1,JPM,5,1,inv_mae,last3,lgbm_reg,0.15884292767864058
e1,JPM,5,1,inv_mae,last3,xgb,0.15230126405489844
e1,JPM,5,2,inv_mae,last3,elasticnet,0.1432552491799791
e1,JPM,5,2,inv_mae,last3,huber,0.18806253804944797
e1,JPM,5,2,inv_mae,last3,pls,0.270403630898107
e1,JPM,5,2,inv_mae,last3,lgbm_reg,0.22654930768371925
e1,JPM,5,2,inv_mae,last3,xgb,0.17172927418874662
e1,JPM,5,3,inv_mae,last3,elasticnet,0.1396988122592914
e1,JPM,5,3,inv_mae,last3,huber,0.18869129820173022
e1,JPM,5,3,inv_mae,last3,pls,0.23702798232374922
e1,JPM,5,3,inv_mae,last3,lgbm_reg,0.23802493746320635
e1,JPM,5,3,inv_mae,last3,xgb,0.19655696975202266
e1,JPM,5,4,inv_mae,last3,elasticnet,0.10683664348559174
e1,JPM,5,4,inv_mae,last3,huber,0.1682217861460485
e1,JPM,5,4,inv_mae,last3,pls,0.21948449659467442
e1,JPM,5,4,inv_mae,last3,lgbm_reg,0.2871028339031436
e1,JPM,5,4,inv_mae,last3,xgb,0.21835423987054184
e1,JPM,5,5,inv_mae,last3,elasticnet,0.11996869655850491
e1,JPM,5,5,inv_mae,last3,huber,0.19486193075585748
e1,JPM,5,5,inv_mae,last3,pls,0.18334007088335147
e1,JPM,5,5,inv_mae,last3,lgbm_reg,0.26190272415352045
e1,JPM,5,5,inv_mae,last3,xgb,0.2399265776487657
e1,JPM,5,6,inv_mae,last3,elasticnet,0.13431797388016675
e1,JPM,5,6,inv_mae,last3,huber,0.2290173805023658
e1,JPM,5,6,inv_mae,last3,pls,0.16828538279553207
e1,JPM,5,6,inv_mae,last3,lgbm_reg,0.24132127875025175
e1,JPM,5,6,inv_mae,last3,xgb,0.22705798407168354
e1,JPM,5,7,inv_mae,last3,elasticnet,0.13357158291035878
e1,JPM,5,7,inv_mae,last3,huber,0.2233544402873822
e1,JPM,5,7,inv_mae,last3,pls,0.1685354833642945
e1,JPM,5,7,inv_mae,last3,lgbm_reg,0.23719955049670594
e1,JPM,5,7,inv_mae,last3,xgb,0.2373389429412587
e1,JPM,5,8,inv_mae,last3,elasticnet,0.17335026166137163
e1,JPM,5,8,inv_mae,last3,huber,0.22191249116599435
e1,JPM,5,8,inv_mae,last3,pls,0.16567489140951652
e1,JPM,5,8,inv_mae,last3,lgbm_reg,0.21904364434232348
e1,JPM,5,8,inv_mae,last3,xgb,0.220018711420794
e1,JPM,5,9,inv_mae,last3,elasticnet,0.16678995477643344
e1,JPM,5,9,inv_mae,last3,huber,0.1956848762416363
e1,JPM,5,9,inv_mae,last3,pls,0.19415052647093328
e1,JPM,5,9,inv_mae,last3,lgbm_reg,0.22895754711903885
e1,JPM,5,9,inv_mae,last3,xgb,0.2144170953919582
e1,JPM,5,10,inv_mae,last3,elasticnet,0.19877293182464856
e1,JPM,5,10,inv_mae,last3,huber,0.22352369603774777
e1,JPM,5,10,inv_mae,last3,pls,0.19450506070647947
e1,JPM,5,10,inv_mae,last3,lgbm_reg,0.2201850205677228
e1,JPM,5,10,inv_mae,last3,xgb,0.16301329086340138
e1,JPM,5,11,inv_mae,last3,elasticnet,0.1675592994094375
e1,JPM,5,11,inv_mae,last3,huber,0.21838310044799383
e1,JPM,5,11,inv_mae,last3,pls,0.19760198570180812
e1,JPM,5,11,inv_mae,last3,lgbm_reg,0.236501704373494
e1,JPM,5,11,inv_mae,last3,xgb,0.1799539100672665
e1,JPM,5,12,inv_mae,last3,elasticnet,0.17172148167232013
e1,JPM,5,12,inv_mae,last3,huber,0.2199638391100478
e1,JPM,5,12,inv_mae,last3,pls,0.20705819870833883
e1,JPM,5,12,inv_mae,last3,lgbm_reg,0.22606520405927513
e1,JPM,5,12,inv_mae,last3,xgb,0.17519127645001803
e1,JPM,5,13,inv_mae,last3,elasticnet,0.1508937146559397
e1,JPM,5,13,inv_mae,last3,huber,0.192305581550133
e1,JPM,5,13,inv_mae,last3,pls,0.21318466879190207
e1,JPM,5,13,inv_mae,last3,lgbm_reg,0.22654133095197318
e1,JPM,5,13,inv_mae,last3,xgb,0.21707470405005197
e1,JPM,5,14,inv_mae,last3,elasticnet,0.17258796242142702
e1,JPM,5,14,inv_mae,last3,huber,0.19752189123569042
e1,JPM,5,14,inv_mae,last3,pls,0.19734289078163922
e1,JPM,5,14,inv_mae,last3,lgbm_reg,0.22143706101504637
e1,JPM,5,14,inv_mae,last3,xgb,0.21111019454619695
e1,JPM,5,0,mae_da,expanding,elasticnet,0.2
e1,JPM,5,0,mae_da,expanding,huber,0.2
e1,JPM,5,0,mae_da,expanding,pls,0.2
e1,JPM,5,0,mae_da,expanding,lgbm_reg,0.2
e1,JPM,5,0,mae_da,expanding,xgb,0.2
e1,JPM,5,1,mae_da,expanding,elasticnet,0.5572357794049393
e1,JPM,5,1,mae_da,expanding,huber,0.24553023099127258
e1,JPM,5,1,mae_da,expanding,pls,0.18556004710070165
e1,JPM,5,1,mae_da,expanding,lgbm_reg,0.005036563663935896
e1,JPM,5,1,mae_da,expanding,xgb,0.006637378839150558
e1,JPM,5,2,mae_da,expanding,elasticnet,0.11036934974750119
e1,JPM,5,2,mae_da,expanding,huber,0.23937024379990543
e1,JPM,5,2,mae_da,expanding,pls,0.551792013546594
e1,JPM,5,2,mae_da,expanding,lgbm_reg,0.07458593442056921
e1,JPM,5,2,mae_da,expanding,xgb,0.02388245848543018
e1,JPM,5,3,mae_da,expanding,elasticnet,0.13059616624456075
e1,JPM,5,3,mae_da,expanding,huber,0.24583551787032495
e1,JPM,5,3,mae_da,expanding,pls,0.42798213267069485
e1,JPM,5,3,mae_da,expanding,lgbm_reg,0.12005621727679561
e1,JPM,5,3,mae_da,expanding,xgb,0.07552996593762379
e1,JPM,5,4,mae_da,expanding,elasticnet,0.07127450961974491
e1,JPM,5,4,mae_da,expanding,huber,0.32001716854160905
e1,JPM,5,4,mae_da,expanding,pls,0.43828481094785776
e1,JPM,5,4,mae_da,expanding,lgbm_reg,0.09324256535829152
e1,JPM,5,4,mae_da,expanding,xgb,0.0771809455324967
e1,JPM,5,5,mae_da,expanding,elasticnet,0.05578839643753355
e1,JPM,5,5,mae_da,expanding,huber,0.42104891501332115
e1,JPM,5,5,mae_da,expanding,pls,0.35355334908358715
e1,JPM,5,5,mae_da,expanding,lgbm_reg,0.10010838345337524
e1,JPM,5,5,mae_da,expanding,xgb,0.06950095601218292
e1,JPM,5,6,mae_da,expanding,elasticnet,0.05090901023521393
e1,JPM,5,6,mae_da,expanding,huber,0.6140915763491234
e1,JPM,5,6,mae_da,expanding,pls,0.14683077410143824
e1,JPM,5,6,mae_da,expanding,lgbm_reg,0.09323620625926016
e1,JPM,5,6,mae_da,expanding,xgb,0.09493243305496431
e1,JPM,5,7,mae_da,expanding,elasticnet,0.04758093303703963
e1,JPM,5,7,mae_da,expanding,huber,0.641944247393902
e1,JPM,5,7,mae_da,expanding,pls,0.08365577909593916
e1,JPM,5,7,mae_da,expanding,lgbm_reg,0.11797695660366003
e1,JPM,5,7,mae_da,expanding,xgb,0.10884208386945929
e1,JPM,5,8,mae_da,expanding,elasticnet,0.06597830128688581
e1,JPM,5,8,mae_da,expanding,huber,0.5873063241395011
e1,JPM,5,8,mae_da,expanding,pls,0.12611872980756592
e1,JPM,5,8,mae_da,expanding,lgbm_reg,0.13433731524700354
e1,JPM,5,8,mae_da,expanding,xgb,0.08625932951904361
e1,JPM,5,9,mae_da,expanding,elasticnet,0.06509365441005113
e1,JPM,5,9,mae_da,expanding,huber,0.5964957808224023
e1,JPM,5,9,mae_da,expanding,pls,0.10947880436553309
e1,JPM,5,9,mae_da,expanding,lgbm_reg,0.14066290659007938
e1,JPM,5,9,mae_da,expanding,xgb,0.08826885381193418
e1,JPM,5,10,mae_da,expanding,elasticnet,0.058393747682896346
e1,JPM,5,10,mae_da,expanding,huber,0.6726671125585196
e1,JPM,5,10,mae_da,expanding,pls,0.08427454887976828
e1,JPM,5,10,mae_da,expanding,lgbm_reg,0.13471781059139473
e1,JPM,5,10,mae_da,expanding,xgb,0.04994678028742105
e1,JPM,5,11,mae_da,expanding,elasticnet,0.0512248665912788
e1,JPM,5,11,mae_da,expanding,huber,0.6750735398566342
e1,JPM,5,11,mae_da,expanding,pls,0.07855360640210143
e1,JPM,5,11,mae_da,expanding,lgbm_reg,0.13041123295350762
e1,JPM,5,11,mae_da,expanding,xgb,0.06473675419647786
e1,JPM,5,12,mae_da,expanding,elasticnet,0.05725085657560912
e1,JPM,5,12,mae_da,expanding,huber,0.6653312083583108
e1,JPM,5,12,mae_da,expanding,pls,0.07944367696852188
e1,JPM,5,12,mae_da,expanding,lgbm_reg,0.1320270360478124
e1,JPM,5,12,mae_da,expanding,xgb,0.06594722204974583
e1,JPM,5,13,mae_da,expanding,elasticnet,0.05483446304069973
e1,JPM,5,13,mae_da,expanding,huber,0.6516662314649948
e1,JPM,5,13,mae_da,expanding,pls,0.07076218797061765
e1,JPM,5,13,mae_da,expanding,lgbm_reg,0.1442171774479005
e1,JPM,5,13,mae_da,expanding,xgb,0.07851994007578733
e1,JPM,5,14,mae_da,expanding,elasticnet,0.04716132308727128
e1,JPM,5,14,mae_da,expanding,huber,0.4672764624687529
e1,JPM,5,14,mae_da,expanding,pls,0.023817808696750414
e1,JPM,5,14,mae_da,expanding,lgbm_reg,0.3307305999354334
e1,JPM,5,14,mae_da,expanding,xgb,0.1310138058117921
e1,JPM,5,0,mae_da,last3,elasticnet,0.2
e1,JPM,5,0,mae_da,last3,huber,0.2
e1,JPM,5,0,mae_da,last3,pls,0.2
e1,JPM,5,0,mae_da,last3,lgbm_reg,0.2
e1,JPM,5,0,mae_da,last3,xgb,0.2
e1,JPM,5,1,mae_da,last3,elasticnet,0.5572357794049393
e1,JPM,5,1,mae_da,last3,huber,0.24553023099127258
e1,JPM,5,1,mae_da,last3,pls,0.18556004710070165
e1,JPM,5,1,mae_da,last3,lgbm_reg,0.005036563663935896
e1,JPM,5,1,mae_da,last3,xgb,0.006637378839150558
e1,JPM,5,2,mae_da,last3,elasticnet,0.11036934974750119
e1,JPM,5,2,mae_da,last3,huber,0.23937024379990543
e1,JPM,5,2,mae_da,last3,pls,0.551792013546594
e1,JPM,5,2,mae_da,last3,lgbm_reg,0.07458593442056921
e1,JPM,5,2,mae_da,last3,xgb,0.02388245848543018
e1,JPM,5,3,mae_da,last3,elasticnet,0.13059616624456075
e1,JPM,5,3,mae_da,last3,huber,0.24583551787032495
e1,JPM,5,3,mae_da,last3,pls,0.42798213267069485
e1,JPM,5,3,mae_da,last3,lgbm_reg,0.12005621727679561
e1,JPM,5,3,mae_da,last3,xgb,0.07552996593762379
e1,JPM,5,4,mae_da,last3,elasticnet,0.058682523450789614
e1,JPM,5,4,mae_da,last3,huber,0.3719902932883313
e1,JPM,5,4,mae_da,last3,pls,0.3352994516980263
e1,JPM,5,4,mae_da,last3,lgbm_reg,0.10537005321365511
e1,JPM,5,4,mae_da,last3,xgb,0.12865767834919786
e1,JPM,5,5,mae_da,last3,elasticnet,0.004790753274130635
e1,JPM,5,5,mae_da,last3,huber,0.38515099752357396
e1,JPM,5,5,mae_da,last3,pls,0.20240556848023372
e1,JPM,5,5,mae_da,last3,lgbm_reg,0.11154689702165127
e1,JPM,5,5,mae_da,last3,xgb,0.2961057837004104
e1,JPM,5,6,mae_da,last3,elasticnet,0.012541827944645253
e1,JPM,5,6,mae_da,last3,huber,0.8241890168331266
e1,JPM,5,6,mae_da,last3,pls,0.02664691298919649
e1,JPM,5,6,mae_da,last3,lgbm_reg,0.04959413310143899
e1,JPM,5,6,mae_da,last3,xgb,0.08702810913159278
e1,JPM,5,7,mae_da,last3,elasticnet,0.016592788393394578
e1,JPM,5,7,mae_da,last3,huber,0.5806197997496388
e1,JPM,5,7,mae_da,last3,pls,0.007514487127783746
e1,JPM,5,7,mae_da,last3,lgbm_reg,0.20789030318131374
e1,JPM,5,7,mae_da,last3,xgb,0.187382621547869
e1,JPM,5,8,mae_da,last3,elasticnet,0.10485211410798198
e1,JPM,5,8,mae_da,last3,huber,0.7009953389973053
e1,JPM,5,8,mae_da,last3,pls,0.00797134870805287
e1,JPM,5,8,mae_da,last3,lgbm_reg,0.09154473840508442
e1,JPM,5,8,mae_da,last3,xgb,0.0946364597815753
e1,JPM,5,9,mae_da,last3,elasticnet,0.1005513293114027
e1,JPM,5,9,mae_da,last3,huber,0.3578485672441996
e1,JPM,5,9,mae_da,last3,pls,0.047360604617816174
e1,JPM,5,9,mae_da,last3,lgbm_reg,0.402114564402385
e1,JPM,5,9,mae_da,last3,xgb,0.09212493442419664
e1,JPM,5,10,mae_da,last3,elasticnet,0.3120939568734555
e1,JPM,5,10,mae_da,last3,huber,0.558207537495566
e1,JPM,5,10,mae_da,last3,pls,0.054296970613641304
e1,JPM,5,10,mae_da,last3,lgbm_reg,0.07095088052166462
e1,JPM,5,10,mae_da,last3,xgb,0.004450654495672579
e1,JPM,5,11,mae_da,last3,elasticnet,0.012954779659295743
e1,JPM,5,11,mae_da,last3,huber,0.6280799887431253
e1,JPM,5,11,mae_da,last3,pls,0.016294117691308462
e1,JPM,5,11,mae_da,last3,lgbm_reg,0.2615673705125498
e1,JPM,5,11,mae_da,last3,xgb,0.08110374339372073
e1,JPM,5,12,mae_da,last3,elasticnet,0.05543367392522253
e1,JPM,5,12,mae_da,last3,huber,0.7592842425000634
e1,JPM,5,12,mae_da,last3,pls,0.031883540112784256
e1,JPM,5,12,mae_da,last3,lgbm_reg,0.11438221445131358
e1,JPM,5,12,mae_da,last3,xgb,0.039016329010616295
e1,JPM,5,13,mae_da,last3,elasticnet,0.0034977081320141374
e1,JPM,5,13,mae_da,last3,huber,0.023622810873238965
e1,JPM,5,13,mae_da,last3,pls,0.058561530275643536
e1,JPM,5,13,mae_da,last3,lgbm_reg,0.47052632228180047
e1,JPM,5,13,mae_da,last3,xgb,0.4437916284373029
e1,JPM,5,14,mae_da,last3,elasticnet,0.00661562077985299
e1,JPM,5,14,mae_da,last3,huber,0.023395636543797886
e1,JPM,5,14,mae_da,last3,pls,0.012610371432545422
e1,JPM,5,14,mae_da,last3,lgbm_reg,0.7016153745529226
e1,JPM,5,14,mae_da,last3,xgb,0.25576299669088115
e1,JPM,5,0,softmax_ic,expanding,elasticnet,0.2
e1,JPM,5,0,softmax_ic,expanding,huber,0.2
e1,JPM,5,0,softmax_ic,expanding,pls,0.2
e1,JPM,5,0,softmax_ic,expanding,lgbm_reg,0.2
e1,JPM,5,0,softmax_ic,expanding,xgb,0.2
e1,JPM,5,1,softmax_ic,expanding,elasticnet,0.38781688788118907
e1,JPM,5,1,softmax_ic,expanding,huber,0.4811257612782435
e1,JPM,5,1,softmax_ic,expanding,pls,0.12125500848794925
e1,JPM,5,1,softmax_ic,expanding,lgbm_reg,0.005165238903339494
e1,JPM,5,1,softmax_ic,expanding,xgb,0.004637103449278585
e1,JPM,5,2,softmax_ic,expanding,elasticnet,0.23159695597368657
e1,JPM,5,2,softmax_ic,expanding,huber,0.7111425040429639
e1,JPM,5,2,softmax_ic,expanding,pls,0.05298777330284806
e1,JPM,5,2,softmax_ic,expanding,lgbm_reg,0.0018453555597511388
e1,JPM,5,2,softmax_ic,expanding,xgb,0.002427411120750371
e1,JPM,5,3,softmax_ic,expanding,elasticnet,0.37520293272300725
e1,JPM,5,3,softmax_ic,expanding,huber,0.4261330740015828
e1,JPM,5,3,softmax_ic,expanding,pls,0.1566024150068078
e1,JPM,5,3,softmax_ic,expanding,lgbm_reg,0.01836883935258069
e1,JPM,5,3,softmax_ic,expanding,xgb,0.023692738916021323
e1,JPM,5,4,softmax_ic,expanding,elasticnet,0.3685469899839531
e1,JPM,5,4,softmax_ic,expanding,huber,0.3633650784565679
e1,JPM,5,4,softmax_ic,expanding,pls,0.21086888141639848
e1,JPM,5,4,softmax_ic,expanding,lgbm_reg,0.025013702429106697
e1,JPM,5,4,softmax_ic,expanding,xgb,0.03220534771397388
e1,JPM,5,5,softmax_ic,expanding,elasticnet,0.2701734943932394
e1,JPM,5,5,softmax_ic,expanding,huber,0.3474949454079521
e1,JPM,5,5,softmax_ic,expanding,pls,0.2969077693615712
e1,JPM,5,5,softmax_ic,expanding,lgbm_reg,0.04497170660727669
e1,JPM,5,5,softmax_ic,expanding,xgb,0.040452084229960626
e1,JPM,5,6,softmax_ic,expanding,elasticnet,0.29557969601892803
e1,JPM,5,6,softmax_ic,expanding,huber,0.46478355252326836
e1,JPM,5,6,softmax_ic,expanding,pls,0.16560118777071003
e1,JPM,5,6,softmax_ic,expanding,lgbm_reg,0.03285384236230572
e1,JPM,5,6,softmax_ic,expanding,xgb,0.04118172132478778
e1,JPM,5,7,softmax_ic,expanding,elasticnet,0.2596926109771947
e1,JPM,5,7,softmax_ic,expanding,huber,0.4541735937552574
e1,JPM,5,7,softmax_ic,expanding,pls,0.1894756553228729
e1,JPM,5,7,softmax_ic,expanding,lgbm_reg,0.04291675475272513
e1,JPM,5,7,softmax_ic,expanding,xgb,0.0537413851919498
e1,JPM,5,8,softmax_ic,expanding,elasticnet,0.313443039043228
e1,JPM,5,8,softmax_ic,expanding,huber,0.40588952179866994
e1,JPM,5,8,softmax_ic,expanding,pls,0.19314287439808997
e1,JPM,5,8,softmax_ic,expanding,lgbm_reg,0.03949162367391585
e1,JPM,5,8,softmax_ic,expanding,xgb,0.04803294108609609
e1,JPM,5,9,softmax_ic,expanding,elasticnet,0.30922577527064926
e1,JPM,5,9,softmax_ic,expanding,huber,0.3807368969565685
e1,JPM,5,9,softmax_ic,expanding,pls,0.2153789139131714
e1,JPM,5,9,softmax_ic,expanding,lgbm_reg,0.04400054567738331
e1,JPM,5,9,softmax_ic,expanding,xgb,0.050657868182227395
e1,JPM,5,10,softmax_ic,expanding,elasticnet,0.31519912365435765
e1,JPM,5,10,softmax_ic,expanding,huber,0.41079951260196346
e1,JPM,5,10,softmax_ic,expanding,pls,0.17009521077224948
e1,JPM,5,10,softmax_ic,expanding,lgbm_reg,0.045989071047531534
e1,JPM,5,10,softmax_ic,expanding,xgb,0.05791708192389787
e1,JPM,5,11,softmax_ic,expanding,elasticnet,0.28965134941180815
e1,JPM,5,11,softmax_ic,expanding,huber,0.38715328232577295
e1,JPM,5,11,softmax_ic,expanding,pls,0.18657528258274916
e1,JPM,5,11,softmax_ic,expanding,lgbm_reg,0.05963039752578496
e1,JPM,5,11,softmax_ic,expanding,xgb,0.07698968815388471
e1,JPM,5,12,softmax_ic,expanding,elasticnet,0.31128037949588455
e1,JPM,5,12,softmax_ic,expanding,huber,0.4262724080799308
e1,JPM,5,12,softmax_ic,expanding,pls,0.1305739935710907
e1,JPM,5,12,softmax_ic,expanding,lgbm_reg,0.053607328239873596
e1,JPM,5,12,softmax_ic,expanding,xgb,0.07826589061322047
e1,JPM,5,13,softmax_ic,expanding,elasticnet,0.3075695391052036
e1,JPM,5,13,softmax_ic,expanding,huber,0.3859531901440997
e1,JPM,5,13,softmax_ic,expanding,pls,0.15012319164055038
e1,JPM,5,13,softmax_ic,expanding,lgbm_reg,0.06209846161898183
e1,JPM,5,13,softmax_ic,expanding,xgb,0.09425561749116451
e1,JPM,5,14,softmax_ic,expanding,elasticnet,0.3094471661509871
e1,JPM,5,14,softmax_ic,expanding,huber,0.36444851389788074
e1,JPM,5,14,softmax_ic,expanding,pls,0.14057249393477209
e1,JPM,5,14,softmax_ic,expanding,lgbm_reg,0.072195041186465
e1,JPM,5,14,softmax_ic,expanding,xgb,0.11333678482989501
e1,JPM,5,0,softmax_ic,last3,elasticnet,0.2
e1,JPM,5,0,softmax_ic,last3,huber,0.2
e1,JPM,5,0,softmax_ic,last3,pls,0.2
e1,JPM,5,0,softmax_ic,last3,lgbm_reg,0.2
e1,JPM,5,0,softmax_ic,last3,xgb,0.2
e1,JPM,5,1,softmax_ic,last3,elasticnet,0.38781688788118907
e1,JPM,5,1,softmax_ic,last3,huber,0.4811257612782435
e1,JPM,5,1,softmax_ic,last3,pls,0.12125500848794925
e1,JPM,5,1,softmax_ic,last3,lgbm_reg,0.005165238903339494
e1,JPM,5,1,softmax_ic,last3,xgb,0.004637103449278585
e1,JPM,5,2,softmax_ic,last3,elasticnet,0.23159695597368657
e1,JPM,5,2,softmax_ic,last3,huber,0.7111425040429639
e1,JPM,5,2,softmax_ic,last3,pls,0.05298777330284806
e1,JPM,5,2,softmax_ic,last3,lgbm_reg,0.0018453555597511388
e1,JPM,5,2,softmax_ic,last3,xgb,0.002427411120750371
e1,JPM,5,3,softmax_ic,last3,elasticnet,0.37520293272300725
e1,JPM,5,3,softmax_ic,last3,huber,0.4261330740015828
e1,JPM,5,3,softmax_ic,last3,pls,0.1566024150068078
e1,JPM,5,3,softmax_ic,last3,lgbm_reg,0.01836883935258069
e1,JPM,5,3,softmax_ic,last3,xgb,0.023692738916021323
e1,JPM,5,4,softmax_ic,last3,elasticnet,0.22644610739669924
e1,JPM,5,4,softmax_ic,last3,huber,0.27016030542398856
e1,JPM,5,4,softmax_ic,last3,pls,0.36236568895292914
e1,JPM,5,4,softmax_ic,last3,lgbm_reg,0.055880362969252494
e1,JPM,5,4,softmax_ic,last3,xgb,0.08514753525713054
e1,JPM,5,5,softmax_ic,last3,elasticnet,0.08910973478730802
e1,JPM,5,5,softmax_ic,last3,huber,0.19548277898522387
e1,JPM,5,5,softmax_ic,last3,pls,0.41034560973010914
e1,JPM,5,5,softmax_ic,last3,lgbm_reg,0.17890474084974214
e1,JPM,5,5,softmax_ic,last3,xgb,0.1261571356476169
e1,JPM,5,6,softmax_ic,last3,elasticnet,0.12743474148107975
e1,JPM,5,6,softmax_ic,last3,huber,0.684340065880432
e1,JPM,5,6,softmax_ic,last3,pls,0.09942117104276121
e1,JPM,5,6,softmax_ic,last3,lgbm_reg,0.041495334441011965
e1,JPM,5,6,softmax_ic,last3,xgb,0.04730868715471519
e1,JPM,5,7,softmax_ic,last3,elasticnet,0.07882823414156086
e1,JPM,5,7,softmax_ic,last3,huber,0.5256663764116325
e1,JPM,5,7,softmax_ic,last3,pls,0.1218196359273107
e1,JPM,5,7,softmax_ic,last3,lgbm_reg,0.13403029758104507
e1,JPM,5,7,softmax_ic,last3,xgb,0.13965545593845094
e1,JPM,5,8,softmax_ic,last3,elasticnet,0.28467465971922923
e1,JPM,5,8,softmax_ic,last3,huber,0.5470485563712266
e1,JPM,5,8,softmax_ic,last3,pls,0.06151343622513954
e1,JPM,5,8,softmax_ic,last3,lgbm_reg,0.032985811171327
e1,JPM,5,8,softmax_ic,last3,xgb,0.07377753651307765
e1,JPM,5,9,softmax_ic,last3,elasticnet,0.30326739208056225
e1,JPM,5,9,softmax_ic,last3,huber,0.24827104020759816
e1,JPM,5,9,softmax_ic,last3,pls,0.2963575578510812
e1,JPM,5,9,softmax_ic,last3,lgbm_reg,0.08268555271473078
e1,JPM,5,9,softmax_ic,last3,xgb,0.0694184571460277
e1,JPM,5,10,softmax_ic,last3,elasticnet,0.43630142079344336
e1,JPM,5,10,softmax_ic,last3,huber,0.3255303377359002
e1,JPM,5,10,softmax_ic,last3,pls,0.10628384488800917
e1,JPM,5,10,softmax_ic,last3,lgbm_reg,0.06215524385091906
e1,JPM,5,10,softmax_ic,last3,xgb,0.06972915273172833
e1,JPM,5,11,softmax_ic,last3,elasticnet,0.21008243491420284
e1,JPM,5,11,softmax_ic,last3,huber,0.4354543999744539
e1,JPM,5,11,softmax_ic,last3,pls,0.08782808426503155
e1,JPM,5,11,softmax_ic,last3,lgbm_reg,0.10118178921551658
e1,JPM,5,11,softmax_ic,last3,xgb,0.16545329163079528
e1,JPM,5,12,softmax_ic,last3,elasticnet,0.2312439719677647
e1,JPM,5,12,softmax_ic,last3,huber,0.41037116781413935
e1,JPM,5,12,softmax_ic,last3,pls,0.03637750348431897
e1,JPM,5,12,softmax_ic,last3,lgbm_reg,0.10653682818959043
e1,JPM,5,12,softmax_ic,last3,xgb,0.21547052854418652
e1,JPM,5,13,softmax_ic,last3,elasticnet,0.16863347960518427
e1,JPM,5,13,softmax_ic,last3,huber,0.203148073874748
e1,JPM,5,13,softmax_ic,last3,pls,0.07685957507909762
e1,JPM,5,13,softmax_ic,last3,lgbm_reg,0.11685511055099693
e1,JPM,5,13,softmax_ic,last3,xgb,0.43450376088997317
e1,JPM,5,14,softmax_ic,last3,elasticnet,0.2937360691157226
e1,JPM,5,14,softmax_ic,last3,huber,0.2201167649492213
e1,JPM,5,14,softmax_ic,last3,pls,0.035197737558807146
e1,JPM,5,14,softmax_ic,last3,lgbm_reg,0.08195099834766098
e1,JPM,5,14,softmax_ic,last3,xgb,0.3689984300285879
e1,JPM,5,0,best_recent,expanding,elasticnet,0.2
e1,JPM,5,0,best_recent,expanding,huber,0.2
e1,JPM,5,0,best_recent,expanding,pls,0.2
e1,JPM,5,0,best_recent,expanding,lgbm_reg,0.2
e1,JPM,5,0,best_recent,expanding,xgb,0.2
e1,JPM,5,1,best_recent,expanding,elasticnet,0.0
e1,JPM,5,1,best_recent,expanding,huber,1.0
e1,JPM,5,1,best_recent,expanding,pls,0.0
e1,JPM,5,1,best_recent,expanding,lgbm_reg,0.0
e1,JPM,5,1,best_recent,expanding,xgb,0.0
e1,JPM,5,2,best_recent,expanding,elasticnet,0.0
e1,JPM,5,2,best_recent,expanding,huber,1.0
e1,JPM,5,2,best_recent,expanding,pls,0.0
e1,JPM,5,2,best_recent,expanding,lgbm_reg,0.0
e1,JPM,5,2,best_recent,expanding,xgb,0.0
e1,JPM,5,3,best_recent,expanding,elasticnet,0.0
e1,JPM,5,3,best_recent,expanding,huber,1.0
e1,JPM,5,3,best_recent,expanding,pls,0.0
e1,JPM,5,3,best_recent,expanding,lgbm_reg,0.0
e1,JPM,5,3,best_recent,expanding,xgb,0.0
e1,JPM,5,4,best_recent,expanding,elasticnet,1.0
e1,JPM,5,4,best_recent,expanding,huber,0.0
e1,JPM,5,4,best_recent,expanding,pls,0.0
e1,JPM,5,4,best_recent,expanding,lgbm_reg,0.0
e1,JPM,5,4,best_recent,expanding,xgb,0.0
e1,JPM,5,5,best_recent,expanding,elasticnet,0.0
e1,JPM,5,5,best_recent,expanding,huber,1.0
e1,JPM,5,5,best_recent,expanding,pls,0.0
e1,JPM,5,5,best_recent,expanding,lgbm_reg,0.0
e1,JPM,5,5,best_recent,expanding,xgb,0.0
e1,JPM,5,6,best_recent,expanding,elasticnet,0.0
e1,JPM,5,6,best_recent,expanding,huber,1.0
e1,JPM,5,6,best_recent,expanding,pls,0.0
e1,JPM,5,6,best_recent,expanding,lgbm_reg,0.0
e1,JPM,5,6,best_recent,expanding,xgb,0.0
e1,JPM,5,7,best_recent,expanding,elasticnet,0.0
e1,JPM,5,7,best_recent,expanding,huber,1.0
e1,JPM,5,7,best_recent,expanding,pls,0.0
e1,JPM,5,7,best_recent,expanding,lgbm_reg,0.0
e1,JPM,5,7,best_recent,expanding,xgb,0.0
e1,JPM,5,8,best_recent,expanding,elasticnet,0.0
e1,JPM,5,8,best_recent,expanding,huber,1.0
e1,JPM,5,8,best_recent,expanding,pls,0.0
e1,JPM,5,8,best_recent,expanding,lgbm_reg,0.0
e1,JPM,5,8,best_recent,expanding,xgb,0.0
e1,JPM,5,9,best_recent,expanding,elasticnet,0.0
e1,JPM,5,9,best_recent,expanding,huber,1.0
e1,JPM,5,9,best_recent,expanding,pls,0.0
e1,JPM,5,9,best_recent,expanding,lgbm_reg,0.0
e1,JPM,5,9,best_recent,expanding,xgb,0.0
e1,JPM,5,10,best_recent,expanding,elasticnet,0.0
e1,JPM,5,10,best_recent,expanding,huber,1.0
e1,JPM,5,10,best_recent,expanding,pls,0.0
e1,JPM,5,10,best_recent,expanding,lgbm_reg,0.0
e1,JPM,5,10,best_recent,expanding,xgb,0.0
e1,JPM,5,11,best_recent,expanding,elasticnet,0.0
e1,JPM,5,11,best_recent,expanding,huber,1.0
e1,JPM,5,11,best_recent,expanding,pls,0.0
e1,JPM,5,11,best_recent,expanding,lgbm_reg,0.0
e1,JPM,5,11,best_recent,expanding,xgb,0.0
e1,JPM,5,12,best_recent,expanding,elasticnet,0.0
e1,JPM,5,12,best_recent,expanding,huber,1.0
e1,JPM,5,12,best_recent,expanding,pls,0.0
e1,JPM,5,12,best_recent,expanding,lgbm_reg,0.0
e1,JPM,5,12,best_recent,expanding,xgb,0.0
e1,JPM,5,13,best_recent,expanding,elasticnet,0.0
e1,JPM,5,13,best_recent,expanding,huber,1.0
e1,JPM,5,13,best_recent,expanding,pls,0.0
e1,JPM,5,13,best_recent,expanding,lgbm_reg,0.0
e1,JPM,5,13,best_recent,expanding,xgb,0.0
e1,JPM,5,14,best_recent,expanding,elasticnet,0.0
e1,JPM,5,14,best_recent,expanding,huber,1.0
e1,JPM,5,14,best_recent,expanding,pls,0.0
e1,JPM,5,14,best_recent,expanding,lgbm_reg,0.0
e1,JPM,5,14,best_recent,expanding,xgb,0.0
e1,JPM,5,0,best_recent,last3,elasticnet,0.2
e1,JPM,5,0,best_recent,last3,huber,0.2
e1,JPM,5,0,best_recent,last3,pls,0.2
e1,JPM,5,0,best_recent,last3,lgbm_reg,0.2
e1,JPM,5,0,best_recent,last3,xgb,0.2
e1,JPM,5,1,best_recent,last3,elasticnet,0.0
e1,JPM,5,1,best_recent,last3,huber,1.0
e1,JPM,5,1,best_recent,last3,pls,0.0
e1,JPM,5,1,best_recent,last3,lgbm_reg,0.0
e1,JPM,5,1,best_recent,last3,xgb,0.0
e1,JPM,5,2,best_recent,last3,elasticnet,0.0
e1,JPM,5,2,best_recent,last3,huber,1.0
e1,JPM,5,2,best_recent,last3,pls,0.0
e1,JPM,5,2,best_recent,last3,lgbm_reg,0.0
e1,JPM,5,2,best_recent,last3,xgb,0.0
e1,JPM,5,3,best_recent,last3,elasticnet,0.0
e1,JPM,5,3,best_recent,last3,huber,1.0
e1,JPM,5,3,best_recent,last3,pls,0.0
e1,JPM,5,3,best_recent,last3,lgbm_reg,0.0
e1,JPM,5,3,best_recent,last3,xgb,0.0
e1,JPM,5,4,best_recent,last3,elasticnet,0.0
e1,JPM,5,4,best_recent,last3,huber,0.0
e1,JPM,5,4,best_recent,last3,pls,1.0
e1,JPM,5,4,best_recent,last3,lgbm_reg,0.0
e1,JPM,5,4,best_recent,last3,xgb,0.0
e1,JPM,5,5,best_recent,last3,elasticnet,0.0
e1,JPM,5,5,best_recent,last3,huber,0.0
e1,JPM,5,5,best_recent,last3,pls,1.0
e1,JPM,5,5,best_recent,last3,lgbm_reg,0.0
e1,JPM,5,5,best_recent,last3,xgb,0.0
e1,JPM,5,6,best_recent,last3,elasticnet,0.0
e1,JPM,5,6,best_recent,last3,huber,1.0
e1,JPM,5,6,best_recent,last3,pls,0.0
e1,JPM,5,6,best_recent,last3,lgbm_reg,0.0
e1,JPM,5,6,best_recent,last3,xgb,0.0
e1,JPM,5,7,best_recent,last3,elasticnet,0.0
e1,JPM,5,7,best_recent,last3,huber,1.0
e1,JPM,5,7,best_recent,last3,pls,0.0
e1,JPM,5,7,best_recent,last3,lgbm_reg,0.0
e1,JPM,5,7,best_recent,last3,xgb,0.0
e1,JPM,5,8,best_recent,last3,elasticnet,0.0
e1,JPM,5,8,best_recent,last3,huber,1.0
e1,JPM,5,8,best_recent,last3,pls,0.0
e1,JPM,5,8,best_recent,last3,lgbm_reg,0.0
e1,JPM,5,8,best_recent,last3,xgb,0.0
e1,JPM,5,9,best_recent,last3,elasticnet,1.0
e1,JPM,5,9,best_recent,last3,huber,0.0
e1,JPM,5,9,best_recent,last3,pls,0.0
e1,JPM,5,9,best_recent,last3,lgbm_reg,0.0
e1,JPM,5,9,best_recent,last3,xgb,0.0
e1,JPM,5,10,best_recent,last3,elasticnet,1.0
e1,JPM,5,10,best_recent,last3,huber,0.0
e1,JPM,5,10,best_recent,last3,pls,0.0
e1,JPM,5,10,best_recent,last3,lgbm_reg,0.0
e1,JPM,5,10,best_recent,last3,xgb,0.0
e1,JPM,5,11,best_recent,last3,elasticnet,0.0
e1,JPM,5,11,best_recent,last3,huber,1.0
e1,JPM,5,11,best_recent,last3,pls,0.0
e1,JPM,5,11,best_recent,last3,lgbm_reg,0.0
e1,JPM,5,11,best_recent,last3,xgb,0.0
e1,JPM,5,12,best_recent,last3,elasticnet,0.0
e1,JPM,5,12,best_recent,last3,huber,1.0
e1,JPM,5,12,best_recent,last3,pls,0.0
e1,JPM,5,12,best_recent,last3,lgbm_reg,0.0
e1,JPM,5,12,best_recent,last3,xgb,0.0
e1,JPM,5,13,best_recent,last3,elasticnet,0.0
e1,JPM,5,13,best_recent,last3,huber,0.0
e1,JPM,5,13,best_recent,last3,pls,0.0
e1,JPM,5,13,best_recent,last3,lgbm_reg,0.0
e1,JPM,5,13,best_recent,last3,xgb,1.0
e1,JPM,5,14,best_recent,last3,elasticnet,0.0
e1,JPM,5,14,best_recent,last3,huber,0.0
e1,JPM,5,14,best_recent,last3,pls,0.0
e1,JPM,5,14,best_recent,last3,lgbm_reg,0.0
e1,JPM,5,14,best_recent,last3,xgb,1.0
e1,JPM,21,0,equal,expanding,elasticnet,0.2
e1,JPM,21,0,equal,expanding,huber,0.2
e1,JPM,21,0,equal,expanding,pls,0.2
e1,JPM,21,0,equal,expanding,lgbm_reg,0.2
e1,JPM,21,0,equal,expanding,xgb,0.2
e1,JPM,21,1,equal,expanding,elasticnet,0.2
e1,JPM,21,1,equal,expanding,huber,0.2
e1,JPM,21,1,equal,expanding,pls,0.2
e1,JPM,21,1,equal,expanding,lgbm_reg,0.2
e1,JPM,21,1,equal,expanding,xgb,0.2
e1,JPM,21,2,equal,expanding,elasticnet,0.2
e1,JPM,21,2,equal,expanding,huber,0.2
e1,JPM,21,2,equal,expanding,pls,0.2
e1,JPM,21,2,equal,expanding,lgbm_reg,0.2
e1,JPM,21,2,equal,expanding,xgb,0.2
e1,JPM,21,3,equal,expanding,elasticnet,0.2
e1,JPM,21,3,equal,expanding,huber,0.2
e1,JPM,21,3,equal,expanding,pls,0.2
e1,JPM,21,3,equal,expanding,lgbm_reg,0.2
e1,JPM,21,3,equal,expanding,xgb,0.2
e1,JPM,21,4,equal,expanding,elasticnet,0.2
e1,JPM,21,4,equal,expanding,huber,0.2
e1,JPM,21,4,equal,expanding,pls,0.2
e1,JPM,21,4,equal,expanding,lgbm_reg,0.2
e1,JPM,21,4,equal,expanding,xgb,0.2
e1,JPM,21,5,equal,expanding,elasticnet,0.2
e1,JPM,21,5,equal,expanding,huber,0.2
e1,JPM,21,5,equal,expanding,pls,0.2
e1,JPM,21,5,equal,expanding,lgbm_reg,0.2
e1,JPM,21,5,equal,expanding,xgb,0.2
e1,JPM,21,6,equal,expanding,elasticnet,0.2
e1,JPM,21,6,equal,expanding,huber,0.2
e1,JPM,21,6,equal,expanding,pls,0.2
e1,JPM,21,6,equal,expanding,lgbm_reg,0.2
e1,JPM,21,6,equal,expanding,xgb,0.2
e1,JPM,21,7,equal,expanding,elasticnet,0.2
e1,JPM,21,7,equal,expanding,huber,0.2
e1,JPM,21,7,equal,expanding,pls,0.2
e1,JPM,21,7,equal,expanding,lgbm_reg,0.2
e1,JPM,21,7,equal,expanding,xgb,0.2
e1,JPM,21,8,equal,expanding,elasticnet,0.2
e1,JPM,21,8,equal,expanding,huber,0.2
e1,JPM,21,8,equal,expanding,pls,0.2
e1,JPM,21,8,equal,expanding,lgbm_reg,0.2
e1,JPM,21,8,equal,expanding,xgb,0.2
e1,JPM,21,9,equal,expanding,elasticnet,0.2
e1,JPM,21,9,equal,expanding,huber,0.2
e1,JPM,21,9,equal,expanding,pls,0.2
e1,JPM,21,9,equal,expanding,lgbm_reg,0.2
e1,JPM,21,9,equal,expanding,xgb,0.2
e1,JPM,21,10,equal,expanding,elasticnet,0.2
e1,JPM,21,10,equal,expanding,huber,0.2
e1,JPM,21,10,equal,expanding,pls,0.2
e1,JPM,21,10,equal,expanding,lgbm_reg,0.2
e1,JPM,21,10,equal,expanding,xgb,0.2
e1,JPM,21,11,equal,expanding,elasticnet,0.2
e1,JPM,21,11,equal,expanding,huber,0.2
e1,JPM,21,11,equal,expanding,pls,0.2
e1,JPM,21,11,equal,expanding,lgbm_reg,0.2
e1,JPM,21,11,equal,expanding,xgb,0.2
e1,JPM,21,12,equal,expanding,elasticnet,0.2
e1,JPM,21,12,equal,expanding,huber,0.2
e1,JPM,21,12,equal,expanding,pls,0.2
e1,JPM,21,12,equal,expanding,lgbm_reg,0.2
e1,JPM,21,12,equal,expanding,xgb,0.2
e1,JPM,21,13,equal,expanding,elasticnet,0.2
e1,JPM,21,13,equal,expanding,huber,0.2
e1,JPM,21,13,equal,expanding,pls,0.2
e1,JPM,21,13,equal,expanding,lgbm_reg,0.2
e1,JPM,21,13,equal,expanding,xgb,0.2
e1,JPM,21,14,equal,expanding,elasticnet,0.2
e1,JPM,21,14,equal,expanding,huber,0.2
e1,JPM,21,14,equal,expanding,pls,0.2
e1,JPM,21,14,equal,expanding,lgbm_reg,0.2
e1,JPM,21,14,equal,expanding,xgb,0.2
e1,JPM,21,0,inv_mae,expanding,elasticnet,0.2
e1,JPM,21,0,inv_mae,expanding,huber,0.2
e1,JPM,21,0,inv_mae,expanding,pls,0.2
e1,JPM,21,0,inv_mae,expanding,lgbm_reg,0.2
e1,JPM,21,0,inv_mae,expanding,xgb,0.2
e1,JPM,21,1,inv_mae,expanding,elasticnet,0.20910049235212239
e1,JPM,21,1,inv_mae,expanding,huber,0.19549730961467024
e1,JPM,21,1,inv_mae,expanding,pls,0.23154359921794712
e1,JPM,21,1,inv_mae,expanding,lgbm_reg,0.235963215519102
e1,JPM,21,1,inv_mae,expanding,xgb,0.12789538329615818
e1,JPM,21,2,inv_mae,expanding,elasticnet,0.12990843839190433
e1,JPM,21,2,inv_mae,expanding,huber,0.14920588555411476
e1,JPM,21,2,inv_mae,expanding,pls,0.2755520895759872
e1,JPM,21,2,inv_mae,expanding,lgbm_reg,0.2567535172002845
e1,JPM,21,2,inv_mae,expanding,xgb,0.18858006927770915
e1,JPM,21,3,inv_mae,expanding,elasticnet,0.1306930816141725
e1,JPM,21,3,inv_mae,expanding,huber,0.15862822836292192
e1,JPM,21,3,inv_mae,expanding,pls,0.24124947954006506
e1,JPM,21,3,inv_mae,expanding,lgbm_reg,0.2770558641615305
e1,JPM,21,3,inv_mae,expanding,xgb,0.19237334632130984
e1,JPM,21,4,inv_mae,expanding,elasticnet,0.13411975583783275
e1,JPM,21,4,inv_mae,expanding,huber,0.17390455115229886
e1,JPM,21,4,inv_mae,expanding,pls,0.2375846100347465
e1,JPM,21,4,inv_mae,expanding,lgbm_reg,0.26546894544901306
e1,JPM,21,4,inv_mae,expanding,xgb,0.18892213752610884
e1,JPM,21,5,inv_mae,expanding,elasticnet,0.14101705134752193
e1,JPM,21,5,inv_mae,expanding,huber,0.17873259156701582
e1,JPM,21,5,inv_mae,expanding,pls,0.23074075401037872
e1,JPM,21,5,inv_mae,expanding,lgbm_reg,0.26051642688705495
e1,JPM,21,5,inv_mae,expanding,xgb,0.18899317618802866
e1,JPM,21,6,inv_mae,expanding,elasticnet,0.15271706435069649
e1,JPM,21,6,inv_mae,expanding,huber,0.19190632478640374
e1,JPM,21,6,inv_mae,expanding,pls,0.21227899708833955
e1,JPM,21,6,inv_mae,expanding,lgbm_reg,0.24737347544503868
e1,JPM,21,6,inv_mae,expanding,xgb,0.19572413832952149
e1,JPM,21,7,inv_mae,expanding,elasticnet,0.15316499388051794
e1,JPM,21,7,inv_mae,expanding,huber,0.19137263945045635
e1,JPM,21,7,inv_mae,expanding,pls,0.20819307473276405
e1,JPM,21,7,inv_mae,expanding,lgbm_reg,0.24754705325168408
e1,JPM,21,7,inv_mae,expanding,xgb,0.1997222386845776
e1,JPM,21,8,inv_mae,expanding,elasticnet,0.16215359538782337
e1,JPM,21,8,inv_mae,expanding,huber,0.19232681960278095
e1,JPM,21,8,inv_mae,expanding,pls,0.20712626010589327
e1,JPM,21,8,inv_mae,expanding,lgbm_reg,0.23958308880364543
e1,JPM,21,8,inv_mae,expanding,xgb,0.19881023609985699
e1,JPM,21,9,inv_mae,expanding,elasticnet,0.1645715257032686
e1,JPM,21,9,inv_mae,expanding,huber,0.1947343829396729
e1,JPM,21,9,inv_mae,expanding,pls,0.2051632324948606
e1,JPM,21,9,inv_mae,expanding,lgbm_reg,0.23580330729657073
e1,JPM,21,9,inv_mae,expanding,xgb,0.19972755156562708
e1,JPM,21,10,inv_mae,expanding,elasticnet,0.1676257417134751
e1,JPM,21,10,inv_mae,expanding,huber,0.19963567622259712
e1,JPM,21,10,inv_mae,expanding,pls,0.20201586331300866
e1,JPM,21,10,inv_mae,expanding,lgbm_reg,0.24147000050869938
e1,JPM,21,10,inv_mae,expanding,xgb,0.18925271824221984
e1,JPM,21,11,inv_mae,expanding,elasticnet,0.16173853495996682
e1,JPM,21,11,inv_mae,expanding,huber,0.19698864483134887
e1,JPM,21,11,inv_mae,expanding,pls,0.20594803418532667
e1,JPM,21,11,inv_mae,expanding,lgbm_reg,0.24662586289542401
e1,JPM,21,11,inv_mae,expanding,xgb,0.18869892312793363
e1,JPM,21,12,inv_mae,expanding,elasticnet,0.1498879106072431
e1,JPM,21,12,inv_mae,expanding,huber,0.18292084603351713
e1,JPM,21,12,inv_mae,expanding,pls,0.22099420850643645
e1,JPM,21,12,inv_mae,expanding,lgbm_reg,0.25245131929861164
e1,JPM,21,12,inv_mae,expanding,xgb,0.19374571555419165
e1,JPM,21,13,inv_mae,expanding,elasticnet,0.1496064558994268
e1,JPM,21,13,inv_mae,expanding,huber,0.18085787713573623
e1,JPM,21,13,inv_mae,expanding,pls,0.22271765052000606
e1,JPM,21,13,inv_mae,expanding,lgbm_reg,0.25139484586353167
e1,JPM,21,13,inv_mae,expanding,xgb,0.1954231705812992
e1,JPM,21,14,inv_mae,expanding,elasticnet,0.15074097334604453
e1,JPM,21,14,inv_mae,expanding,huber,0.18466843300324431
e1,JPM,21,14,inv_mae,expanding,pls,0.2146382831282478
e1,JPM,21,14,inv_mae,expanding,lgbm_reg,0.2497016184647269
e1,JPM,21,14,inv_mae,expanding,xgb,0.2002506920577365
e1,JPM,21,0,inv_mae,last3,elasticnet,0.2
e1,JPM,21,0,inv_mae,last3,huber,0.2
e1,JPM,21,0,inv_mae,last3,pls,0.2
e1,JPM,21,0,inv_mae,last3,lgbm_reg,0.2
e1,JPM,21,0,inv_mae,last3,xgb,0.2
e1,JPM,21,1,inv_mae,last3,elasticnet,0.20910049235212239
e1,JPM,21,1,inv_mae,last3,huber,0.19549730961467024
e1,JPM,21,1,inv_mae,last3,pls,0.23154359921794712
e1,JPM,21,1,inv_mae,last3,lgbm_reg,0.235963215519102
e1,JPM,21,1,inv_mae,last3,xgb,0.12789538329615818
e1,JPM,21,2,inv_mae,last3,elasticnet,0.12990843839190433
e1,JPM,21,2,inv_mae,last3,huber,0.14920588555411476
e1,JPM,21,2,inv_mae,last3,pls,0.2755520895759872
e1,JPM,21,2,inv_mae,last3,lgbm_reg,0.2567535172002845
e1,JPM,21,2,inv_mae,last3,xgb,0.18858006927770915
e1,JPM,21,3,inv_mae,last3,elasticnet,0.1306930816141725
e1,JPM,21,3,inv_mae,last3,huber,0.15862822836292192
e1,JPM,21,3,inv_mae,last3,pls,0.24124947954006506
e1,JPM,21,3,inv_mae,last3,lgbm_reg,0.2770558641615305
e1,JPM,21,3,inv_mae,last3,xgb,0.19237334632130984
e1,JPM,21,4,inv_mae,last3,elasticnet,0.1109080185804384
e1,JPM,21,4,inv_mae,last3,huber,0.16232387449473734
e1,JPM,21,4,inv_mae,last3,pls,0.23485009690573425
e1,JPM,21,4,inv_mae,last3,lgbm_reg,0.27272066706394066
e1,JPM,21,4,inv_mae,last3,xgb,0.21919734295514937
e1,JPM,21,5,inv_mae,last3,elasticnet,0.15016509544662887
e1,JPM,21,5,inv_mae,last3,huber,0.21016104669877164
e1,JPM,21,5,inv_mae,last3,pls,0.1934006676343341
e1,JPM,21,5,inv_mae,last3,lgbm_reg,0.2599122534154512
e1,JPM,21,5,inv_mae,last3,xgb,0.18636093680481414
e1,JPM,21,6,inv_mae,last3,elasticnet,0.18353018311499725
e1,JPM,21,6,inv_mae,last3,huber,0.24283439299251458
e1,JPM,21,6,inv_mae,last3,pls,0.17383437612888764
e1,JPM,21,6,inv_mae,last3,lgbm_reg,0.20630479321747625
e1,JPM,21,6,inv_mae,last3,xgb,0.19349625454612418
e1,JPM,21,7,inv_mae,last3,elasticnet,0.1860289335428468
e1,JPM,21,7,inv_mae,last3,huber,0.21818601636081278
e1,JPM,21,7,inv_mae,last3,pls,0.1661376512590376
e1,JPM,21,7,inv_mae,last3,lgbm_reg,0.21664017628206428
e1,JPM,21,7,inv_mae,last3,xgb,0.21300722255523852
e1,JPM,21,8,inv_mae,last3,elasticnet,0.21355709195512543
e1,JPM,21,8,inv_mae,last3,huber,0.21746990329755372
e1,JPM,21,8,inv_mae,last3,pls,0.1605026521965409
e1,JPM,21,8,inv_mae,last3,lgbm_reg,0.19468101001970073
e1,JPM,21,8,inv_mae,last3,xgb,0.21378934253107923
e1,JPM,21,9,inv_mae,last3,elasticnet,0.19929042977525366
e1,JPM,21,9,inv_mae,last3,huber,0.2001665066154891
e1,JPM,21,9,inv_mae,last3,pls,0.1858541029342047
e1,JPM,21,9,inv_mae,last3,lgbm_reg,0.2063013607681058
e1,JPM,21,9,inv_mae,last3,xgb,0.20838759990694677
e1,JPM,21,10,inv_mae,last3,elasticnet,0.2027954612708989
e1,JPM,21,10,inv_mae,last3,huber,0.21655140792193295
e1,JPM,21,10,inv_mae,last3,pls,0.18729518601796455
e1,JPM,21,10,inv_mae,last3,lgbm_reg,0.22637706076491929
e1,JPM,21,10,inv_mae,last3,xgb,0.16698088402428427
e1,JPM,21,11,inv_mae,last3,elasticnet,0.16025821355410869
e1,JPM,21,11,inv_mae,last3,huber,0.20693464532825556
e1,JPM,21,11,inv_mae,last3,pls,0.20267109679726455
e1,JPM,21,11,inv_mae,last3,lgbm_reg,0.26199950354650575
e1,JPM,21,11,inv_mae,last3,xgb,0.16813654077386536
e1,JPM,21,12,inv_mae,last3,elasticnet,0.12261744452418134
e1,JPM,21,12,inv_mae,last3,huber,0.158755849953282
e1,JPM,21,12,inv_mae,last3,pls,0.25360093973117886
e1,JPM,21,12,inv_mae,last3,lgbm_reg,0.2859287279708293
e1,JPM,21,12,inv_mae,last3,xgb,0.17909703782052835
e1,JPM,21,13,inv_mae,last3,elasticnet,0.10405744977038278
e1,JPM,21,13,inv_mae,last3,huber,0.13090909732699316
e1,JPM,21,13,inv_mae,last3,pls,0.2881031848645229
e1,JPM,21,13,inv_mae,last3,lgbm_reg,0.2712752342725781
e1,JPM,21,13,inv_mae,last3,xgb,0.20565503376552297
e1,JPM,21,14,inv_mae,last3,elasticnet,0.11921393959519842
e1,JPM,21,14,inv_mae,last3,huber,0.14857055816618936
e1,JPM,21,14,inv_mae,last3,pls,0.24006641709457474
e1,JPM,21,14,inv_mae,last3,lgbm_reg,0.2543233939117283
e1,JPM,21,14,inv_mae,last3,xgb,0.2378256912323091
e1,JPM,21,0,mae_da,expanding,elasticnet,0.2
e1,JPM,21,0,mae_da,expanding,huber,0.2
e1,JPM,21,0,mae_da,expanding,pls,0.2
e1,JPM,21,0,mae_da,expanding,lgbm_reg,0.2
e1,JPM,21,0,mae_da,expanding,xgb,0.2
e1,JPM,21,1,mae_da,expanding,elasticnet,0.44901470465031246
e1,JPM,21,1,mae_da,expanding,huber,0.13457255766923645
e1,JPM,21,1,mae_da,expanding,pls,0.21251530170828076
e1,JPM,21,1,mae_da,expanding,lgbm_reg,0.20166650090187513
e1,JPM,21,1,mae_da,expanding,xgb,0.002230935070295205
e1,JPM,21,2,mae_da,expanding,elasticnet,0.03823555995433476
e1,JPM,21,2,mae_da,expanding,huber,0.011264631096548275
e1,JPM,21,2,mae_da,expanding,pls,0.855394024660242
e1,JPM,21,2,mae_da,expanding,lgbm_reg,0.05104564136171876
e1,JPM,21,2,mae_da,expanding,xgb,0.044060142927156265
e1,JPM,21,3,mae_da,expanding,elasticnet,0.12246233447545082
e1,JPM,21,3,mae_da,expanding,huber,0.02716099378298743
e1,JPM,21,3,mae_da,expanding,pls,0.6125501851091222
e1,JPM,21,3,mae_da,expanding,lgbm_reg,0.12731330870989535
e1,JPM,21,3,mae_da,expanding,xgb,0.11051317792254423
e1,JPM,21,4,mae_da,expanding,elasticnet,0.09898524784995365
e1,JPM,21,4,mae_da,expanding,huber,0.23341361932368918
e1,JPM,21,4,mae_da,expanding,pls,0.474830229855509
e1,JPM,21,4,mae_da,expanding,lgbm_reg,0.14370718725477274
e1,JPM,21,4,mae_da,expanding,xgb,0.049063715716075366
e1,JPM,21,5,mae_da,expanding,elasticnet,0.07836918403609372
e1,JPM,21,5,mae_da,expanding,huber,0.19434329942959955
e1,JPM,21,5,mae_da,expanding,pls,0.52244562391169
e1,JPM,21,5,mae_da,expanding,lgbm_reg,0.17532307294850868
e1,JPM,21,5,mae_da,expanding,xgb,0.029518819674107993
e1,JPM,21,6,mae_da,expanding,elasticnet,0.06130837448437651
e1,JPM,21,6,mae_da,expanding,huber,0.5028908241702403
e1,JPM,21,6,mae_da,expanding,pls,0.09574931154536666
e1,JPM,21,6,mae_da,expanding,lgbm_reg,0.16965984772777143
e1,JPM,21,6,mae_da,expanding,xgb,0.1703916420722451
e1,JPM,21,7,mae_da,expanding,elasticnet,0.049466902665489816
e1,JPM,21,7,mae_da,expanding,huber,0.39750507164547977
e1,JPM,21,7,mae_da,expanding,pls,0.039810013547866854
e1,JPM,21,7,mae_da,expanding,lgbm_reg,0.4392864846451997
e1,JPM,21,7,mae_da,expanding,xgb,0.07393152749596377
e1,JPM,21,8,mae_da,expanding,elasticnet,0.09547382341103058
e1,JPM,21,8,mae_da,expanding,huber,0.3253330515842981
e1,JPM,21,8,mae_da,expanding,pls,0.05972125225773695
e1,JPM,21,8,mae_da,expanding,lgbm_reg,0.4590955251703885
e1,JPM,21,8,mae_da,expanding,xgb,0.06037634757654585
e1,JPM,21,9,mae_da,expanding,elasticnet,0.07574920764370828
e1,JPM,21,9,mae_da,expanding,huber,0.35524547752348645
e1,JPM,21,9,mae_da,expanding,pls,0.04280157813916187
e1,JPM,21,9,mae_da,expanding,lgbm_reg,0.4521010050350356
e1,JPM,21,9,mae_da,expanding,xgb,0.07410273165860785
e1,JPM,21,10,mae_da,expanding,elasticnet,0.08455074061099457
e1,JPM,21,10,mae_da,expanding,huber,0.43823482601026675
e1,JPM,21,10,mae_da,expanding,pls,0.04416514154824061
e1,JPM,21,10,mae_da,expanding,lgbm_reg,0.3982935864312422
e1,JPM,21,10,mae_da,expanding,xgb,0.034755705399255904
e1,JPM,21,11,mae_da,expanding,elasticnet,0.09742271936644797
e1,JPM,21,11,mae_da,expanding,huber,0.497267581237177
e1,JPM,21,11,mae_da,expanding,pls,0.09288575600746009
e1,JPM,21,11,mae_da,expanding,lgbm_reg,0.26744712512163527
e1,JPM,21,11,mae_da,expanding,xgb,0.04497681826727958
e1,JPM,21,12,mae_da,expanding,elasticnet,0.12065607834850112
e1,JPM,21,12,mae_da,expanding,huber,0.3840345608373143
e1,JPM,21,12,mae_da,expanding,pls,0.17173584969271985
e1,JPM,21,12,mae_da,expanding,lgbm_reg,0.24970158768932643
e1,JPM,21,12,mae_da,expanding,xgb,0.07387192343213848
e1,JPM,21,13,mae_da,expanding,elasticnet,0.11124523974058363
e1,JPM,21,13,mae_da,expanding,huber,0.3860083959114023
e1,JPM,21,13,mae_da,expanding,pls,0.21314972765759588
e1,JPM,21,13,mae_da,expanding,lgbm_reg,0.20648819587898695
e1,JPM,21,13,mae_da,expanding,xgb,0.0831084408114313
e1,JPM,21,14,mae_da,expanding,elasticnet,0.07942670504527838
e1,JPM,21,14,mae_da,expanding,huber,0.4198375016352576
e1,JPM,21,14,mae_da,expanding,pls,0.07484094452295957
e1,JPM,21,14,mae_da,expanding,lgbm_reg,0.28534550222000704
e1,JPM,21,14,mae_da,expanding,xgb,0.14054934657649729
e1,JPM,21,0,mae_da,last3,elasticnet,0.2
e1,JPM,21,0,mae_da,last3,huber,0.2
e1,JPM,21,0,mae_da,last3,pls,0.2
e1,JPM,21,0,mae_da,last3,lgbm_reg,0.2
e1,JPM,21,0,mae_da,last3,xgb,0.2
e1,JPM,21,1,mae_da,last3,elasticnet,0.44901470465031246
e1,JPM,21,1,mae_da,last3,huber,0.13457255766923645
e1,JPM,21,1,mae_da,last3,pls,0.21251530170828076
e1,JPM,21,1,mae_da,last3,lgbm_reg,0.20166650090187513
e1,JPM,21,1,mae_da,last3,xgb,0.002230935070295205
e1,JPM,21,2,mae_da,last3,elasticnet,0.03823555995433476
e1,JPM,21,2,mae_da,last3,huber,0.011264631096548275
e1,JPM,21,2,mae_da,last3,pls,0.855394024660242
e1,JPM,21,2,mae_da,last3,lgbm_reg,0.05104564136171876
e1,JPM,21,2,mae_da,last3,xgb,0.044060142927156265
e1,JPM,21,3,mae_da,last3,elasticnet,0.12246233447545082
e1,JPM,21,3,mae_da,last3,huber,0.02716099378298743
e1,JPM,21,3,mae_da,last3,pls,0.6125501851091222
e1,JPM,21,3,mae_da,last3,lgbm_reg,0.12731330870989535
e1,JPM,21,3,mae_da,last3,xgb,0.11051317792254423
e1,JPM,21,4,mae_da,last3,elasticnet,0.013602722646563032
e1,JPM,21,4,mae_da,last3,huber,0.12416786661525345
e1,JPM,21,4,mae_da,last3,pls,0.26006471637665574
e1,JPM,21,4,mae_da,last3,lgbm_reg,0.0545436393819809
e1,JPM,21,4,mae_da,last3,xgb,0.5476210549795468
e1,JPM,21,5,mae_da,last3,elasticnet,0.03466262158192913
e1,JPM,21,5,mae_da,last3,huber,0.6129715152264937
e1,JPM,21,5,mae_da,last3,pls,0.05970784211962143
e1,JPM,21,5,mae_da,last3,lgbm_reg,0.27635110741307334
e1,JPM,21,5,mae_da,last3,xgb,0.01630691365888248
e1,JPM,21,6,mae_da,last3,elasticnet,0.01470978794632783
e1,JPM,21,6,mae_da,last3,huber,0.9300266154609443
e1,JPM,21,6,mae_da,last3,pls,0.002534909267221955
e1,JPM,21,6,mae_da,last3,lgbm_reg,0.023107824116941872
e1,JPM,21,6,mae_da,last3,xgb,0.029620863208564094
e1,JPM,21,7,mae_da,last3,elasticnet,0.054561049481033456
e1,JPM,21,7,mae_da,last3,huber,0.5436192115956532
e1,JPM,21,7,mae_da,last3,pls,0.0022074785879407817
e1,JPM,21,7,mae_da,last3,lgbm_reg,0.27598235545789734
e1,JPM,21,7,mae_da,last3,xgb,0.12362990487747519
e1,JPM,21,8,mae_da,last3,elasticnet,0.388313806346214
e1,JPM,21,8,mae_da,last3,huber,0.4234179435284716
e1,JPM,21,8,mae_da,last3,pls,0.0020535061585092973
e1,JPM,21,8,mae_da,last3,lgbm_reg,0.0808057564606968
e1,JPM,21,8,mae_da,last3,xgb,0.10540898750610833
e1,JPM,21,9,mae_da,last3,elasticnet,0.30407305539043855
e1,JPM,21,9,mae_da,last3,huber,0.31012165625254307
e1,JPM,21,9,mae_da,last3,pls,0.004096456784597258
e1,JPM,21,9,mae_da,last3,lgbm_reg,0.24515930749164092
e1,JPM,21,9,mae_da,last3,xgb,0.13654952408078033
e1,JPM,21,10,mae_da,last3,elasticnet,0.4442559948176969
e1,JPM,21,10,mae_da,last3,huber,0.4035053981720483
e1,JPM,21,10,mae_da,last3,pls,0.03145867202960748
e1,JPM,21,10,mae_da,last3,lgbm_reg,0.1154581492433513
e1,JPM,21,10,mae_da,last3,xgb,0.005321785737296019
e1,JPM,21,11,mae_da,last3,elasticnet,0.06591756567438987
e1,JPM,21,11,mae_da,last3,huber,0.5588026364984059
e1,JPM,21,11,mae_da,last3,pls,0.22810652599818632
e1,JPM,21,11,mae_da,last3,lgbm_reg,0.11214983924857837
e1,JPM,21,11,mae_da,last3,xgb,0.035023432580439676
e1,JPM,21,12,mae_da,last3,elasticnet,0.06775029201489376
e1,JPM,21,12,mae_da,last3,huber,0.1496418859167257
e1,JPM,21,12,mae_da,last3,pls,0.6419729741390853
e1,JPM,21,12,mae_da,last3,lgbm_reg,0.08411031139379285
e1,JPM,21,12,mae_da,last3,xgb,0.056524536535502365
e1,JPM,21,13,mae_da,last3,elasticnet,0.013109656068412738
e1,JPM,21,13,mae_da,last3,huber,0.024654277027969865
e1,JPM,21,13,mae_da,last3,pls,0.8173803932591751
e1,JPM,21,13,mae_da,last3,lgbm_reg,0.031383482869071194
e1,JPM,21,13,mae_da,last3,xgb,0.11347219077537109
e1,JPM,21,14,mae_da,last3,elasticnet,0.005945259488949791
e1,JPM,21,14,mae_da,last3,huber,0.023742516147373778
e1,JPM,21,14,mae_da,last3,pls,0.04061310808571575
e1,JPM,21,14,mae_da,last3,lgbm_reg,0.2877341748347878
e1,JPM,21,14,mae_da,last3,xgb,0.6419649414431728
e1,JPM,21,0,softmax_ic,expanding,elasticnet,0.2
e1,JPM,21,0,softmax_ic,expanding,huber,0.2
e1,JPM,21,0,softmax_ic,expanding,pls,0.2
e1,JPM,21,0,softmax_ic,expanding,lgbm_reg,0.2
e1,JPM,21,0,softmax_ic,expanding,xgb,0.2
e1,JPM,21,1,softmax_ic,expanding,elasticnet,0.2409046468545386
e1,JPM,21,1,softmax_ic,expanding,huber,0.1261425532932119
e1,JPM,21,1,softmax_ic,expanding,pls,0.3222043950148097
e1,JPM,21,1,softmax_ic,expanding,lgbm_reg,0.31029163104246543
e1,JPM,21,1,softmax_ic,expanding,xgb,0.00045677379497450544
e1,JPM,21,2,softmax_ic,expanding,elasticnet,0.5069076355583069
e1,JPM,21,2,softmax_ic,expanding,huber,0.43732608658121064
e1,JPM,21,2,softmax_ic,expanding,pls,0.03958140401363879
e1,JPM,21,2,softmax_ic,expanding,lgbm_reg,0.015328342546153168
e1,JPM,21,2,softmax_ic,expanding,xgb,0.0008565313006904643
e1,JPM,21,3,softmax_ic,expanding,elasticnet,0.33220690289141214
e1,JPM,21,3,softmax_ic,expanding,huber,0.2866295056539968
e1,JPM,21,3,softmax_ic,expanding,pls,0.28105886071747577
e1,JPM,21,3,softmax_ic,expanding,lgbm_reg,0.08471503248246852
e1,JPM,21,3,softmax_ic,expanding,xgb,0.01538969825464684
e1,JPM,21,4,softmax_ic,expanding,elasticnet,0.36296026823580896
e1,JPM,21,4,softmax_ic,expanding,huber,0.33356229488332867
e1,JPM,21,4,softmax_ic,expanding,pls,0.2659243692144821
e1,JPM,21,4,softmax_ic,expanding,lgbm_reg,0.03010867432561034
e1,JPM,21,4,softmax_ic,expanding,xgb,0.0074443933407698035
e1,JPM,21,5,softmax_ic,expanding,elasticnet,0.2856217048281823
e1,JPM,21,5,softmax_ic,expanding,huber,0.19998027422655495
e1,JPM,21,5,softmax_ic,expanding,pls,0.48559315664452096
e1,JPM,21,5,softmax_ic,expanding,lgbm_reg,0.024187574970204722
e1,JPM,21,5,softmax_ic,expanding,xgb,0.0046172893305371065
e1,JPM,21,6,softmax_ic,expanding,elasticnet,0.38218343976433494
e1,JPM,21,6,softmax_ic,expanding,huber,0.23377145298466
e1,JPM,21,6,softmax_ic,expanding,pls,0.33722722193125565
e1,JPM,21,6,softmax_ic,expanding,lgbm_reg,0.03663952415995464
e1,JPM,21,6,softmax_ic,expanding,xgb,0.010178361159794843
e1,JPM,21,7,softmax_ic,expanding,elasticnet,0.37979132545785943
e1,JPM,21,7,softmax_ic,expanding,huber,0.2863627764426662
e1,JPM,21,7,softmax_ic,expanding,pls,0.2743995122232721
e1,JPM,21,7,softmax_ic,expanding,lgbm_reg,0.04682449464801714
e1,JPM,21,7,softmax_ic,expanding,xgb,0.012621891228185194
e1,JPM,21,8,softmax_ic,expanding,elasticnet,0.42346475142715334
e1,JPM,21,8,softmax_ic,expanding,huber,0.23694850499935596
e1,JPM,21,8,softmax_ic,expanding,pls,0.29309720663927147
e1,JPM,21,8,softmax_ic,expanding,lgbm_reg,0.03399553327495351
e1,JPM,21,8,softmax_ic,expanding,xgb,0.012494003659265718
e1,JPM,21,9,softmax_ic,expanding,elasticnet,0.42516294930032256
e1,JPM,21,9,softmax_ic,expanding,huber,0.24746887141878776
e1,JPM,21,9,softmax_ic,expanding,pls,0.2712848056321362
e1,JPM,21,9,softmax_ic,expanding,lgbm_reg,0.03805590353414098
e1,JPM,21,9,softmax_ic,expanding,xgb,0.01802747011461241
e1,JPM,21,10,softmax_ic,expanding,elasticnet,0.4349379770214299
e1,JPM,21,10,softmax_ic,expanding,huber,0.30652112569675655
e1,JPM,21,10,softmax_ic,expanding,pls,0.206417109332856
e1,JPM,21,10,softmax_ic,expanding,lgbm_reg,0.03725408434438259
e1,JPM,21,10,softmax_ic,expanding,xgb,0.014869703604575015
e1,JPM,21,11,softmax_ic,expanding,elasticnet,0.40837999763646754
e1,JPM,21,11,softmax_ic,expanding,huber,0.297665663086477
e1,JPM,21,11,softmax_ic,expanding,pls,0.24674568906551125
e1,JPM,21,11,softmax_ic,expanding,lgbm_reg,0.03273342959873415
e1,JPM,21,11,softmax_ic,expanding,xgb,0.014475220612809918
e1,JPM,21,12,softmax_ic,expanding,elasticnet,0.4258642166398276
e1,JPM,21,12,softmax_ic,expanding,huber,0.31899462289778635
e1,JPM,21,12,softmax_ic,expanding,pls,0.20167878572301226
e1,JPM,21,12,softmax_ic,expanding,lgbm_reg,0.03500420491242316
e1,JPM,21,12,softmax_ic,expanding,xgb,0.018458169826950657
e1,JPM,21,13,softmax_ic,expanding,elasticnet,0.38518670931275956
e1,JPM,21,13,softmax_ic,expanding,huber,0.2984541977301929
e1,JPM,21,13,softmax_ic,expanding,pls,0.24187952720030062
e1,JPM,21,13,softmax_ic,expanding,lgbm_reg,0.04869779877528062
e1,JPM,21,13,softmax_ic,expanding,xgb,0.025781766981466583
e1,JPM,21,14,softmax_ic,expanding,elasticnet,0.378051201768993
e1,JPM,21,14,softmax_ic,expanding,huber,0.3112533650132011
e1,JPM,21,14,softmax_ic,expanding,pls,0.21699211965306642
e1,JPM,21,14,softmax_ic,expanding,lgbm_reg,0.05449390455970426
e1,JPM,21,14,softmax_ic,expanding,xgb,0.03920940900503528
e1,JPM,21,0,softmax_ic,last3,elasticnet,0.2
e1,JPM,21,0,softmax_ic,last3,huber,0.2
e1,JPM,21,0,softmax_ic,last3,pls,0.2
e1,JPM,21,0,softmax_ic,last3,lgbm_reg,0.2
e1,JPM,21,0,softmax_ic,last3,xgb,0.2
e1,JPM,21,1,softmax_ic,last3,elasticnet,0.2409046468545386
e1,JPM,21,1,softmax_ic,last3,huber,0.1261425532932119
e1,JPM,21,1,softmax_ic,last3,pls,0.3222043950148097
e1,JPM,21,1,softmax_ic,last3,lgbm_reg,0.31029163104246543
e1,JPM,21,1,softmax_ic,last3,xgb,0.00045677379497450544
e1,JPM,21,2,softmax_ic,last3,elasticnet,0.5069076355583069
e1,JPM,21,2,softmax_ic,last3,huber,0.43732608658121064
e1,JPM,21,2,softmax_ic,last3,pls,0.03958140401363879
e1,JPM,21,2,softmax_ic,last3,lgbm_reg,0.015328342546153168
e1,JPM,21,2,softmax_ic,last3,xgb,0.0008565313006904643
e1,JPM,21,3,softmax_ic,last3,elasticnet,0.33220690289141214
e1,JPM,21,3,softmax_ic,last3,huber,0.2866295056539968
e1,JPM,21,3,softmax_ic,last3,pls,0.28105886071747577
e1,JPM,21,3,softmax_ic,last3,lgbm_reg,0.08471503248246852
e1,JPM,21,3,softmax_ic,last3,xgb,0.01538969825464684
e1,JPM,21,4,softmax_ic,last3,elasticnet,0.2623614544253654
e1,JPM,21,4,softmax_ic,last3,huber,0.2607349328435834
e1,JPM,21,4,softmax_ic,last3,pls,0.4106267771699856
e1,JPM,21,4,softmax_ic,last3,lgbm_reg,0.011386012524468558
e1,JPM,21,4,softmax_ic,last3,xgb,0.05489082303659695
e1,JPM,21,5,softmax_ic,last3,elasticnet,0.3227065223723881
e1,JPM,21,5,softmax_ic,last3,huber,0.17513140755012882
e1,JPM,21,5,softmax_ic,last3,pls,0.4984450983459032
e1,JPM,21,5,softmax_ic,last3,lgbm_reg,0.0025220532665354116
e1,JPM,21,5,softmax_ic,last3,xgb,0.0011949184650443662
e1,JPM,21,6,softmax_ic,last3,elasticnet,0.6294395905664862
e1,JPM,21,6,softmax_ic,last3,huber,0.26673669618455226
e1,JPM,21,6,softmax_ic,last3,pls,0.0986259081492543
e1,JPM,21,6,softmax_ic,last3,lgbm_reg,0.0037500350995305102
e1,JPM,21,6,softmax_ic,last3,xgb,0.001447770000176632
e1,JPM,21,7,softmax_ic,last3,elasticnet,0.24794380389751622
e1,JPM,21,7,softmax_ic,last3,huber,0.14636827054865598
e1,JPM,21,7,softmax_ic,last3,pls,0.5124394025102736
e1,JPM,21,7,softmax_ic,last3,lgbm_reg,0.06470660720263527
e1,JPM,21,7,softmax_ic,last3,xgb,0.028541915840918832
e1,JPM,21,8,softmax_ic,last3,elasticnet,0.5413562567972313
e1,JPM,21,8,softmax_ic,last3,huber,0.20788620421355783
e1,JPM,21,8,softmax_ic,last3,pls,0.11701521644193631
e1,JPM,21,8,softmax_ic,last3,lgbm_reg,0.023534272992486713
e1,JPM,21,8,softmax_ic,last3,xgb,0.11020804955478788
e1,JPM,21,9,softmax_ic,last3,elasticnet,0.5839002878385008
e1,JPM,21,9,softmax_ic,last3,huber,0.2977014828597846
e1,JPM,21,9,softmax_ic,last3,pls,0.06597228165429504
e1,JPM,21,9,softmax_ic,last3,lgbm_reg,0.013123133744079592
e1,JPM,21,9,softmax_ic,last3,xgb,0.03930281390334005
e1,JPM,21,10,softmax_ic,last3,elasticnet,0.5354953321366088
e1,JPM,21,10,softmax_ic,last3,huber,0.37042822492855826
e1,JPM,21,10,softmax_ic,last3,pls,0.06981604452725544
e1,JPM,21,10,softmax_ic,last3,lgbm_reg,0.014819341290127299
e1,JPM,21,10,softmax_ic,last3,xgb,0.009441057117450101
e1,JPM,21,11,softmax_ic,last3,elasticnet,0.34900110240770515
e1,JPM,21,11,softmax_ic,last3,huber,0.5436054215514337
e1,JPM,21,11,softmax_ic,last3,pls,0.08263046272933784
e1,JPM,21,11,softmax_ic,last3,lgbm_reg,0.01127526157740868
e1,JPM,21,11,softmax_ic,last3,xgb,0.01348775173411467
e1,JPM,21,12,softmax_ic,last3,elasticnet,0.3334393186748967
e1,JPM,21,12,softmax_ic,last3,huber,0.3835030675787439
e1,JPM,21,12,softmax_ic,last3,pls,0.18641809471031684
e1,JPM,21,12,softmax_ic,last3,lgbm_reg,0.0574716493622264
e1,JPM,21,12,softmax_ic,last3,xgb,0.03916786967381611
e1,JPM,21,13,softmax_ic,last3,elasticnet,0.23046731779496388
e1,JPM,21,13,softmax_ic,last3,huber,0.21550912007975476
e1,JPM,21,13,softmax_ic,last3,pls,0.36374495861575934
e1,JPM,21,13,softmax_ic,last3,lgbm_reg,0.07410204746474912
e1,JPM,21,13,softmax_ic,last3,xgb,0.11617655604477306
e1,JPM,21,14,softmax_ic,last3,elasticnet,0.1571937018220969
e1,JPM,21,14,softmax_ic,last3,huber,0.20716019998413093
e1,JPM,21,14,softmax_ic,last3,pls,0.05303851723693898
e1,JPM,21,14,softmax_ic,last3,lgbm_reg,0.10261498790083298
e1,JPM,21,14,softmax_ic,last3,xgb,0.4799925930560001
e1,JPM,21,0,best_recent,expanding,elasticnet,0.2
e1,JPM,21,0,best_recent,expanding,huber,0.2
e1,JPM,21,0,best_recent,expanding,pls,0.2
e1,JPM,21,0,best_recent,expanding,lgbm_reg,0.2
e1,JPM,21,0,best_recent,expanding,xgb,0.2
e1,JPM,21,1,best_recent,expanding,elasticnet,0.0
e1,JPM,21,1,best_recent,expanding,huber,0.0
e1,JPM,21,1,best_recent,expanding,pls,1.0
e1,JPM,21,1,best_recent,expanding,lgbm_reg,0.0
e1,JPM,21,1,best_recent,expanding,xgb,0.0
e1,JPM,21,2,best_recent,expanding,elasticnet,1.0
e1,JPM,21,2,best_recent,expanding,huber,0.0
e1,JPM,21,2,best_recent,expanding,pls,0.0
e1,JPM,21,2,best_recent,expanding,lgbm_reg,0.0
e1,JPM,21,2,best_recent,expanding,xgb,0.0
e1,JPM,21,3,best_recent,expanding,elasticnet,1.0
e1,JPM,21,3,best_recent,expanding,huber,0.0
e1,JPM,21,3,best_recent,expanding,pls,0.0
e1,JPM,21,3,best_recent,expanding,lgbm_reg,0.0
e1,JPM,21,3,best_recent,expanding,xgb,0.0
e1,JPM,21,4,best_recent,expanding,elasticnet,1.0
e1,JPM,21,4,best_recent,expanding,huber,0.0
e1,JPM,21,4,best_recent,expanding,pls,0.0
e1,JPM,21,4,best_recent,expanding,lgbm_reg,0.0
e1,JPM,21,4,best_recent,expanding,xgb,0.0
e1,JPM,21,5,best_recent,expanding,elasticnet,0.0
e1,JPM,21,5,best_recent,expanding,huber,0.0
e1,JPM,21,5,best_recent,expanding,pls,1.0
e1,JPM,21,5,best_recent,expanding,lgbm_reg,0.0
e1,JPM,21,5,best_recent,expanding,xgb,0.0
e1,JPM,21,6,best_recent,expanding,elasticnet,1.0
e1,JPM,21,6,best_recent,expanding,huber,0.0
e1,JPM,21,6,best_recent,expanding,pls,0.0
e1,JPM,21,6,best_recent,expanding,lgbm_reg,0.0
e1,JPM,21,6,best_recent,expanding,xgb,0.0
e1,JPM,21,7,best_recent,expanding,elasticnet,1.0
e1,JPM,21,7,best_recent,expanding,huber,0.0
e1,JPM,21,7,best_recent,expanding,pls,0.0
e1,JPM,21,7,best_recent,expanding,lgbm_reg,0.0
e1,JPM,21,7,best_recent,expanding,xgb,0.0
e1,JPM,21,8,best_recent,expanding,elasticnet,1.0
e1,JPM,21,8,best_recent,expanding,huber,0.0
e1,JPM,21,8,best_recent,expanding,pls,0.0
e1,JPM,21,8,best_recent,expanding,lgbm_reg,0.0
e1,JPM,21,8,best_recent,expanding,xgb,0.0
e1,JPM,21,9,best_recent,expanding,elasticnet,1.0
e1,JPM,21,9,best_recent,expanding,huber,0.0
e1,JPM,21,9,best_recent,expanding,pls,0.0
e1,JPM,21,9,best_recent,expanding,lgbm_reg,0.0
e1,JPM,21,9,best_recent,expanding,xgb,0.0
e1,JPM,21,10,best_recent,expanding,elasticnet,1.0
e1,JPM,21,10,best_recent,expanding,huber,0.0
e1,JPM,21,10,best_recent,expanding,pls,0.0
e1,JPM,21,10,best_recent,expanding,lgbm_reg,0.0
e1,JPM,21,10,best_recent,expanding,xgb,0.0
e1,JPM,21,11,best_recent,expanding,elasticnet,1.0
e1,JPM,21,11,best_recent,expanding,huber,0.0
e1,JPM,21,11,best_recent,expanding,pls,0.0
e1,JPM,21,11,best_recent,expanding,lgbm_reg,0.0
e1,JPM,21,11,best_recent,expanding,xgb,0.0
e1,JPM,21,12,best_recent,expanding,elasticnet,1.0
e1,JPM,21,12,best_recent,expanding,huber,0.0
e1,JPM,21,12,best_recent,expanding,pls,0.0
e1,JPM,21,12,best_recent,expanding,lgbm_reg,0.0
e1,JPM,21,12,best_recent,expanding,xgb,0.0
e1,JPM,21,13,best_recent,expanding,elasticnet,1.0
e1,JPM,21,13,best_recent,expanding,huber,0.0
e1,JPM,21,13,best_recent,expanding,pls,0.0
e1,JPM,21,13,best_recent,expanding,lgbm_reg,0.0
e1,JPM,21,13,best_recent,expanding,xgb,0.0
e1,JPM,21,14,best_recent,expanding,elasticnet,1.0
e1,JPM,21,14,best_recent,expanding,huber,0.0
e1,JPM,21,14,best_recent,expanding,pls,0.0
e1,JPM,21,14,best_recent,expanding,lgbm_reg,0.0
e1,JPM,21,14,best_recent,expanding,xgb,0.0
e1,JPM,21,0,best_recent,last3,elasticnet,0.2
e1,JPM,21,0,best_recent,last3,huber,0.2
e1,JPM,21,0,best_recent,last3,pls,0.2
e1,JPM,21,0,best_recent,last3,lgbm_reg,0.2
e1,JPM,21,0,best_recent,last3,xgb,0.2
e1,JPM,21,1,best_recent,last3,elasticnet,0.0
e1,JPM,21,1,best_recent,last3,huber,0.0
e1,JPM,21,1,best_recent,last3,pls,1.0
e1,JPM,21,1,best_recent,last3,lgbm_reg,0.0
e1,JPM,21,1,best_recent,last3,xgb,0.0
e1,JPM,21,2,best_recent,last3,elasticnet,1.0
e1,JPM,21,2,best_recent,last3,huber,0.0
e1,JPM,21,2,best_recent,last3,pls,0.0
e1,JPM,21,2,best_recent,last3,lgbm_reg,0.0
e1,JPM,21,2,best_recent,last3,xgb,0.0
e1,JPM,21,3,best_recent,last3,elasticnet,1.0
e1,JPM,21,3,best_recent,last3,huber,0.0
e1,JPM,21,3,best_recent,last3,pls,0.0
e1,JPM,21,3,best_recent,last3,lgbm_reg,0.0
e1,JPM,21,3,best_recent,last3,xgb,0.0
e1,JPM,21,4,best_recent,last3,elasticnet,0.0
e1,JPM,21,4,best_recent,last3,huber,0.0
e1,JPM,21,4,best_recent,last3,pls,1.0
e1,JPM,21,4,best_recent,last3,lgbm_reg,0.0
e1,JPM,21,4,best_recent,last3,xgb,0.0
e1,JPM,21,5,best_recent,last3,elasticnet,0.0
e1,JPM,21,5,best_recent,last3,huber,0.0
e1,JPM,21,5,best_recent,last3,pls,1.0
e1,JPM,21,5,best_recent,last3,lgbm_reg,0.0
e1,JPM,21,5,best_recent,last3,xgb,0.0
e1,JPM,21,6,best_recent,last3,elasticnet,1.0
e1,JPM,21,6,best_recent,last3,huber,0.0
e1,JPM,21,6,best_recent,last3,pls,0.0
e1,JPM,21,6,best_recent,last3,lgbm_reg,0.0
e1,JPM,21,6,best_recent,last3,xgb,0.0
e1,JPM,21,7,best_recent,last3,elasticnet,0.0
e1,JPM,21,7,best_recent,last3,huber,0.0
e1,JPM,21,7,best_recent,last3,pls,1.0
e1,JPM,21,7,best_recent,last3,lgbm_reg,0.0
e1,JPM,21,7,best_recent,last3,xgb,0.0
e1,JPM,21,8,best_recent,last3,elasticnet,1.0
e1,JPM,21,8,best_recent,last3,huber,0.0
e1,JPM,21,8,best_recent,last3,pls,0.0
e1,JPM,21,8,best_recent,last3,lgbm_reg,0.0
e1,JPM,21,8,best_recent,last3,xgb,0.0
e1,JPM,21,9,best_recent,last3,elasticnet,1.0
e1,JPM,21,9,best_recent,last3,huber,0.0
e1,JPM,21,9,best_recent,last3,pls,0.0
e1,JPM,21,9,best_recent,last3,lgbm_reg,0.0
e1,JPM,21,9,best_recent,last3,xgb,0.0
e1,JPM,21,10,best_recent,last3,elasticnet,1.0
e1,JPM,21,10,best_recent,last3,huber,0.0
e1,JPM,21,10,best_recent,last3,pls,0.0
e1,JPM,21,10,best_recent,last3,lgbm_reg,0.0
e1,JPM,21,10,best_recent,last3,xgb,0.0
e1,JPM,21,11,best_recent,last3,elasticnet,0.0
e1,JPM,21,11,best_recent,last3,huber,1.0
e1,JPM,21,11,best_recent,last3,pls,0.0
e1,JPM,21,11,best_recent,last3,lgbm_reg,0.0
e1,JPM,21,11,best_recent,last3,xgb,0.0
e1,JPM,21,12,best_recent,last3,elasticnet,0.0
e1,JPM,21,12,best_recent,last3,huber,1.0
e1,JPM,21,12,best_recent,last3,pls,0.0
e1,JPM,21,12,best_recent,last3,lgbm_reg,0.0
e1,JPM,21,12,best_recent,last3,xgb,0.0
e1,JPM,21,13,best_recent,last3,elasticnet,0.0
e1,JPM,21,13,best_recent,last3,huber,0.0
e1,JPM,21,13,best_recent,last3,pls,1.0
e1,JPM,21,13,best_recent,last3,lgbm_reg,0.0
e1,JPM,21,13,best_recent,last3,xgb,0.0
e1,JPM,21,14,best_recent,last3,elasticnet,0.0
e1,JPM,21,14,best_recent,last3,huber,0.0
e1,JPM,21,14,best_recent,last3,pls,0.0
e1,JPM,21,14,best_recent,last3,lgbm_reg,0.0
e1,JPM,21,14,best_recent,last3,xgb,1.0
e1,JPM,63,0,equal,expanding,elasticnet,0.2
e1,JPM,63,0,equal,expanding,huber,0.2
e1,JPM,63,0,equal,expanding,pls,0.2
e1,JPM,63,0,equal,expanding,lgbm_reg,0.2
e1,JPM,63,0,equal,expanding,xgb,0.2
e1,JPM,63,1,equal,expanding,elasticnet,0.2
e1,JPM,63,1,equal,expanding,huber,0.2
e1,JPM,63,1,equal,expanding,pls,0.2
e1,JPM,63,1,equal,expanding,lgbm_reg,0.2
e1,JPM,63,1,equal,expanding,xgb,0.2
e1,JPM,63,2,equal,expanding,elasticnet,0.2
e1,JPM,63,2,equal,expanding,huber,0.2
e1,JPM,63,2,equal,expanding,pls,0.2
e1,JPM,63,2,equal,expanding,lgbm_reg,0.2
e1,JPM,63,2,equal,expanding,xgb,0.2
e1,JPM,63,3,equal,expanding,elasticnet,0.2
e1,JPM,63,3,equal,expanding,huber,0.2
e1,JPM,63,3,equal,expanding,pls,0.2
e1,JPM,63,3,equal,expanding,lgbm_reg,0.2
e1,JPM,63,3,equal,expanding,xgb,0.2
e1,JPM,63,4,equal,expanding,elasticnet,0.2
e1,JPM,63,4,equal,expanding,huber,0.2
e1,JPM,63,4,equal,expanding,pls,0.2
e1,JPM,63,4,equal,expanding,lgbm_reg,0.2
e1,JPM,63,4,equal,expanding,xgb,0.2
e1,JPM,63,5,equal,expanding,elasticnet,0.2
e1,JPM,63,5,equal,expanding,huber,0.2
e1,JPM,63,5,equal,expanding,pls,0.2
e1,JPM,63,5,equal,expanding,lgbm_reg,0.2
e1,JPM,63,5,equal,expanding,xgb,0.2
e1,JPM,63,6,equal,expanding,elasticnet,0.2
e1,JPM,63,6,equal,expanding,huber,0.2
e1,JPM,63,6,equal,expanding,pls,0.2
e1,JPM,63,6,equal,expanding,lgbm_reg,0.2
e1,JPM,63,6,equal,expanding,xgb,0.2
e1,JPM,63,7,equal,expanding,elasticnet,0.2
e1,JPM,63,7,equal,expanding,huber,0.2
e1,JPM,63,7,equal,expanding,pls,0.2
e1,JPM,63,7,equal,expanding,lgbm_reg,0.2
e1,JPM,63,7,equal,expanding,xgb,0.2
e1,JPM,63,8,equal,expanding,elasticnet,0.2
e1,JPM,63,8,equal,expanding,huber,0.2
e1,JPM,63,8,equal,expanding,pls,0.2
e1,JPM,63,8,equal,expanding,lgbm_reg,0.2
e1,JPM,63,8,equal,expanding,xgb,0.2
e1,JPM,63,9,equal,expanding,elasticnet,0.2
e1,JPM,63,9,equal,expanding,huber,0.2
e1,JPM,63,9,equal,expanding,pls,0.2
e1,JPM,63,9,equal,expanding,lgbm_reg,0.2
e1,JPM,63,9,equal,expanding,xgb,0.2
e1,JPM,63,10,equal,expanding,elasticnet,0.2
e1,JPM,63,10,equal,expanding,huber,0.2
e1,JPM,63,10,equal,expanding,pls,0.2
e1,JPM,63,10,equal,expanding,lgbm_reg,0.2
e1,JPM,63,10,equal,expanding,xgb,0.2
e1,JPM,63,11,equal,expanding,elasticnet,0.2
e1,JPM,63,11,equal,expanding,huber,0.2
e1,JPM,63,11,equal,expanding,pls,0.2
e1,JPM,63,11,equal,expanding,lgbm_reg,0.2
e1,JPM,63,11,equal,expanding,xgb,0.2
e1,JPM,63,12,equal,expanding,elasticnet,0.2
e1,JPM,63,12,equal,expanding,huber,0.2
e1,JPM,63,12,equal,expanding,pls,0.2
e1,JPM,63,12,equal,expanding,lgbm_reg,0.2
e1,JPM,63,12,equal,expanding,xgb,0.2
e1,JPM,63,13,equal,expanding,elasticnet,0.2
e1,JPM,63,13,equal,expanding,huber,0.2
e1,JPM,63,13,equal,expanding,pls,0.2
e1,JPM,63,13,equal,expanding,lgbm_reg,0.2
e1,JPM,63,13,equal,expanding,xgb,0.2
e1,JPM,63,14,equal,expanding,elasticnet,0.2
e1,JPM,63,14,equal,expanding,huber,0.2
e1,JPM,63,14,equal,expanding,pls,0.2
e1,JPM,63,14,equal,expanding,lgbm_reg,0.2
e1,JPM,63,14,equal,expanding,xgb,0.2
e1,JPM,63,0,inv_mae,expanding,elasticnet,0.2
e1,JPM,63,0,inv_mae,expanding,huber,0.2
e1,JPM,63,0,inv_mae,expanding,pls,0.2
e1,JPM,63,0,inv_mae,expanding,lgbm_reg,0.2
e1,JPM,63,0,inv_mae,expanding,xgb,0.2
e1,JPM,63,1,inv_mae,expanding,elasticnet,0.35383297175080464
e1,JPM,63,1,inv_mae,expanding,huber,0.2973107292092057
e1,JPM,63,1,inv_mae,expanding,pls,0.13999290499134745
e1,JPM,63,1,inv_mae,expanding,lgbm_reg,0.10366889310515319
e1,JPM,63,1,inv_mae,expanding,xgb,0.10519450094348902
e1,JPM,63,2,inv_mae,expanding,elasticnet,0.22223571448275364
e1,JPM,63,2,inv_mae,expanding,huber,0.1940048665186798
e1,JPM,63,2,inv_mae,expanding,pls,0.2074600726379994
e1,JPM,63,2,inv_mae,expanding,lgbm_reg,0.1965391817072477
e1,JPM,63,2,inv_mae,expanding,xgb,0.17976016465331937
e1,JPM,63,3,inv_mae,expanding,elasticnet,0.2084593314175116
e1,JPM,63,3,inv_mae,expanding,huber,0.2151056431630116
e1,JPM,63,3,inv_mae,expanding,pls,0.15700553620073904
e1,JPM,63,3,inv_mae,expanding,lgbm_reg,0.22791540078880368
e1,JPM,63,3,inv_mae,expanding,xgb,0.19151408842993414
e1,JPM,63,4,inv_mae,expanding,elasticnet,0.18817261944963679
e1,JPM,63,4,inv_mae,expanding,huber,0.21569251213023213
e1,JPM,63,4,inv_mae,expanding,pls,0.17628378388579544
e1,JPM,63,4,inv_mae,expanding,lgbm_reg,0.240738885894657
e1,JPM,63,4,inv_mae,expanding,xgb,0.17911219863967875
e1,JPM,63,5,inv_mae,expanding,elasticnet,0.20208029402118025
e1,JPM,63,5,inv_mae,expanding,huber,0.2273281728308929
e1,JPM,63,5,inv_mae,expanding,pls,0.17279392514058034
e1,JPM,63,5,inv_mae,expanding,lgbm_reg,0.22661204569054424
e1,JPM,63,5,inv_mae,expanding,xgb,0.17118556231680226
e1,JPM,63,6,inv_mae,expanding,elasticnet,0.2183494646048683
e1,JPM,63,6,inv_mae,expanding,huber,0.24577392682770433
e1,JPM,63,6,inv_mae,expanding,pls,0.14162912556167936
e1,JPM,63,6,inv_mae,expanding,lgbm_reg,0.2182501709877715
e1,JPM,63,6,inv_mae,expanding,xgb,0.1759973120179766
e1,JPM,63,7,inv_mae,expanding,elasticnet,0.21144853781538334
e1,JPM,63,7,inv_mae,expanding,huber,0.23473354618842296
e1,JPM,63,7,inv_mae,expanding,pls,0.13975859447451544
e1,JPM,63,7,inv_mae,expanding,lgbm_reg,0.22435647296331787
e1,JPM,63,7,inv_mae,expanding,xgb,0.18970284855836045
e1,JPM,63,8,inv_mae,expanding,elasticnet,0.20880456888776514
e1,JPM,63,8,inv_mae,expanding,huber,0.23818622192618621
e1,JPM,63,8,inv_mae,expanding,pls,0.14609931007674756
e1,JPM,63,8,inv_mae,expanding,lgbm_reg,0.2193866530081866
e1,JPM,63,8,inv_mae,expanding,xgb,0.18752324610111445
e1,JPM,63,9,inv_mae,expanding,elasticnet,0.19618231601800415
e1,JPM,63,9,inv_mae,expanding,huber,0.22546151140561535
e1,JPM,63,9,inv_mae,expanding,pls,0.15452218530274114
e1,JPM,63,9,inv_mae,expanding,lgbm_reg,0.2266675457216692
e1,JPM,63,9,inv_mae,expanding,xgb,0.19716644155197016
e1,JPM,63,10,inv_mae,expanding,elasticnet,0.18995815844991237
e1,JPM,63,10,inv_mae,expanding,huber,0.2146420113481922
e1,JPM,63,10,inv_mae,expanding,pls,0.16764705097294036
e1,JPM,63,10,inv_mae,expanding,lgbm_reg,0.23260888448249745
e1,JPM,63,10,inv_mae,expanding,xgb,0.19514389474645757
e1,JPM,63,11,inv_mae,expanding,elasticnet,0.18504525866919355
e1,JPM,63,11,inv_mae,expanding,huber,0.21177277779553708
e1,JPM,63,11,inv_mae,expanding,pls,0.17613135184488107
e1,JPM,63,11,inv_mae,expanding,lgbm_reg,0.2358133635801541
e1,JPM,63,11,inv_mae,expanding,xgb,0.19123724811023426
e1,JPM,63,12,inv_mae,expanding,elasticnet,0.18260670064236081
e1,JPM,63,12,inv_mae,expanding,huber,0.20221734286242507
e1,JPM,63,12,inv_mae,expanding,pls,0.18936101233099836
e1,JPM,63,12,inv_mae,expanding,lgbm_reg,0.23393974584717517
e1,JPM,63,12,inv_mae,expanding,xgb,0.1918751983170405
e1,JPM,63,13,inv_mae,expanding,elasticnet,0.1785697013346569
e1,JPM,63,13,inv_mae,expanding,huber,0.1960324359898167
e1,JPM,63,13,inv_mae,expanding,pls,0.19255451405490914
e1,JPM,63,13,inv_mae,expanding,lgbm_reg,0.23783684371386427
e1,JPM,63,13,inv_mae,expanding,xgb,0.19500650490675284
e1,JPM,63,14,inv_mae,expanding,elasticnet,0.17919558021675067
e1,JPM,63,14,inv_mae,expanding,huber,0.19721204002060033
e1,JPM,63,14,inv_mae,expanding,pls,0.18874227383394773
e1,JPM,63,14,inv_mae,expanding,lgbm_reg,0.24152520738742903
e1,JPM,63,14,inv_mae,expanding,xgb,0.19332489854127213
e1,JPM,63,0,inv_mae,last3,elasticnet,0.2
e1,JPM,63,0,inv_mae,last3,huber,0.2
e1,JPM,63,0,inv_mae,last3,pls,0.2
e1,JPM,63,0,inv_mae,last3,lgbm_reg,0.2
e1,JPM,63,0,inv_mae,last3,xgb,0.2
e1,JPM,63,1,inv_mae,last3,elasticnet,0.35383297175080464
e1,JPM,63,1,inv_mae,last3,huber,0.2973107292092057
e1,JPM,63,1,inv_mae,last3,pls,0.13999290499134745
e1,JPM,63,1,inv_mae,last3,lgbm_reg,0.10366889310515319
e1,JPM,63,1,inv_mae,last3,xgb,0.10519450094348902
e1,JPM,63,2,inv_mae,last3,elasticnet,0.22223571448275364
e1,JPM,63,2,inv_mae,last3,huber,0.1940048665186798
e1,JPM,63,2,inv_mae,last3,pls,0.2074600726379994
e1,JPM,63,2,inv_mae,last3,lgbm_reg,0.1965391817072477
e1,JPM,63,2,inv_mae,last3,xgb,0.17976016465331937
e1,JPM,63,3,inv_mae,last3,elasticnet,0.2084593314175116
e1,JPM,63,3,inv_mae,last3,huber,0.2151056431630116
e1,JPM,63,3,inv_mae,last3,pls,0.15700553620073904
e1,JPM,63,3,inv_mae,last3,lgbm_reg,0.22791540078880368
e1,JPM,63,3,inv_mae,last3,xgb,0.19151408842993414
e1,JPM,63,4,inv_mae,last3,elasticnet,0.1379442024413168
e1,JPM,63,4,inv_mae,last3,huber,0.17434752131370063
e1,JPM,63,4,inv_mae,last3,pls,0.1741581777803881
e1,JPM,63,4,inv_mae,last3,lgbm_reg,0.3125960587915982
e1,JPM,63,4,inv_mae,last3,xgb,0.20095403967299635
e1,JPM,63,5,inv_mae,last3,elasticnet,0.1792785820375986
e1,JPM,63,5,inv_mae,last3,huber,0.2631682548843438
e1,JPM,63,5,inv_mae,last3,pls,0.14087887330300658
e1,JPM,63,5,inv_mae,last3,lgbm_reg,0.2576616113785197
e1,JPM,63,5,inv_mae,last3,xgb,0.15901267839653122
e1,JPM,63,6,inv_mae,last3,elasticnet,0.22880035838354565
e1,JPM,63,6,inv_mae,last3,huber,0.2909288368429356
e1,JPM,63,6,inv_mae,last3,pls,0.1220499419650364
e1,JPM,63,6,inv_mae,last3,lgbm_reg,0.20296195088050106
e1,JPM,63,6,inv_mae,last3,xgb,0.1552589119279813
e1,JPM,63,7,inv_mae,last3,elasticnet,0.24425947078912155
e1,JPM,63,7,inv_mae,last3,huber,0.2582530812070903
e1,JPM,63,7,inv_mae,last3,pls,0.09956733243521476
e1,JPM,63,7,inv_mae,last3,lgbm_reg,0.19750938138542143
e1,JPM,63,7,inv_mae,last3,xgb,0.2004107341831519
e1,JPM,63,8,inv_mae,last3,elasticnet,0.2176508400152555
e1,JPM,63,8,inv_mae,last3,huber,0.255195076266209
e1,JPM,63,8,inv_mae,last3,pls,0.1055367402326712
e1,JPM,63,8,inv_mae,last3,lgbm_reg,0.20183293233178035
e1,JPM,63,8,inv_mae,last3,xgb,0.219784411154084
e1,JPM,63,9,inv_mae,last3,elasticnet,0.14984763345038624
e1,JPM,63,9,inv_mae,last3,huber,0.17989799747805224
e1,JPM,63,9,inv_mae,last3,pls,0.18283015455487361
e1,JPM,63,9,inv_mae,last3,lgbm_reg,0.2383975619215748
e1,JPM,63,9,inv_mae,last3,xgb,0.24902665259511306
e1,JPM,63,10,inv_mae,last3,elasticnet,0.15371743818733424
e1,JPM,63,10,inv_mae,last3,huber,0.17879505234174864
e1,JPM,63,10,inv_mae,last3,pls,0.22820906922069856
e1,JPM,63,10,inv_mae,last3,lgbm_reg,0.2404033466372323
e1,JPM,63,10,inv_mae,last3,xgb,0.1988750936129862
e1,JPM,63,11,inv_mae,last3,elasticnet,0.14320745476915123
e1,JPM,63,11,inv_mae,last3,huber,0.16479757789734858
e1,JPM,63,11,inv_mae,last3,pls,0.24353328249542971
e1,JPM,63,11,inv_mae,last3,lgbm_reg,0.25863416173823356
e1,JPM,63,11,inv_mae,last3,xgb,0.18982752309983691
e1,JPM,63,12,inv_mae,last3,elasticnet,0.1503548677395293
e1,JPM,63,12,inv_mae,last3,huber,0.15498253894555586
e1,JPM,63,12,inv_mae,last3,pls,0.28429518301319695
e1,JPM,63,12,inv_mae,last3,lgbm_reg,0.2377349993319871
e1,JPM,63,12,inv_mae,last3,xgb,0.17263241096973078
e1,JPM,63,13,inv_mae,last3,elasticnet,0.13880693185630982
e1,JPM,63,13,inv_mae,last3,huber,0.1397081913983809
e1,JPM,63,13,inv_mae,last3,pls,0.2960205623649309
e1,JPM,63,13,inv_mae,last3,lgbm_reg,0.24169919419040212
e1,JPM,63,13,inv_mae,last3,xgb,0.1837651201899762
e1,JPM,63,14,inv_mae,last3,elasticnet,0.15670192414481876
e1,JPM,63,14,inv_mae,last3,huber,0.15131717626450347
e1,JPM,63,14,inv_mae,last3,pls,0.2381391176554882
e1,JPM,63,14,inv_mae,last3,lgbm_reg,0.2573511083688517
e1,JPM,63,14,inv_mae,last3,xgb,0.19649067356633776
e1,JPM,63,0,mae_da,expanding,elasticnet,0.2
e1,JPM,63,0,mae_da,expanding,huber,0.2
e1,JPM,63,0,mae_da,expanding,pls,0.2
e1,JPM,63,0,mae_da,expanding,lgbm_reg,0.2
e1,JPM,63,0,mae_da,expanding,xgb,0.2
e1,JPM,63,1,mae_da,expanding,elasticnet,0.5897360312009956
e1,JPM,63,1,mae_da,expanding,huber,0.3425611646085824
e1,JPM,63,1,mae_da,expanding,pls,0.0555694123588013
e1,JPM,63,1,mae_da,expanding,lgbm_reg,0.007473940875991
e1,JPM,63,1,mae_da,expanding,xgb,0.004659450955629767
e1,JPM,63,2,mae_da,expanding,elasticnet,0.6934153791828649
e1,JPM,63,2,mae_da,expanding,huber,0.12244416359256832
e1,JPM,63,2,mae_da,expanding,pls,0.16112305198239193
e1,JPM,63,2,mae_da,expanding,lgbm_reg,0.01958972283269906
e1,JPM,63,2,mae_da,expanding,xgb,0.003427682409475684
e1,JPM,63,3,mae_da,expanding,elasticnet,0.2817018189902918
e1,JPM,63,3,mae_da,expanding,huber,0.5866234901806685
e1,JPM,63,3,mae_da,expanding,pls,0.005971060887463243
e1,JPM,63,3,mae_da,expanding,lgbm_reg,0.10479143859400807
e1,JPM,63,3,mae_da,expanding,xgb,0.020912191347568193
e1,JPM,63,4,mae_da,expanding,elasticnet,0.13051775842696423
e1,JPM,63,4,mae_da,expanding,huber,0.6450150389877551
e1,JPM,63,4,mae_da,expanding,pls,0.04933840986279951
e1,JPM,63,4,mae_da,expanding,lgbm_reg,0.16441351591602743
e1,JPM,63,4,mae_da,expanding,xgb,0.010715276806453676
e1,JPM,63,5,mae_da,expanding,elasticnet,0.16741947713686925
e1,JPM,63,5,mae_da,expanding,huber,0.7375445212590689
e1,JPM,63,5,mae_da,expanding,pls,0.024768517005260268
e1,JPM,63,5,mae_da,expanding,lgbm_reg,0.06423879363624313
e1,JPM,63,5,mae_da,expanding,xgb,0.006028690962558314
e1,JPM,63,6,mae_da,expanding,elasticnet,0.2057415879184615
e1,JPM,63,6,mae_da,expanding,huber,0.7352564049840514
e1,JPM,63,6,mae_da,expanding,pls,0.004525851561888182
e1,JPM,63,6,mae_da,expanding,lgbm_reg,0.04239432134194078
e1,JPM,63,6,mae_da,expanding,xgb,0.012081834193658198
e1,JPM,63,7,mae_da,expanding,elasticnet,0.22138613208926028
e1,JPM,63,7,mae_da,expanding,huber,0.6699233594235633
e1,JPM,63,7,mae_da,expanding,pls,0.002836667540821687
e1,JPM,63,7,mae_da,expanding,lgbm_reg,0.07835892077135707
e1,JPM,63,7,mae_da,expanding,xgb,0.027494920174997627
e1,JPM,63,8,mae_da,expanding,elasticnet,0.187584879203511
e1,JPM,63,8,mae_da,expanding,huber,0.7269203746789853
e1,JPM,63,8,mae_da,expanding,pls,0.0028454467118743144
e1,JPM,63,8,mae_da,expanding,lgbm_reg,0.05920509460485107
e1,JPM,63,8,mae_da,expanding,xgb,0.02344420480077827
e1,JPM,63,9,mae_da,expanding,elasticnet,0.11086742661806216
e1,JPM,63,9,mae_da,expanding,huber,0.7361887855711255
e1,JPM,63,9,mae_da,expanding,pls,0.0026154773912431427
e1,JPM,63,9,mae_da,expanding,lgbm_reg,0.1097889069148524
e1,JPM,63,9,mae_da,expanding,xgb,0.0405394035047168
e1,JPM,63,10,mae_da,expanding,elasticnet,0.09020619382079632
e1,JPM,63,10,mae_da,expanding,huber,0.7107256065801382
e1,JPM,63,10,mae_da,expanding,pls,0.005024045682370602
e1,JPM,63,10,mae_da,expanding,lgbm_reg,0.1636331947812133
e1,JPM,63,10,mae_da,expanding,xgb,0.030410959135481735
e1,JPM,63,11,mae_da,expanding,elasticnet,0.0718820519825695
e1,JPM,63,11,mae_da,expanding,huber,0.7059651285295139
e1,JPM,63,11,mae_da,expanding,pls,0.01152420804624306
e1,JPM,63,11,mae_da,expanding,lgbm_reg,0.19131344951379817
e1,JPM,63,11,mae_da,expanding,xgb,0.019315161927875427
e1,JPM,63,12,mae_da,expanding,elasticnet,0.07093053655217807
e1,JPM,63,12,mae_da,expanding,huber,0.5901020185142754
e1,JPM,63,12,mae_da,expanding,pls,0.029542373277551572
e1,JPM,63,12,mae_da,expanding,lgbm_reg,0.2852818095481081
e1,JPM,63,12,mae_da,expanding,xgb,0.024143262107886976
e1,JPM,63,13,mae_da,expanding,elasticnet,0.06495930228842788
e1,JPM,63,13,mae_da,expanding,huber,0.48517292606356854
e1,JPM,63,13,mae_da,expanding,pls,0.0509849822681943
e1,JPM,63,13,mae_da,expanding,lgbm_reg,0.3705861066780321
e1,JPM,63,13,mae_da,expanding,xgb,0.028296682701777254
e1,JPM,63,14,mae_da,expanding,elasticnet,0.056951040311916
e1,JPM,63,14,mae_da,expanding,huber,0.41543156370940415
e1,JPM,63,14,mae_da,expanding,pls,0.0213464393063556
e1,JPM,63,14,mae_da,expanding,lgbm_reg,0.4832492163280583
e1,JPM,63,14,mae_da,expanding,xgb,0.02302174034426601
e1,JPM,63,0,mae_da,last3,elasticnet,0.2
e1,JPM,63,0,mae_da,last3,huber,0.2
e1,JPM,63,0,mae_da,last3,pls,0.2
e1,JPM,63,0,mae_da,last3,lgbm_reg,0.2
e1,JPM,63,0,mae_da,last3,xgb,0.2
e1,JPM,63,1,mae_da,last3,elasticnet,0.5897360312009956
e1,JPM,63,1,mae_da,last3,huber,0.3425611646085824
e1,JPM,63,1,mae_da,last3,pls,0.0555694123588013
e1,JPM,63,1,mae_da,last3,lgbm_reg,0.007473940875991
e1,JPM,63,1,mae_da,last3,xgb,0.004659450955629767
e1,JPM,63,2,mae_da,last3,elasticnet,0.6934153791828649
e1,JPM,63,2,mae_da,last3,huber,0.12244416359256832
e1,JPM,63,2,mae_da,last3,pls,0.16112305198239193
e1,JPM,63,2,mae_da,last3,lgbm_reg,0.01958972283269906
e1,JPM,63,2,mae_da,last3,xgb,0.003427682409475684
e1,JPM,63,3,mae_da,last3,elasticnet,0.2817018189902918
e1,JPM,63,3,mae_da,last3,huber,0.5866234901806685
e1,JPM,63,3,mae_da,last3,pls,0.005971060887463243
e1,JPM,63,3,mae_da,last3,lgbm_reg,0.10479143859400807
e1,JPM,63,3,mae_da,last3,xgb,0.020912191347568193
e1,JPM,63,4,mae_da,last3,elasticnet,0.07024178353437541
e1,JPM,63,4,mae_da,last3,huber,0.4422172210338882
e1,JPM,63,4,mae_da,last3,pls,0.14060607143807488
e1,JPM,63,4,mae_da,last3,lgbm_reg,0.2916408136049888
e1,JPM,63,4,mae_da,last3,xgb,0.05529411038867271
e1,JPM,63,5,mae_da,last3,elasticnet,0.08729039062942537
e1,JPM,63,5,mae_da,last3,huber,0.8305280746509641
e1,JPM,63,5,mae_da,last3,pls,0.01589115910316537
e1,JPM,63,5,mae_da,last3,lgbm_reg,0.056803823689020226
e1,JPM,63,5,mae_da,last3,xgb,0.009486551927424897
e1,JPM,63,6,mae_da,last3,elasticnet,0.16979382051264622
e1,JPM,63,6,mae_da,last3,huber,0.7916863604978135
e1,JPM,63,6,mae_da,last3,pls,0.0043229490388776715
e1,JPM,63,6,mae_da,last3,lgbm_reg,0.024981403483285206
e1,JPM,63,6,mae_da,last3,xgb,0.009215466467377368
e1,JPM,63,7,mae_da,last3,elasticnet,0.28904551789679245
e1,JPM,63,7,mae_da,last3,huber,0.5271051125345245
e1,JPM,63,7,mae_da,last3,pls,0.0017319961645581642
e1,JPM,63,7,mae_da,last3,lgbm_reg,0.0916679440313962
e1,JPM,63,7,mae_da,last3,xgb,0.09044942937272864
e1,JPM,63,8,mae_da,last3,elasticnet,0.214777492273064
e1,JPM,63,8,mae_da,last3,huber,0.507165322169097
e1,JPM,63,8,mae_da,last3,pls,0.0016803808850068146
e1,JPM,63,8,mae_da,last3,lgbm_reg,0.11544488989691218
e1,JPM,63,8,mae_da,last3,xgb,0.16093191477592006
e1,JPM,63,9,mae_da,last3,elasticnet,0.010216650052649984
e1,JPM,63,9,mae_da,last3,huber,0.05782036307902143
e1,JPM,63,9,mae_da,last3,pls,0.00713196469137836
e1,JPM,63,9,mae_da,last3,lgbm_reg,0.3382171139774956
e1,JPM,63,9,mae_da,last3,xgb,0.5866139081994546
e1,JPM,63,10,mae_da,last3,elasticnet,0.0027233054340350654
e1,JPM,63,10,mae_da,last3,huber,0.021407305375828432
e1,JPM,63,10,mae_da,last3,pls,0.6667347446549012
e1,JPM,63,10,mae_da,last3,lgbm_reg,0.216135173158338
e1,JPM,63,10,mae_da,last3,xgb,0.09299947137689724
e1,JPM,63,11,mae_da,last3,elasticnet,0.004824487114239485
e1,JPM,63,11,mae_da,last3,huber,0.021577363971461136
e1,JPM,63,11,mae_da,last3,pls,0.8057458781773
e1,JPM,63,11,mae_da,last3,lgbm_reg,0.15008243136613972
e1,JPM,63,11,mae_da,last3,xgb,0.01776983937085969
e1,JPM,63,12,mae_da,last3,elasticnet,0.02852433889413473
e1,JPM,63,12,mae_da,last3,huber,0.04370875008682581
e1,JPM,63,12,mae_da,last3,pls,0.8712949306686872
e1,JPM,63,12,mae_da,last3,lgbm_reg,0.047478852533271915
e1,JPM,63,12,mae_da,last3,xgb,0.008993127817080357
e1,JPM,63,13,mae_da,last3,elasticnet,0.01724167269497923
e1,JPM,63,13,mae_da,last3,huber,0.02480317756677624
e1,JPM,63,13,mae_da,last3,pls,0.8834418919175427
e1,JPM,63,13,mae_da,last3,lgbm_reg,0.0652401505316682
e1,JPM,63,13,mae_da,last3,xgb,0.009273107289033442
e1,JPM,63,14,mae_da,last3,elasticnet,0.011137600036243341
e1,JPM,63,14,mae_da,last3,huber,0.012329866192308924
e1,JPM,63,14,mae_da,last3,pls,0.03469378913370589
e1,JPM,63,14,mae_da,last3,lgbm_reg,0.9179044731786002
e1,JPM,63,14,mae_da,last3,xgb,0.02393427145914172
e1,JPM,63,0,softmax_ic,expanding,elasticnet,0.2
e1,JPM,63,0,softmax_ic,expanding,huber,0.2
e1,JPM,63,0,softmax_ic,expanding,pls,0.2
e1,JPM,63,0,softmax_ic,expanding,lgbm_reg,0.2
e1,JPM,63,0,softmax_ic,expanding,xgb,0.2
e1,JPM,63,1,softmax_ic,expanding,elasticnet,0.6221966410086164
e1,JPM,63,1,softmax_ic,expanding,huber,0.22870514044308335
e1,JPM,63,1,softmax_ic,expanding,pls,0.05763476767379657
e1,JPM,63,1,softmax_ic,expanding,lgbm_reg,0.018392018987053504
e1,JPM,63,1,softmax_ic,expanding,xgb,0.07307143188745002
e1,JPM,63,2,softmax_ic,expanding,elasticnet,0.42074592761880214
e1,JPM,63,2,softmax_ic,expanding,huber,0.49662669881784904
e1,JPM,63,2,softmax_ic,expanding,pls,0.032929328644651125
e1,JPM,63,2,softmax_ic,expanding,lgbm_reg,0.018870607266955067
e1,JPM,63,2,softmax_ic,expanding,xgb,0.030827437651742513
e1,JPM,63,3,softmax_ic,expanding,elasticnet,0.39946021200580634
e1,JPM,63,3,softmax_ic,expanding,huber,0.5520802099439823
e1,JPM,63,3,softmax_ic,expanding,pls,0.02607356386455612
e1,JPM,63,3,softmax_ic,expanding,lgbm_reg,0.012049094063992773
e1,JPM,63,3,softmax_ic,expanding,xgb,0.010336920121662513
e1,JPM,63,4,softmax_ic,expanding,elasticnet,0.3865741434624243
e1,JPM,63,4,softmax_ic,expanding,huber,0.5692008033808073
e1,JPM,63,4,softmax_ic,expanding,pls,0.03993818852320804
e1,JPM,63,4,softmax_ic,expanding,lgbm_reg,0.002720567606862284
e1,JPM,63,4,softmax_ic,expanding,xgb,0.0015662970266980705
e1,JPM,63,5,softmax_ic,expanding,elasticnet,0.44332702339427565
e1,JPM,63,5,softmax_ic,expanding,huber,0.5255165022406795
e1,JPM,63,5,softmax_ic,expanding,pls,0.02887050651634426
e1,JPM,63,5,softmax_ic,expanding,lgbm_reg,0.0014364177093785337
e1,JPM,63,5,softmax_ic,expanding,xgb,0.0008495501393221603
e1,JPM,63,6,softmax_ic,expanding,elasticnet,0.454008439854109
e1,JPM,63,6,softmax_ic,expanding,huber,0.5335152967359376
e1,JPM,63,6,softmax_ic,expanding,pls,0.007299038621130858
e1,JPM,63,6,softmax_ic,expanding,lgbm_reg,0.003911705770848008
e1,JPM,63,6,softmax_ic,expanding,xgb,0.0012655190179745965
e1,JPM,63,7,softmax_ic,expanding,elasticnet,0.44781769865143745
e1,JPM,63,7,softmax_ic,expanding,huber,0.5223130386241552
e1,JPM,63,7,softmax_ic,expanding,pls,0.014656799546894347
e1,JPM,63,7,softmax_ic,expanding,lgbm_reg,0.011263709019620281
e1,JPM,63,7,softmax_ic,expanding,xgb,0.003948754157892685
e1,JPM,63,8,softmax_ic,expanding,elasticnet,0.41040210252164844
e1,JPM,63,8,softmax_ic,expanding,huber,0.5639967833505534
e1,JPM,63,8,softmax_ic,expanding,pls,0.01873257526642196
e1,JPM,63,8,softmax_ic,expanding,lgbm_reg,0.004400008505379729
e1,JPM,63,8,softmax_ic,expanding,xgb,0.0024685303559965456
e1,JPM,63,9,softmax_ic,expanding,elasticnet,0.39450806372113306
e1,JPM,63,9,softmax_ic,expanding,huber,0.5493673037046046
e1,JPM,63,9,softmax_ic,expanding,pls,0.03813352113209589
e1,JPM,63,9,softmax_ic,expanding,lgbm_reg,0.011904090656987294
e1,JPM,63,9,softmax_ic,expanding,xgb,0.0060870207851791425
e1,JPM,63,10,softmax_ic,expanding,elasticnet,0.3588861004658461
e1,JPM,63,10,softmax_ic,expanding,huber,0.5267113663095814
e1,JPM,63,10,softmax_ic,expanding,pls,0.08971234394127015
e1,JPM,63,10,softmax_ic,expanding,lgbm_reg,0.015909752884241964
e1,JPM,63,10,softmax_ic,expanding,xgb,0.008780436399060556
e1,JPM,63,11,softmax_ic,expanding,elasticnet,0.3795676339097852
e1,JPM,63,11,softmax_ic,expanding,huber,0.5516974064827527
e1,JPM,63,11,softmax_ic,expanding,pls,0.05588278210044974
e1,JPM,63,11,softmax_ic,expanding,lgbm_reg,0.007611284332441609
e1,JPM,63,11,softmax_ic,expanding,xgb,0.005240893174570765
e1,JPM,63,12,softmax_ic,expanding,elasticnet,0.3726336679548241
e1,JPM,63,12,softmax_ic,expanding,huber,0.5563211368670374
e1,JPM,63,12,softmax_ic,expanding,pls,0.05251892859381098
e1,JPM,63,12,softmax_ic,expanding,lgbm_reg,0.010002835513568321
e1,JPM,63,12,softmax_ic,expanding,xgb,0.008523431070759223
e1,JPM,63,13,softmax_ic,expanding,elasticnet,0.38744204210628874
e1,JPM,63,13,softmax_ic,expanding,huber,0.5149476352026904
e1,JPM,63,13,softmax_ic,expanding,pls,0.0664635084620981
e1,JPM,63,13,softmax_ic,expanding,lgbm_reg,0.01847764476567212
e1,JPM,63,13,softmax_ic,expanding,xgb,0.012669169463250694
e1,JPM,63,14,softmax_ic,expanding,elasticnet,0.39648152132020864
e1,JPM,63,14,softmax_ic,expanding,huber,0.4937765633021497
e1,JPM,63,14,softmax_ic,expanding,pls,0.0667057646132071
e1,JPM,63,14,softmax_ic,expanding,lgbm_reg,0.02664764366032094
e1,JPM,63,14,softmax_ic,expanding,xgb,0.01638850710411358
e1,JPM,63,0,softmax_ic,last3,elasticnet,0.2
e1,JPM,63,0,softmax_ic,last3,huber,0.2
e1,JPM,63,0,softmax_ic,last3,pls,0.2
e1,JPM,63,0,softmax_ic,last3,lgbm_reg,0.2
e1,JPM,63,0,softmax_ic,last3,xgb,0.2
e1,JPM,63,1,softmax_ic,last3,elasticnet,0.6221966410086164
e1,JPM,63,1,softmax_ic,last3,huber,0.22870514044308335
e1,JPM,63,1,softmax_ic,last3,pls,0.05763476767379657
e1,JPM,63,1,softmax_ic,last3,lgbm_reg,0.018392018987053504
e1,JPM,63,1,softmax_ic,last3,xgb,0.07307143188745002
e1,JPM,63,2,softmax_ic,last3,elasticnet,0.42074592761880214
e1,JPM,63,2,softmax_ic,last3,huber,0.49662669881784904
e1,JPM,63,2,softmax_ic,last3,pls,0.032929328644651125
e1,JPM,63,2,softmax_ic,last3,lgbm_reg,0.018870607266955067
e1,JPM,63,2,softmax_ic,last3,xgb,0.030827437651742513
e1,JPM,63,3,softmax_ic,last3,elasticnet,0.39946021200580634
e1,JPM,63,3,softmax_ic,last3,huber,0.5520802099439823
e1,JPM,63,3,softmax_ic,last3,pls,0.02607356386455612
e1,JPM,63,3,softmax_ic,last3,lgbm_reg,0.012049094063992773
e1,JPM,63,3,softmax_ic,last3,xgb,0.010336920121662513
e1,JPM,63,4,softmax_ic,last3,elasticnet,0.32674457370842186
e1,JPM,63,4,softmax_ic,last3,huber,0.5366283591459515
e1,JPM,63,4,softmax_ic,last3,pls,0.13601486754400513
e1,JPM,63,4,softmax_ic,last3,lgbm_reg,0.0003623505413477044
e1,JPM,63,4,softmax_ic,last3,xgb,0.00024984906027364465
e1,JPM,63,5,softmax_ic,last3,elasticnet,0.49706211020366886
e1,JPM,63,5,softmax_ic,last3,huber,0.47936925292686294
e1,JPM,63,5,softmax_ic,last3,pls,0.023565111676992222
e1,JPM,63,5,softmax_ic,last3,lgbm_reg,1.795910833657418e-06
e1,JPM,63,5,softmax_ic,last3,xgb,1.7292816422362826e-06
e1,JPM,63,6,softmax_ic,last3,elasticnet,0.5451298595010765
e1,JPM,63,6,softmax_ic,last3,huber,0.45383098397592664
e1,JPM,63,6,softmax_ic,last3,pls,0.0009085154246799205
e1,JPM,63,6,softmax_ic,last3,lgbm_reg,0.00012509748775343515
e1,JPM,63,6,softmax_ic,last3,xgb,5.543610563385429e-06
e1,JPM,63,7,softmax_ic,last3,elasticnet,0.4493472076996513
e1,JPM,63,7,softmax_ic,last3,huber,0.35917463142280076
e1,JPM,63,7,softmax_ic,last3,pls,0.0754265533645647
e1,JPM,63,7,softmax_ic,last3,lgbm_reg,0.10215377316897138
e1,JPM,63,7,softmax_ic,last3,xgb,0.01389783434401181
e1,JPM,63,8,softmax_ic,last3,elasticnet,0.253094963545513
e1,JPM,63,8,softmax_ic,last3,huber,0.6873023232113167
e1,JPM,63,8,softmax_ic,last3,pls,0.05091925803156792
e1,JPM,63,8,softmax_ic,last3,lgbm_reg,0.0005883481370994969
e1,JPM,63,8,softmax_ic,last3,xgb,0.008095107074502847
e1,JPM,63,9,softmax_ic,last3,elasticnet,0.10326056806923112
e1,JPM,63,9,softmax_ic,last3,huber,0.2919347610978336
e1,JPM,63,9,softmax_ic,last3,pls,0.5079064216072663
e1,JPM,63,9,softmax_ic,last3,lgbm_reg,0.011281871139957095
e1,JPM,63,9,softmax_ic,last3,xgb,0.085616378085712
e1,JPM,63,10,softmax_ic,last3,elasticnet,0.02121060799684118
e1,JPM,63,10,softmax_ic,last3,huber,0.05653971308480663
e1,JPM,63,10,softmax_ic,last3,pls,0.894292030043548
e1,JPM,63,10,softmax_ic,last3,lgbm_reg,0.01317514978663796
e1,JPM,63,10,softmax_ic,last3,xgb,0.014782499088166328
e1,JPM,63,11,softmax_ic,last3,elasticnet,0.24573460431368113
e1,JPM,63,11,softmax_ic,last3,huber,0.5555539609930968
e1,JPM,63,11,softmax_ic,last3,pls,0.18063387795279004
e1,JPM,63,11,softmax_ic,last3,lgbm_reg,0.007428454132953279
e1,JPM,63,11,softmax_ic,last3,xgb,0.010649102607478795
e1,JPM,63,12,softmax_ic,last3,elasticnet,0.2015671161708343
e1,JPM,63,12,softmax_ic,last3,huber,0.31846435497784187
e1,JPM,63,12,softmax_ic,last3,pls,0.41701237391379187
e1,JPM,63,12,softmax_ic,last3,lgbm_reg,0.0323831688788955
e1,JPM,63,12,softmax_ic,last3,xgb,0.03057298605863643
e1,JPM,63,13,softmax_ic,last3,elasticnet,0.42342560702950444
e1,JPM,63,13,softmax_ic,last3,huber,0.4581356798401895
e1,JPM,63,13,softmax_ic,last3,pls,0.0486566274855852
e1,JPM,63,13,softmax_ic,last3,lgbm_reg,0.032679181777465545
e1,JPM,63,13,softmax_ic,last3,xgb,0.03710290386725538
e1,JPM,63,14,softmax_ic,last3,elasticnet,0.0831462036244224
e1,JPM,63,14,softmax_ic,last3,huber,0.0743269123447449
e1,JPM,63,14,softmax_ic,last3,pls,0.006580193081969026
e1,JPM,63,14,softmax_ic,last3,lgbm_reg,0.42699560605084236
e1,JPM,63,14,softmax_ic,last3,xgb,0.4089510848980213
e1,JPM,63,0,best_recent,expanding,elasticnet,0.2
e1,JPM,63,0,best_recent,expanding,huber,0.2
e1,JPM,63,0,best_recent,expanding,pls,0.2
e1,JPM,63,0,best_recent,expanding,lgbm_reg,0.2
e1,JPM,63,0,best_recent,expanding,xgb,0.2
e1,JPM,63,1,best_recent,expanding,elasticnet,1.0
e1,JPM,63,1,best_recent,expanding,huber,0.0
e1,JPM,63,1,best_recent,expanding,pls,0.0
e1,JPM,63,1,best_recent,expanding,lgbm_reg,0.0
e1,JPM,63,1,best_recent,expanding,xgb,0.0
e1,JPM,63,2,best_recent,expanding,elasticnet,0.0
e1,JPM,63,2,best_recent,expanding,huber,1.0
e1,JPM,63,2,best_recent,expanding,pls,0.0
e1,JPM,63,2,best_recent,expanding,lgbm_reg,0.0
e1,JPM,63,2,best_recent,expanding,xgb,0.0
e1,JPM,63,3,best_recent,expanding,elasticnet,0.0
e1,JPM,63,3,best_recent,expanding,huber,1.0
e1,JPM,63,3,best_recent,expanding,pls,0.0
e1,JPM,63,3,best_recent,expanding,lgbm_reg,0.0
e1,JPM,63,3,best_recent,expanding,xgb,0.0
e1,JPM,63,4,best_recent,expanding,elasticnet,0.0
e1,JPM,63,4,best_recent,expanding,huber,1.0
e1,JPM,63,4,best_recent,expanding,pls,0.0
e1,JPM,63,4,best_recent,expanding,lgbm_reg,0.0
e1,JPM,63,4,best_recent,expanding,xgb,0.0
e1,JPM,63,5,best_recent,expanding,elasticnet,0.0
e1,JPM,63,5,best_recent,expanding,huber,1.0
e1,JPM,63,5,best_recent,expanding,pls,0.0
e1,JPM,63,5,best_recent,expanding,lgbm_reg,0.0
e1,JPM,63,5,best_recent,expanding,xgb,0.0
e1,JPM,63,6,best_recent,expanding,elasticnet,0.0
e1,JPM,63,6,best_recent,expanding,huber,1.0
e1,JPM,63,6,best_recent,expanding,pls,0.0
e1,JPM,63,6,best_recent,expanding,lgbm_reg,0.0
e1,JPM,63,6,best_recent,expanding,xgb,0.0
e1,JPM,63,7,best_recent,expanding,elasticnet,0.0
e1,JPM,63,7,best_recent,expanding,huber,1.0
e1,JPM,63,7,best_recent,expanding,pls,0.0
e1,JPM,63,7,best_recent,expanding,lgbm_reg,0.0
e1,JPM,63,7,best_recent,expanding,xgb,0.0
e1,JPM,63,8,best_recent,expanding,elasticnet,0.0
e1,JPM,63,8,best_recent,expanding,huber,1.0
e1,JPM,63,8,best_recent,expanding,pls,0.0
e1,JPM,63,8,best_recent,expanding,lgbm_reg,0.0
e1,JPM,63,8,best_recent,expanding,xgb,0.0
e1,JPM,63,9,best_recent,expanding,elasticnet,0.0
e1,JPM,63,9,best_recent,expanding,huber,1.0
e1,JPM,63,9,best_recent,expanding,pls,0.0
e1,JPM,63,9,best_recent,expanding,lgbm_reg,0.0
e1,JPM,63,9,best_recent,expanding,xgb,0.0
e1,JPM,63,10,best_recent,expanding,elasticnet,0.0
e1,JPM,63,10,best_recent,expanding,huber,1.0
e1,JPM,63,10,best_recent,expanding,pls,0.0
e1,JPM,63,10,best_recent,expanding,lgbm_reg,0.0
e1,JPM,63,10,best_recent,expanding,xgb,0.0
e1,JPM,63,11,best_recent,expanding,elasticnet,0.0
e1,JPM,63,11,best_recent,expanding,huber,1.0
e1,JPM,63,11,best_recent,expanding,pls,0.0
e1,JPM,63,11,best_recent,expanding,lgbm_reg,0.0
e1,JPM,63,11,best_recent,expanding,xgb,0.0
e1,JPM,63,12,best_recent,expanding,elasticnet,0.0
e1,JPM,63,12,best_recent,expanding,huber,1.0
e1,JPM,63,12,best_recent,expanding,pls,0.0
e1,JPM,63,12,best_recent,expanding,lgbm_reg,0.0
e1,JPM,63,12,best_recent,expanding,xgb,0.0
e1,JPM,63,13,best_recent,expanding,elasticnet,0.0
e1,JPM,63,13,best_recent,expanding,huber,1.0
e1,JPM,63,13,best_recent,expanding,pls,0.0
e1,JPM,63,13,best_recent,expanding,lgbm_reg,0.0
e1,JPM,63,13,best_recent,expanding,xgb,0.0
e1,JPM,63,14,best_recent,expanding,elasticnet,0.0
e1,JPM,63,14,best_recent,expanding,huber,1.0
e1,JPM,63,14,best_recent,expanding,pls,0.0
e1,JPM,63,14,best_recent,expanding,lgbm_reg,0.0
e1,JPM,63,14,best_recent,expanding,xgb,0.0
e1,JPM,63,0,best_recent,last3,elasticnet,0.2
e1,JPM,63,0,best_recent,last3,huber,0.2
e1,JPM,63,0,best_recent,last3,pls,0.2
e1,JPM,63,0,best_recent,last3,lgbm_reg,0.2
e1,JPM,63,0,best_recent,last3,xgb,0.2
e1,JPM,63,1,best_recent,last3,elasticnet,1.0
e1,JPM,63,1,best_recent,last3,huber,0.0
e1,JPM,63,1,best_recent,last3,pls,0.0
e1,JPM,63,1,best_recent,last3,lgbm_reg,0.0
e1,JPM,63,1,best_recent,last3,xgb,0.0
e1,JPM,63,2,best_recent,last3,elasticnet,0.0
e1,JPM,63,2,best_recent,last3,huber,1.0
e1,JPM,63,2,best_recent,last3,pls,0.0
e1,JPM,63,2,best_recent,last3,lgbm_reg,0.0
e1,JPM,63,2,best_recent,last3,xgb,0.0
e1,JPM,63,3,best_recent,last3,elasticnet,0.0
e1,JPM,63,3,best_recent,last3,huber,1.0
e1,JPM,63,3,best_recent,last3,pls,0.0
e1,JPM,63,3,best_recent,last3,lgbm_reg,0.0
e1,JPM,63,3,best_recent,last3,xgb,0.0
e1,JPM,63,4,best_recent,last3,elasticnet,0.0
e1,JPM,63,4,best_recent,last3,huber,1.0
e1,JPM,63,4,best_recent,last3,pls,0.0
e1,JPM,63,4,best_recent,last3,lgbm_reg,0.0
e1,JPM,63,4,best_recent,last3,xgb,0.0
e1,JPM,63,5,best_recent,last3,elasticnet,1.0
e1,JPM,63,5,best_recent,last3,huber,0.0
e1,JPM,63,5,best_recent,last3,pls,0.0
e1,JPM,63,5,best_recent,last3,lgbm_reg,0.0
e1,JPM,63,5,best_recent,last3,xgb,0.0
e1,JPM,63,6,best_recent,last3,elasticnet,1.0
e1,JPM,63,6,best_recent,last3,huber,0.0
e1,JPM,63,6,best_recent,last3,pls,0.0
e1,JPM,63,6,best_recent,last3,lgbm_reg,0.0
e1,JPM,63,6,best_recent,last3,xgb,0.0
e1,JPM,63,7,best_recent,last3,elasticnet,1.0
e1,JPM,63,7,best_recent,last3,huber,0.0
e1,JPM,63,7,best_recent,last3,pls,0.0
e1,JPM,63,7,best_recent,last3,lgbm_reg,0.0
e1,JPM,63,7,best_recent,last3,xgb,0.0
e1,JPM,63,8,best_recent,last3,elasticnet,0.0
e1,JPM,63,8,best_recent,last3,huber,1.0
e1,JPM,63,8,best_recent,last3,pls,0.0
e1,JPM,63,8,best_recent,last3,lgbm_reg,0.0
e1,JPM,63,8,best_recent,last3,xgb,0.0
e1,JPM,63,9,best_recent,last3,elasticnet,0.0
e1,JPM,63,9,best_recent,last3,huber,0.0
e1,JPM,63,9,best_recent,last3,pls,1.0
e1,JPM,63,9,best_recent,last3,lgbm_reg,0.0
e1,JPM,63,9,best_recent,last3,xgb,0.0
e1,JPM,63,10,best_recent,last3,elasticnet,0.0
e1,JPM,63,10,best_recent,last3,huber,0.0
e1,JPM,63,10,best_recent,last3,pls,1.0
e1,JPM,63,10,best_recent,last3,lgbm_reg,0.0
e1,JPM,63,10,best_recent,last3,xgb,0.0
e1,JPM,63,11,best_recent,last3,elasticnet,0.0
e1,JPM,63,11,best_recent,last3,huber,1.0
e1,JPM,63,11,best_recent,last3,pls,0.0
e1,JPM,63,11,best_recent,last3,lgbm_reg,0.0
e1,JPM,63,11,best_recent,last3,xgb,0.0
e1,JPM,63,12,best_recent,last3,elasticnet,0.0
e1,JPM,63,12,best_recent,last3,huber,0.0
e1,JPM,63,12,best_recent,last3,pls,1.0
e1,JPM,63,12,best_recent,last3,lgbm_reg,0.0
e1,JPM,63,12,best_recent,last3,xgb,0.0
e1,JPM,63,13,best_recent,last3,elasticnet,0.0
e1,JPM,63,13,best_recent,last3,huber,1.0
e1,JPM,63,13,best_recent,last3,pls,0.0
e1,JPM,63,13,best_recent,last3,lgbm_reg,0.0
e1,JPM,63,13,best_recent,last3,xgb,0.0
e1,JPM,63,14,best_recent,last3,elasticnet,0.0
e1,JPM,63,14,best_recent,last3,huber,0.0
e1,JPM,63,14,best_recent,last3,pls,0.0
e1,JPM,63,14,best_recent,last3,lgbm_reg,1.0
e1,JPM,63,14,best_recent,last3,xgb,0.0
e1,MSFT,5,0,equal,expanding,elasticnet,0.2
e1,MSFT,5,0,equal,expanding,huber,0.2
e1,MSFT,5,0,equal,expanding,pls,0.2
e1,MSFT,5,0,equal,expanding,lgbm_reg,0.2
e1,MSFT,5,0,equal,expanding,xgb,0.2
e1,MSFT,5,1,equal,expanding,elasticnet,0.2
e1,MSFT,5,1,equal,expanding,huber,0.2
e1,MSFT,5,1,equal,expanding,pls,0.2
e1,MSFT,5,1,equal,expanding,lgbm_reg,0.2
e1,MSFT,5,1,equal,expanding,xgb,0.2
e1,MSFT,5,2,equal,expanding,elasticnet,0.2
e1,MSFT,5,2,equal,expanding,huber,0.2
e1,MSFT,5,2,equal,expanding,pls,0.2
e1,MSFT,5,2,equal,expanding,lgbm_reg,0.2
e1,MSFT,5,2,equal,expanding,xgb,0.2
e1,MSFT,5,3,equal,expanding,elasticnet,0.2
e1,MSFT,5,3,equal,expanding,huber,0.2
e1,MSFT,5,3,equal,expanding,pls,0.2
e1,MSFT,5,3,equal,expanding,lgbm_reg,0.2
e1,MSFT,5,3,equal,expanding,xgb,0.2
e1,MSFT,5,4,equal,expanding,elasticnet,0.2
e1,MSFT,5,4,equal,expanding,huber,0.2
e1,MSFT,5,4,equal,expanding,pls,0.2
e1,MSFT,5,4,equal,expanding,lgbm_reg,0.2
e1,MSFT,5,4,equal,expanding,xgb,0.2
e1,MSFT,5,5,equal,expanding,elasticnet,0.2
e1,MSFT,5,5,equal,expanding,huber,0.2
e1,MSFT,5,5,equal,expanding,pls,0.2
e1,MSFT,5,5,equal,expanding,lgbm_reg,0.2
e1,MSFT,5,5,equal,expanding,xgb,0.2
e1,MSFT,5,6,equal,expanding,elasticnet,0.2
e1,MSFT,5,6,equal,expanding,huber,0.2
e1,MSFT,5,6,equal,expanding,pls,0.2
e1,MSFT,5,6,equal,expanding,lgbm_reg,0.2
e1,MSFT,5,6,equal,expanding,xgb,0.2
e1,MSFT,5,7,equal,expanding,elasticnet,0.2
e1,MSFT,5,7,equal,expanding,huber,0.2
e1,MSFT,5,7,equal,expanding,pls,0.2
e1,MSFT,5,7,equal,expanding,lgbm_reg,0.2
e1,MSFT,5,7,equal,expanding,xgb,0.2
e1,MSFT,5,8,equal,expanding,elasticnet,0.2
e1,MSFT,5,8,equal,expanding,huber,0.2
e1,MSFT,5,8,equal,expanding,pls,0.2
e1,MSFT,5,8,equal,expanding,lgbm_reg,0.2
e1,MSFT,5,8,equal,expanding,xgb,0.2
e1,MSFT,5,9,equal,expanding,elasticnet,0.2
e1,MSFT,5,9,equal,expanding,huber,0.2
e1,MSFT,5,9,equal,expanding,pls,0.2
e1,MSFT,5,9,equal,expanding,lgbm_reg,0.2
e1,MSFT,5,9,equal,expanding,xgb,0.2
e1,MSFT,5,10,equal,expanding,elasticnet,0.2
e1,MSFT,5,10,equal,expanding,huber,0.2
e1,MSFT,5,10,equal,expanding,pls,0.2
e1,MSFT,5,10,equal,expanding,lgbm_reg,0.2
e1,MSFT,5,10,equal,expanding,xgb,0.2
e1,MSFT,5,11,equal,expanding,elasticnet,0.2
e1,MSFT,5,11,equal,expanding,huber,0.2
e1,MSFT,5,11,equal,expanding,pls,0.2
e1,MSFT,5,11,equal,expanding,lgbm_reg,0.2
e1,MSFT,5,11,equal,expanding,xgb,0.2
e1,MSFT,5,12,equal,expanding,elasticnet,0.2
e1,MSFT,5,12,equal,expanding,huber,0.2
e1,MSFT,5,12,equal,expanding,pls,0.2
e1,MSFT,5,12,equal,expanding,lgbm_reg,0.2
e1,MSFT,5,12,equal,expanding,xgb,0.2
e1,MSFT,5,13,equal,expanding,elasticnet,0.2
e1,MSFT,5,13,equal,expanding,huber,0.2
e1,MSFT,5,13,equal,expanding,pls,0.2
e1,MSFT,5,13,equal,expanding,lgbm_reg,0.2
e1,MSFT,5,13,equal,expanding,xgb,0.2
e1,MSFT,5,14,equal,expanding,elasticnet,0.2
e1,MSFT,5,14,equal,expanding,huber,0.2
e1,MSFT,5,14,equal,expanding,pls,0.2
e1,MSFT,5,14,equal,expanding,lgbm_reg,0.2
e1,MSFT,5,14,equal,expanding,xgb,0.2
e1,MSFT,5,0,inv_mae,expanding,elasticnet,0.2
e1,MSFT,5,0,inv_mae,expanding,huber,0.2
e1,MSFT,5,0,inv_mae,expanding,pls,0.2
e1,MSFT,5,0,inv_mae,expanding,lgbm_reg,0.2
e1,MSFT,5,0,inv_mae,expanding,xgb,0.2
e1,MSFT,5,1,inv_mae,expanding,elasticnet,0.18769476521404874
e1,MSFT,5,1,inv_mae,expanding,huber,0.1950677080726284
e1,MSFT,5,1,inv_mae,expanding,pls,0.22123553149770558
e1,MSFT,5,1,inv_mae,expanding,lgbm_reg,0.20818094268942225
e1,MSFT,5,1,inv_mae,expanding,xgb,0.1878210525261951
e1,MSFT,5,2,inv_mae,expanding,elasticnet,0.18471688343244724
e1,MSFT,5,2,inv_mae,expanding,huber,0.18341952137691533
e1,MSFT,5,2,inv_mae,expanding,pls,0.20894275075794486
e1,MSFT,5,2,inv_mae,expanding,lgbm_reg,0.22284559002832358
e1,MSFT,5,2,inv_mae,expanding,xgb,0.20007525440436905
e1,MSFT,5,3,inv_mae,expanding,elasticnet,0.18752778880337698
e1,MSFT,5,3,inv_mae,expanding,huber,0.18595119532281057
e1,MSFT,5,3,inv_mae,expanding,pls,0.21461404258557631
e1,MSFT,5,3,inv_mae,expanding,lgbm_reg,0.21559771239255984
e1,MSFT,5,3,inv_mae,expanding,xgb,0.19630926089567624
e1,MSFT,5,4,inv_mae,expanding,elasticnet,0.192886499733344
e1,MSFT,5,4,inv_mae,expanding,huber,0.19253932378394792
e1,MSFT,5,4,inv_mae,expanding,pls,0.21928043457533908
e1,MSFT,5,4,inv_mae,expanding,lgbm_reg,0.2111345795906539
e1,MSFT,5,4,inv_mae,expanding,xgb,0.18415916231671506
e1,MSFT,5,5,inv_mae,expanding,elasticnet,0.19872088328068147
e1,MSFT,5,5,inv_mae,expanding,huber,0.1970648807250955
e1,MSFT,5,5,inv_mae,expanding,pls,0.2163584392044093
e1,MSFT,5,5,inv_mae,expanding,lgbm_reg,0.20895651506144358
e1,MSFT,5,5,inv_mae,expanding,xgb,0.17889928172837
e1,MSFT,5,6,inv_mae,expanding,elasticnet,0.19738936660167802
e1,MSFT,5,6,inv_mae,expanding,huber,0.19867231059018983
e1,MSFT,5,6,inv_mae,expanding,pls,0.21428967626873527
e1,MSFT,5,6,inv_mae,expanding,lgbm_reg,0.2121413355065099
e1,MSFT,5,6,inv_mae,expanding,xgb,0.17750731103288694
e1,MSFT,5,7,inv_mae,expanding,elasticnet,0.19650055837757363
e1,MSFT,5,7,inv_mae,expanding,huber,0.19794923455423757
e1,MSFT,5,7,inv_mae,expanding,pls,0.21553476646998332
e1,MSFT,5,7,inv_mae,expanding,lgbm_reg,0.2121202294022681
e1,MSFT,5,7,inv_mae,expanding,xgb,0.17789521119593735
e1,MSFT,5,8,inv_mae,expanding,elasticnet,0.19633595303539317
e1,MSFT,5,8,inv_mae,expanding,huber,0.19866223599914515
e1,MSFT,5,8,inv_mae,expanding,pls,0.21152122931041276
e1,MSFT,5,8,inv_mae,expanding,lgbm_reg,0.21120439942758457
e1,MSFT,5,8,inv_mae,expanding,xgb,0.1822761822274644
e1,MSFT,5,9,inv_mae,expanding,elasticnet,0.19608701121108454
e1,MSFT,5,9,inv_mae,expanding,huber,0.19770542771180166
e1,MSFT,5,9,inv_mae,expanding,pls,0.21210385297719103
e1,MSFT,5,9,inv_mae,expanding,lgbm_reg,0.2109371940812867
e1,MSFT,5,9,inv_mae,expanding,xgb,0.183166514018636
e1,MSFT,5,10,inv_mae,expanding,elasticnet,0.19375870832858694
e1,MSFT,5,10,inv_mae,expanding,huber,0.19695049505203646
e1,MSFT,5,10,inv_mae,expanding,pls,0.21564218836273177
e1,MSFT,5,10,inv_mae,expanding,lgbm_reg,0.21356116801558014
e1,MSFT,5,10,inv_mae,expanding,xgb,0.18008744024106466
e1,MSFT,5,11,inv_mae,expanding,elasticnet,0.19327868144643337
e1,MSFT,5,11,inv_mae,expanding,huber,0.1958748385911938
e1,MSFT,5,11,inv_mae,expanding,pls,0.21524163748951222
e1,MSFT,5,11,inv_mae,expanding,lgbm_reg,0.21389688988607913
e1,MSFT,5,11,inv_mae,expanding,xgb,0.18170795258678152
e1,MSFT,5,12,inv_mae,expanding,elasticnet,0.193392207898196
e1,MSFT,5,12,inv_mae,expanding,huber,0.19540324262187056
e1,MSFT,5,12,inv_mae,expanding,pls,0.21329040816636846
e1,MSFT,5,12,inv_mae,expanding,lgbm_reg,0.21382918580076946
e1,MSFT,5,12,inv_mae,expanding,xgb,0.18408495551279547
e1,MSFT,5,13,inv_mae,expanding,elasticnet,0.19296693182529726
e1,MSFT,5,13,inv_mae,expanding,huber,0.1952436955761076
e1,MSFT,5,13,inv_mae,expanding,pls,0.21285501125804634
e1,MSFT,5,13,inv_mae,expanding,lgbm_reg,0.2135505850386359
e1,MSFT,5,13,inv_mae,expanding,xgb,0.185383776301913
e1,MSFT,5,14,inv_mae,expanding,elasticnet,0.19323638883741087
e1,MSFT,5,14,inv_mae,expanding,huber,0.19496424035902427
e1,MSFT,5,14,inv_mae,expanding,pls,0.21230381164149734
e1,MSFT,5,14,inv_mae,expanding,lgbm_reg,0.21273674616944163
e1,MSFT,5,14,inv_mae,expanding,xgb,0.18675881299262592
e1,MSFT,5,0,inv_mae,last3,elasticnet,0.2
e1,MSFT,5,0,inv_mae,last3,huber,0.2
e1,MSFT,5,0,inv_mae,last3,pls,0.2
e1,MSFT,5,0,inv_mae,last3,lgbm_reg,0.2
e1,MSFT,5,0,inv_mae,last3,xgb,0.2
e1,MSFT,5,1,inv_mae,last3,elasticnet,0.18769476521404874
e1,MSFT,5,1,inv_mae,last3,huber,0.1950677080726284
e1,MSFT,5,1,inv_mae,last3,pls,0.22123553149770558
e1,MSFT,5,1,inv_mae,last3,lgbm_reg,0.20818094268942225
e1,MSFT,5,1,inv_mae,last3,xgb,0.1878210525261951
e1,MSFT,5,2,inv_mae,last3,elasticnet,0.18471688343244724
e1,MSFT,5,2,inv_mae,last3,huber,0.18341952137691533
e1,MSFT,5,2,inv_mae,last3,pls,0.20894275075794486
e1,MSFT,5,2,inv_mae,last3,lgbm_reg,0.22284559002832358
e1,MSFT,5,2,inv_mae,last3,xgb,0.20007525440436905
e1,MSFT,5,3,inv_mae,last3,elasticnet,0.18752778880337698
e1,MSFT,5,3,inv_mae,last3,huber,0.18595119532281057
e1,MSFT,5,3,inv_mae,last3,pls,0.21461404258557631
e1,MSFT,5,3,inv_mae,last3,lgbm_reg,0.21559771239255984
e1,MSFT,5,3,inv_mae,last3,xgb,0.19630926089567624
e1,MSFT,5,4,inv_mae,last3,elasticnet,0.194976510793368
e1,MSFT,5,4,inv_mae,last3,huber,0.1915265910018221
e1,MSFT,5,4,inv_mae,last3,pls,0.2184870455807675
e1,MSFT,5,4,inv_mae,last3,lgbm_reg,0.21229906562866033
e1,MSFT,5,4,inv_mae,last3,xgb,0.18271078699538196
e1,MSFT,5,5,inv_mae,last3,elasticnet,0.2078337915768573
e1,MSFT,5,5,inv_mae,last3,huber,0.2059186491332422
e1,MSFT,5,5,inv_mae,last3,pls,0.22057419488596375
e1,MSFT,5,5,inv_mae,last3,lgbm_reg,0.19972497121849941
e1,MSFT,5,5,inv_mae,last3,xgb,0.16594839318543736
e1,MSFT,5,6,inv_mae,last3,elasticnet,0.20767569430626906
e1,MSFT,5,6,inv_mae,last3,huber,0.21247154342615665
e1,MSFT,5,6,inv_mae,last3,pls,0.2130048870727699
e1,MSFT,5,6,inv_mae,last3,lgbm_reg,0.20762612989481796
e1,MSFT,5,6,inv_mae,last3,xgb,0.15922174529998645
e1,MSFT,5,7,inv_mae,last3,elasticnet,0.20166075042052256
e1,MSFT,5,7,inv_mae,last3,huber,0.20589455276319663
e1,MSFT,5,7,inv_mae,last3,pls,0.2100199192022606
e1,MSFT,5,7,inv_mae,last3,lgbm_reg,0.21332112705735884
e1,MSFT,5,7,inv_mae,last3,xgb,0.16910365055666146
e1,MSFT,5,8,inv_mae,last3,elasticnet,0.1915859791194317
e1,MSFT,5,8,inv_mae,last3,huber,0.201675604977483
e1,MSFT,5,8,inv_mae,last3,pls,0.202225921610623
e1,MSFT,5,8,inv_mae,last3,lgbm_reg,0.21552591127937798
e1,MSFT,5,8,inv_mae,last3,xgb,0.18898658301308424
e1,MSFT,5,9,inv_mae,last3,elasticnet,0.1927143053522018
e1,MSFT,5,9,inv_mae,last3,huber,0.1951301639830932
e1,MSFT,5,9,inv_mae,last3,pls,0.20662454867528704
e1,MSFT,5,9,inv_mae,last3,lgbm_reg,0.20777745865619193
e1,MSFT,5,9,inv_mae,last3,xgb,0.19775352333322604
e1,MSFT,5,10,inv_mae,last3,elasticnet,0.18834969910387075
e1,MSFT,5,10,inv_mae,last3,huber,0.1949091859118401
e1,MSFT,5,10,inv_mae,last3,pls,0.2157926791462964
e1,MSFT,5,10,inv_mae,last3,lgbm_reg,0.21642068821187138
e1,MSFT,5,10,inv_mae,last3,xgb,0.18452774762612134
e1,MSFT,5,11,inv_mae,last3,elasticnet,0.18617295385180327
e1,MSFT,5,11,inv_mae,last3,huber,0.1893577810687858
e1,MSFT,5,11,inv_mae,last3,pls,0.22407788646923585
e1,MSFT,5,11,inv_mae,last3,lgbm_reg,0.22017258819993765
e1,MSFT,5,11,inv_mae,last3,xgb,0.18021879041023733
e1,MSFT,5,12,inv_mae,last3,elasticnet,0.1878716340444142
e1,MSFT,5,12,inv_mae,last3,huber,0.19065443182808003
e1,MSFT,5,12,inv_mae,last3,pls,0.21567591681792178
e1,MSFT,5,12,inv_mae,last3,lgbm_reg,0.21987735974200306
e1,MSFT,5,12,inv_mae,last3,xgb,0.185920657567581
e1,MSFT,5,13,inv_mae,last3,elasticnet,0.1905199826823189
e1,MSFT,5,13,inv_mae,last3,huber,0.19032960306583258
e1,MSFT,5,13,inv_mae,last3,pls,0.20505520556337534
e1,MSFT,5,13,inv_mae,last3,lgbm_reg,0.2132210976903198
e1,MSFT,5,13,inv_mae,last3,xgb,0.20087411099815333
e1,MSFT,5,14,inv_mae,last3,elasticnet,0.19280518900894605
e1,MSFT,5,14,inv_mae,last3,huber,0.1918730558083505
e1,MSFT,5,14,inv_mae,last3,pls,0.2031834586406028
e1,MSFT,5,14,inv_mae,last3,lgbm_reg,0.2088608856986712
e1,MSFT,5,14,inv_mae,last3,xgb,0.20327741084342943
e1,MSFT,5,0,mae_da,expanding,elasticnet,0.2
e1,MSFT,5,0,mae_da,expanding,huber,0.2
e1,MSFT,5,0,mae_da,expanding,pls,0.2
e1,MSFT,5,0,mae_da,expanding,lgbm_reg,0.2
e1,MSFT,5,0,mae_da,expanding,xgb,0.2
e1,MSFT,5,1,mae_da,expanding,elasticnet,0.01632077184302658
e1,MSFT,5,1,mae_da,expanding,huber,0.06889851817036323
e1,MSFT,5,1,mae_da,expanding,pls,0.4895094098802728
e1,MSFT,5,1,mae_da,expanding,lgbm_reg,0.12646251928280042
e1,MSFT,5,1,mae_da,expanding,xgb,0.29880878082353696
e1,MSFT,5,2,mae_da,expanding,elasticnet,0.006563422795380065
e1,MSFT,5,2,mae_da,expanding,huber,0.007893570283154815
e1,MSFT,5,2,mae_da,expanding,pls,0.053464714866110194
e1,MSFT,5,2,mae_da,expanding,lgbm_reg,0.7320804579039843
e1,MSFT,5,2,mae_da,expanding,xgb,0.19999783415137043
e1,MSFT,5,3,mae_da,expanding,elasticnet,0.005599749752420182
e1,MSFT,5,3,mae_da,expanding,huber,0.006018323979885234
e1,MSFT,5,3,mae_da,expanding,pls,0.27789128823756637
e1,MSFT,5,3,mae_da,expanding,lgbm_reg,0.6362107151782552
e1,MSFT,5,3,mae_da,expanding,xgb,0.07427992285187297
e1,MSFT,5,4,mae_da,expanding,elasticnet,0.009202713045283003
e1,MSFT,5,4,mae_da,expanding,huber,0.00948228060010884
e1,MSFT,5,4,mae_da,expanding,pls,0.7144761078492756
e1,MSFT,5,4,mae_da,expanding,lgbm_reg,0.23832571390314977
e1,MSFT,5,4,mae_da,expanding,xgb,0.028513184602182762
e1,MSFT,5,5,mae_da,expanding,elasticnet,0.02080525888568491
e1,MSFT,5,5,mae_da,expanding,huber,0.010942158211943429
e1,MSFT,5,5,mae_da,expanding,pls,0.7912391225647655
e1,MSFT,5,5,mae_da,expanding,lgbm_reg,0.1670338028570622
e1,MSFT,5,5,mae_da,expanding,xgb,0.009979657480543998
e1,MSFT,5,6,mae_da,expanding,elasticnet,0.01998073817490769
e1,MSFT,5,6,mae_da,expanding,huber,0.014978235890958003
e1,MSFT,5,6,mae_da,expanding,pls,0.7048893507253069
e1,MSFT,5,6,mae_da,expanding,lgbm_reg,0.25312244838068226
e1,MSFT,5,6,mae_da,expanding,xgb,0.007029226828145036
e1,MSFT,5,7,mae_da,expanding,elasticnet,0.02254467966509641
e1,MSFT,5,7,mae_da,expanding,huber,0.015857938382610036
e1,MSFT,5,7,mae_da,expanding,pls,0.7651546277245311
e1,MSFT,5,7,mae_da,expanding,lgbm_reg,0.1928015325427107
e1,MSFT,5,7,mae_da,expanding,xgb,0.0036412216850518256
e1,MSFT,5,8,mae_da,expanding,elasticnet,0.014474298225144
e1,MSFT,5,8,mae_da,expanding,huber,0.01676444561971469
e1,MSFT,5,8,mae_da,expanding,pls,0.7680430788318712
e1,MSFT,5,8,mae_da,expanding,lgbm_reg,0.19438951092098633
e1,MSFT,5,8,mae_da,expanding,xgb,0.0063286664022837785
e1,MSFT,5,9,mae_da,expanding,elasticnet,0.016448486953842874
e1,MSFT,5,9,mae_da,expanding,huber,0.014807124833226434
e1,MSFT,5,9,mae_da,expanding,pls,0.7102435566483215
e1,MSFT,5,9,mae_da,expanding,lgbm_reg,0.253918442803022
e1,MSFT,5,9,mae_da,expanding,xgb,0.004582388761587303
e1,MSFT,5,10,mae_da,expanding,elasticnet,0.011604989099008124
e1,MSFT,5,10,mae_da,expanding,huber,0.019692973877496932
e1,MSFT,5,10,mae_da,expanding,pls,0.7537163940102662
e1,MSFT,5,10,mae_da,expanding,lgbm_reg,0.21089927640655112
e1,MSFT,5,10,mae_da,expanding,xgb,0.004086366606677575
e1,MSFT,5,11,mae_da,expanding,elasticnet,0.011017448623913668
e1,MSFT,5,11,mae_da,expanding,huber,0.015493327831031897
e1,MSFT,5,11,mae_da,expanding,pls,0.7423064677761684
e1,MSFT,5,11,mae_da,expanding,lgbm_reg,0.2264355242799449
e1,MSFT,5,11,mae_da,expanding,xgb,0.0047472314889410614
e1,MSFT,5,12,mae_da,expanding,elasticnet,0.0097341901972853
e1,MSFT,5,12,mae_da,expanding,huber,0.01321891882731112
e1,MSFT,5,12,mae_da,expanding,pls,0.6674946100538819
e1,MSFT,5,12,mae_da,expanding,lgbm_reg,0.30285666708420966
e1,MSFT,5,12,mae_da,expanding,xgb,0.006695613837312
e1,MSFT,5,13,mae_da,expanding,elasticnet,0.008899029766403754
e1,MSFT,5,13,mae_da,expanding,huber,0.011620475297778952
e1,MSFT,5,13,mae_da,expanding,pls,0.6249342352896331
e1,MSFT,5,13,mae_da,expanding,lgbm_reg,0.34580988146840363
e1,MSFT,5,13,mae_da,expanding,xgb,0.008736378177780625
e1,MSFT,5,14,mae_da,expanding,elasticnet,0.008255119684274618
e1,MSFT,5,14,mae_da,expanding,huber,0.010896906256273379
e1,MSFT,5,14,mae_da,expanding,pls,0.5789867585577428
e1,MSFT,5,14,mae_da,expanding,lgbm_reg,0.3914708923298959
e1,MSFT,5,14,mae_da,expanding,xgb,0.010390323171813385
e1,MSFT,5,0,mae_da,last3,elasticnet,0.2
e1,MSFT,5,0,mae_da,last3,huber,0.2
e1,MSFT,5,0,mae_da,last3,pls,0.2
e1,MSFT,5,0,mae_da,last3,lgbm_reg,0.2
e1,MSFT,5,0,mae_da,last3,xgb,0.2
e1,MSFT,5,1,mae_da,last3,elasticnet,0.01632077184302658
e1,MSFT,5,1,mae_da,last3,huber,0.06889851817036323
e1,MSFT,5,1,mae_da,last3,pls,0.4895094098802728
e1,MSFT,5,1,mae_da,last3,lgbm_reg,0.12646251928280042
e1,MSFT,5,1,mae_da,last3,xgb,0.29880878082353696
e1,MSFT,5,2,mae_da,last3,elasticnet,0.006563422795380065
e1,MSFT,5,2,mae_da,last3,huber,0.007893570283154815
e1,MSFT,5,2,mae_da,last3,pls,0.053464714866110194
e1,MSFT,5,2,mae_da,last3,lgbm_reg,0.7320804579039843
e1,MSFT,5,2,mae_da,last3,xgb,0.19999783415137043
e1,MSFT,5,3,mae_da,last3,elasticnet,0.005599749752420182
e1,MSFT,5,3,mae_da,last3,huber,0.006018323979885234
e1,MSFT,5,3,mae_da,last3,pls,0.27789128823756637
e1,MSFT,5,3,mae_da,last3,lgbm_reg,0.6362107151782552
e1,MSFT,5,3,mae_da,last3,xgb,0.07427992285187297
e1,MSFT,5,4,mae_da,last3,elasticnet,0.011548682576367054
e1,MSFT,5,4,mae_da,last3,huber,0.008282904368213868
e1,MSFT,5,4,mae_da,last3,pls,0.6855093293914304
e1,MSFT,5,4,mae_da,last3,lgbm_reg,0.2749723822005001
e1,MSFT,5,4,mae_da,last3,xgb,0.01968670146348872
e1,MSFT,5,5,mae_da,last3,elasticnet,0.07270620993204341
e1,MSFT,5,5,mae_da,last3,huber,0.03301333864594811
e1,MSFT,5,5,mae_da,last3,pls,0.8598363071958001
e1,MSFT,5,5,mae_da,last3,lgbm_reg,0.031625086385427235
e1,MSFT,5,5,mae_da,last3,xgb,0.0028190578407811086
e1,MSFT,5,6,mae_da,last3,elasticnet,0.13846351987947644
e1,MSFT,5,6,mae_da,last3,huber,0.07237872898693841
e1,MSFT,5,6,mae_da,last3,pls,0.7268598148360139
e1,MSFT,5,6,mae_da,last3,lgbm_reg,0.05927395998956306
e1,MSFT,5,6,mae_da,last3,xgb,0.0030239763080081488
e1,MSFT,5,7,mae_da,last3,elasticnet,0.2760203580118524
e1,MSFT,5,7,mae_da,last3,huber,0.18041307298789452
e1,MSFT,5,7,mae_da,last3,pls,0.3540083948006923
e1,MSFT,5,7,mae_da,last3,lgbm_reg,0.18753162999232809
e1,MSFT,5,7,mae_da,last3,xgb,0.00202654420723279
e1,MSFT,5,8,mae_da,last3,elasticnet,0.04358488127507951
e1,MSFT,5,8,mae_da,last3,huber,0.5969848120131875
e1,MSFT,5,8,mae_da,last3,pls,0.09615519563951007
e1,MSFT,5,8,mae_da,last3,lgbm_reg,0.25610872081789654
e1,MSFT,5,8,mae_da,last3,xgb,0.00716639025432643
e1,MSFT,5,9,mae_da,last3,elasticnet,0.0322961076317226
e1,MSFT,5,9,mae_da,last3,huber,0.07619441750305332
e1,MSFT,5,9,mae_da,last3,pls,0.4996372309364423
e1,MSFT,5,9,mae_da,last3,lgbm_reg,0.3836907813825937
e1,MSFT,5,9,mae_da,last3,xgb,0.008181462546188161
e1,MSFT,5,10,mae_da,last3,elasticnet,0.0050626595789641255
e1,MSFT,5,10,mae_da,last3,huber,0.03183754460785775
e1,MSFT,5,10,mae_da,last3,pls,0.6895699632996103
e1,MSFT,5,10,mae_da,last3,lgbm_reg,0.2663267704477772
e1,MSFT,5,10,mae_da,last3,xgb,0.00720306206579067
e1,MSFT,5,11,mae_da,last3,elasticnet,0.008678669919670107
e1,MSFT,5,11,mae_da,last3,huber,0.014335587899939484
e1,MSFT,5,11,mae_da,last3,pls,0.7105447660222822
e1,MSFT,5,11,mae_da,last3,lgbm_reg,0.26175658166460597
e1,MSFT,5,11,mae_da,last3,xgb,0.004684394493502278
e1,MSFT,5,12,mae_da,last3,elasticnet,0.005162719495665485
e1,MSFT,5,12,mae_da,last3,huber,0.013043895080607899
e1,MSFT,5,12,mae_da,last3,pls,0.5738934235825175
e1,MSFT,5,12,mae_da,last3,lgbm_reg,0.3930998406120162
e1,MSFT,5,12,mae_da,last3,xgb,0.01480012122919297
e1,MSFT,5,13,mae_da,last3,elasticnet,0.007117410777456045
e1,MSFT,5,13,mae_da,last3,huber,0.004292538282282584
e1,MSFT,5,13,mae_da,last3,pls,0.1394331204040175
e1,MSFT,5,13,mae_da,last3,lgbm_reg,0.6961426537052297
e1,MSFT,5,13,mae_da,last3,xgb,0.15301427683101432
e1,MSFT,5,14,mae_da,last3,elasticnet,0.005726981610503144
e1,MSFT,5,14,mae_da,last3,huber,0.004938774270748823
e1,MSFT,5,14,mae_da,last3,pls,0.08415707250910447
e1,MSFT,5,14,mae_da,last3,lgbm_reg,0.6675964692100438
e1,MSFT,5,14,mae_da,last3,xgb,0.23758070239959972
e1,MSFT,5,0,softmax_ic,expanding,elasticnet,0.2
e1,MSFT,5,0,softmax_ic,expanding,huber,0.2
e1,MSFT,5,0,softmax_ic,expanding,pls,0.2
e1,MSFT,5,0,softmax_ic,expanding,lgbm_reg,0.2
e1,MSFT,5,0,softmax_ic,expanding,xgb,0.2
e1,MSFT,5,1,softmax_ic,expanding,elasticnet,0.12656495698972917
e1,MSFT,5,1,softmax_ic,expanding,huber,0.34362076777369804
e1,MSFT,5,1,softmax_ic,expanding,pls,0.2313234142612534
e1,MSFT,5,1,softmax_ic,expanding,lgbm_reg,0.18288677822465202
e1,MSFT,5,1,softmax_ic,expanding,xgb,0.11560408275066716
e1,MSFT,5,2,softmax_ic,expanding,elasticnet,0.0807335276000027
e1,MSFT,5,2,softmax_ic,expanding,huber,0.08040923755551314
e1,MSFT,5,2,softmax_ic,expanding,pls,0.07830534154599776
e1,MSFT,5,2,softmax_ic,expanding,lgbm_reg,0.5253513834941564
e1,MSFT,5,2,softmax_ic,expanding,xgb,0.23520050980433
e1,MSFT,5,3,softmax_ic,expanding,elasticnet,0.20078685142223376
e1,MSFT,5,3,softmax_ic,expanding,huber,0.17902024254358362
e1,MSFT,5,3,softmax_ic,expanding,pls,0.23448416659161497
e1,MSFT,5,3,softmax_ic,expanding,lgbm_reg,0.24924114097276537
e1,MSFT,5,3,softmax_ic,expanding,xgb,0.13646759846980233
e1,MSFT,5,4,softmax_ic,expanding,elasticnet,0.24587186361558805
e1,MSFT,5,4,softmax_ic,expanding,huber,0.22838836101631274
e1,MSFT,5,4,softmax_ic,expanding,pls,0.26573554355480444
e1,MSFT,5,4,softmax_ic,expanding,lgbm_reg,0.13826932253000013
e1,MSFT,5,4,softmax_ic,expanding,xgb,0.12173490928329454
e1,MSFT,5,5,softmax_ic,expanding,elasticnet,0.30790276859356475
e1,MSFT,5,5,softmax_ic,expanding,huber,0.24291896258187665
e1,MSFT,5,5,softmax_ic,expanding,pls,0.234438674536838
e1,MSFT,5,5,softmax_ic,expanding,lgbm_reg,0.13018172407133932
e1,MSFT,5,5,softmax_ic,expanding,xgb,0.08455787021638143
e1,MSFT,5,6,softmax_ic,expanding,elasticnet,0.3017472824710605
e1,MSFT,5,6,softmax_ic,expanding,huber,0.2722657037144129
e1,MSFT,5,6,softmax_ic,expanding,pls,0.1916288221264538
e1,MSFT,5,6,softmax_ic,expanding,lgbm_reg,0.1528397507311678
e1,MSFT,5,6,softmax_ic,expanding,xgb,0.08151844095690498
e1,MSFT,5,7,softmax_ic,expanding,elasticnet,0.28734284267416954
e1,MSFT,5,7,softmax_ic,expanding,huber,0.27654580801160794
e1,MSFT,5,7,softmax_ic,expanding,pls,0.22077918560963852
e1,MSFT,5,7,softmax_ic,expanding,lgbm_reg,0.13720070866674927
e1,MSFT,5,7,softmax_ic,expanding,xgb,0.0781314550378347
e1,MSFT,5,8,softmax_ic,expanding,elasticnet,0.26615593888734185
e1,MSFT,5,8,softmax_ic,expanding,huber,0.2594196789927015
e1,MSFT,5,8,softmax_ic,expanding,pls,0.2037109273758756
e1,MSFT,5,8,softmax_ic,expanding,lgbm_reg,0.16668077014693192
e1,MSFT,5,8,softmax_ic,expanding,xgb,0.10403268459714912
e1,MSFT,5,9,softmax_ic,expanding,elasticnet,0.26014456032829725
e1,MSFT,5,9,softmax_ic,expanding,huber,0.23802324913093725
e1,MSFT,5,9,softmax_ic,expanding,pls,0.23030842236163718
e1,MSFT,5,9,softmax_ic,expanding,lgbm_reg,0.16878618075080562
e1,MSFT,5,9,softmax_ic,expanding,xgb,0.10273758742832266
e1,MSFT,5,10,softmax_ic,expanding,elasticnet,0.22133834411497805
e1,MSFT,5,10,softmax_ic,expanding,huber,0.21610462804566938
e1,MSFT,5,10,softmax_ic,expanding,pls,0.27957280990828115
e1,MSFT,5,10,softmax_ic,expanding,lgbm_reg,0.1755495750708008
e1,MSFT,5,10,softmax_ic,expanding,xgb,0.10743464286027064
e1,MSFT,5,11,softmax_ic,expanding,elasticnet,0.20489080810836657
e1,MSFT,5,11,softmax_ic,expanding,huber,0.19294044750385486
e1,MSFT,5,11,softmax_ic,expanding,pls,0.2919527010358949
e1,MSFT,5,11,softmax_ic,expanding,lgbm_reg,0.19188417598011986
e1,MSFT,5,11,softmax_ic,expanding,xgb,0.1183318673717638
e1,MSFT,5,12,softmax_ic,expanding,elasticnet,0.18657013682942772
e1,MSFT,5,12,softmax_ic,expanding,huber,0.17654785510773705
e1,MSFT,5,12,softmax_ic,expanding,pls,0.27801621354759143
e1,MSFT,5,12,softmax_ic,expanding,lgbm_reg,0.22375467127871967
e1,MSFT,5,12,softmax_ic,expanding,xgb,0.13511112323652402
e1,MSFT,5,13,softmax_ic,expanding,elasticnet,0.17682338602842865
e1,MSFT,5,13,softmax_ic,expanding,huber,0.17174651068583127
e1,MSFT,5,13,softmax_ic,expanding,pls,0.2773701964932327
e1,MSFT,5,13,softmax_ic,expanding,lgbm_reg,0.22952827356146135
e1,MSFT,5,13,softmax_ic,expanding,xgb,0.14453163323104598
e1,MSFT,5,14,softmax_ic,expanding,elasticnet,0.16630319073209127
e1,MSFT,5,14,softmax_ic,expanding,huber,0.1595348666370248
e1,MSFT,5,14,softmax_ic,expanding,pls,0.2796233734813246
e1,MSFT,5,14,softmax_ic,expanding,lgbm_reg,0.22825106383605562
e1,MSFT,5,14,softmax_ic,expanding,xgb,0.16628750531350378
e1,MSFT,5,0,softmax_ic,last3,elasticnet,0.2
e1,MSFT,5,0,softmax_ic,last3,huber,0.2
e1,MSFT,5,0,softmax_ic,last3,pls,0.2
e1,MSFT,5,0,softmax_ic,last3,lgbm_reg,0.2
e1,MSFT,5,0,softmax_ic,last3,xgb,0.2
e1,MSFT,5,1,softmax_ic,last3,elasticnet,0.12656495698972917
e1,MSFT,5,1,softmax_ic,last3,huber,0.34362076777369804
e1,MSFT,5,1,softmax_ic,last3,pls,0.2313234142612534
e1,MSFT,5,1,softmax_ic,last3,lgbm_reg,0.18288677822465202
e1,MSFT,5,1,softmax_ic,last3,xgb,0.11560408275066716
e1,MSFT,5,2,softmax_ic,last3,elasticnet,0.0807335276000027
e1,MSFT,5,2,softmax_ic,last3,huber,0.08040923755551314
e1,MSFT,5,2,softmax_ic,last3,pls,0.07830534154599776
e1,MSFT,5,2,softmax_ic,last3,lgbm_reg,0.5253513834941564
e1,MSFT,5,2,softmax_ic,last3,xgb,0.23520050980433
e1,MSFT,5,3,softmax_ic,last3,elasticnet,0.20078685142223376
e1,MSFT,5,3,softmax_ic,last3,huber,0.17902024254358362
e1,MSFT,5,3,softmax_ic,last3,pls,0.23448416659161497
e1,MSFT,5,3,softmax_ic,last3,lgbm_reg,0.24924114097276537
e1,MSFT,5,3,softmax_ic,last3,xgb,0.13646759846980233
e1,MSFT,5,4,softmax_ic,last3,elasticnet,0.2501763454138217
e1,MSFT,5,4,softmax_ic,last3,huber,0.24100481076803523
e1,MSFT,5,4,softmax_ic,last3,pls,0.317024712629745
e1,MSFT,5,4,softmax_ic,last3,lgbm_reg,0.09577844176450842
e1,MSFT,5,4,softmax_ic,last3,xgb,0.09601568942388956
e1,MSFT,5,5,softmax_ic,last3,elasticnet,0.3279466630463842
e1,MSFT,5,5,softmax_ic,last3,huber,0.29782899428739573
e1,MSFT,5,5,softmax_ic,last3,pls,0.30225168533065505
e1,MSFT,5,5,softmax_ic,last3,lgbm_reg,0.04583912435144923
e1,MSFT,5,5,softmax_ic,last3,xgb,0.026133532984115793
e1,MSFT,5,6,softmax_ic,last3,elasticnet,0.35074114173277005
e1,MSFT,5,6,softmax_ic,last3,huber,0.3814181128511901
e1,MSFT,5,6,softmax_ic,last3,pls,0.1434911323168846
e1,MSFT,5,6,softmax_ic,last3,lgbm_reg,0.08394319328716203
e1,MSFT,5,6,softmax_ic,last3,xgb,0.04040641981199318
e1,MSFT,5,7,softmax_ic,last3,elasticnet,0.2737753821706333
e1,MSFT,5,7,softmax_ic,last3,huber,0.3456755721848292
e1,MSFT,5,7,softmax_ic,last3,pls,0.17657461879778336
e1,MSFT,5,7,softmax_ic,last3,lgbm_reg,0.1586554064006456
e1,MSFT,5,7,softmax_ic,last3,xgb,0.04531902044610853
e1,MSFT,5,8,softmax_ic,last3,elasticnet,0.11803467940573921
e1,MSFT,5,8,softmax_ic,last3,huber,0.1553855569952532
e1,MSFT,5,8,softmax_ic,last3,pls,0.17475798170373133
e1,MSFT,5,8,softmax_ic,last3,lgbm_reg,0.339119190796576
e1,MSFT,5,8,softmax_ic,last3,xgb,0.21270259109870024
e1,MSFT,5,9,softmax_ic,last3,elasticnet,0.07940205753979555
e1,MSFT,5,9,softmax_ic,last3,huber,0.07403363686243718
e1,MSFT,5,9,softmax_ic,last3,pls,0.36394890819318326
e1,MSFT,5,9,softmax_ic,last3,lgbm_reg,0.2826327550503212
e1,MSFT,5,9,softmax_ic,last3,xgb,0.19998264235426277
e1,MSFT,5,10,softmax_ic,last3,elasticnet,0.09330900339241219
e1,MSFT,5,10,softmax_ic,last3,huber,0.08676626729408593
e1,MSFT,5,10,softmax_ic,last3,pls,0.35972255420026006
e1,MSFT,5,10,softmax_ic,last3,lgbm_reg,0.24260463020358503
e1,MSFT,5,10,softmax_ic,last3,xgb,0.21759754490965688
e1,MSFT,5,11,softmax_ic,last3,elasticnet,0.07496211736581906
e1,MSFT,5,11,softmax_ic,last3,huber,0.07760677730939455
e1,MSFT,5,11,softmax_ic,last3,pls,0.49032374105032045
e1,MSFT,5,11,softmax_ic,last3,lgbm_reg,0.1995948131255772
e1,MSFT,5,11,softmax_ic,last3,xgb,0.15751255114888874
e1,MSFT,5,12,softmax_ic,last3,elasticnet,0.06191070210462004
e1,MSFT,5,12,softmax_ic,last3,huber,0.07978542281693385
e1,MSFT,5,12,softmax_ic,last3,pls,0.3516538560350691
e1,MSFT,5,12,softmax_ic,last3,lgbm_reg,0.3141745973484583
e1,MSFT,5,12,softmax_ic,last3,xgb,0.1924754216949188
e1,MSFT,5,13,softmax_ic,last3,elasticnet,0.07011376489568011
e1,MSFT,5,13,softmax_ic,last3,huber,0.06025380330527138
e1,MSFT,5,13,softmax_ic,last3,pls,0.23099625943450297
e1,MSFT,5,13,softmax_ic,last3,lgbm_reg,0.3907203003300156
e1,MSFT,5,13,softmax_ic,last3,xgb,0.24791587203452997
e1,MSFT,5,14,softmax_ic,last3,elasticnet,0.07451846760151497
e1,MSFT,5,14,softmax_ic,last3,huber,0.06629329530143808
e1,MSFT,5,14,softmax_ic,last3,pls,0.2249144539971137
e1,MSFT,5,14,softmax_ic,last3,lgbm_reg,0.27693613736142747
e1,MSFT,5,14,softmax_ic,last3,xgb,0.35733764573850585
e1,MSFT,5,0,best_recent,expanding,elasticnet,0.2
e1,MSFT,5,0,best_recent,expanding,huber,0.2
e1,MSFT,5,0,best_recent,expanding,pls,0.2
e1,MSFT,5,0,best_recent,expanding,lgbm_reg,0.2
e1,MSFT,5,0,best_recent,expanding,xgb,0.2
e1,MSFT,5,1,best_recent,expanding,elasticnet,0.0
e1,MSFT,5,1,best_recent,expanding,huber,1.0
e1,MSFT,5,1,best_recent,expanding,pls,0.0
e1,MSFT,5,1,best_recent,expanding,lgbm_reg,0.0
e1,MSFT,5,1,best_recent,expanding,xgb,0.0
e1,MSFT,5,2,best_recent,expanding,elasticnet,0.0
e1,MSFT,5,2,best_recent,expanding,huber,0.0
e1,MSFT,5,2,best_recent,expanding,pls,0.0
e1,MSFT,5,2,best_recent,expanding,lgbm_reg,1.0
e1,MSFT,5,2,best_recent,expanding,xgb,0.0
e1,MSFT,5,3,best_recent,expanding,elasticnet,0.0
e1,MSFT,5,3,best_recent,expanding,huber,0.0
e1,MSFT,5,3,best_recent,expanding,pls,0.0
e1,MSFT,5,3,best_recent,expanding,lgbm_reg,1.0
e1,MSFT,5,3,best_recent,expanding,xgb,0.0
e1,MSFT,5,4,best_recent,expanding,elasticnet,0.0
e1,MSFT,5,4,best_recent,expanding,huber,0.0
e1,MSFT,5,4,best_recent,expanding,pls,1.0
e1,MSFT,5,4,best_recent,expanding,lgbm_reg,0.0
e1,MSFT,5,4,best_recent,expanding,xgb,0.0
e1,MSFT,5,5,best_recent,expanding,elasticnet,1.0
e1,MSFT,5,5,best_recent,expanding,huber,0.0
e1,MSFT,5,5,best_recent,expanding,pls,0.0
e1,MSFT,5,5,best_recent,expanding,lgbm_reg,0.0
e1,MSFT,5,5,best_recent,expanding,xgb,0.0
e1,MSFT,5,6,best_recent,expanding,elasticnet,1.0
e1,MSFT,5,6,best_recent,expanding,huber,0.0
e1,MSFT,5,6,best_recent,expanding,pls,0.0
e1,MSFT,5,6,best_recent,expanding,lgbm_reg,0.0
e1,MSFT,5,6,best_recent,expanding,xgb,0.0
e1,MSFT,5,7,best_recent,expanding,elasticnet,1.0
e1,MSFT,5,7,best_recent,expanding,huber,0.0
e1,MSFT,5,7,best_recent,expanding,pls,0.0
e1,MSFT,5,7,best_recent,expanding,lgbm_reg,0.0
e1,MSFT,5,7,best_recent,expanding,xgb,0.0
e1,MSFT,5,8,best_recent,expanding,elasticnet,1.0
e1,MSFT,5,8,best_recent,expanding,huber,0.0
e1,MSFT,5,8,best_recent,expanding,pls,0.0
e1,MSFT,5,8,best_recent,expanding,lgbm_reg,0.0
e1,MSFT,5,8,best_recent,expanding,xgb,0.0
e1,MSFT,5,9,best_recent,expanding,elasticnet,1.0
e1,MSFT,5,9,best_recent,expanding,huber,0.0
e1,MSFT,5,9,best_recent,expanding,pls,0.0
e1,MSFT,5,9,best_recent,expanding,lgbm_reg,0.0
e1,MSFT,5,9,best_recent,expanding,xgb,0.0
e1,MSFT,5,10,best_recent,expanding,elasticnet,0.0
e1,MSFT,5,10,best_recent,expanding,huber,0.0
e1,MSFT,5,10,best_recent,expanding,pls,1.0
e1,MSFT,5,10,best_recent,expanding,lgbm_reg,0.0
e1,MSFT,5,10,best_recent,expanding,xgb,0.0
e1,MSFT,5,11,best_recent,expanding,elasticnet,0.0
e1,MSFT,5,11,best_recent,expanding,huber,0.0
e1,MSFT,5,11,best_recent,expanding,pls,1.0
e1,MSFT,5,11,best_recent,expanding,lgbm_reg,0.0
e1,MSFT,5,11,best_recent,expanding,xgb,0.0
e1,MSFT,5,12,best_recent,expanding,elasticnet,0.0
e1,MSFT,5,12,best_recent,expanding,huber,0.0
e1,MSFT,5,12,best_recent,expanding,pls,1.0
e1,MSFT,5,12,best_recent,expanding,lgbm_reg,0.0
e1,MSFT,5,12,best_recent,expanding,xgb,0.0
e1,MSFT,5,13,best_recent,expanding,elasticnet,0.0
e1,MSFT,5,13,best_recent,expanding,huber,0.0
e1,MSFT,5,13,best_recent,expanding,pls,1.0
e1,MSFT,5,13,best_recent,expanding,lgbm_reg,0.0
e1,MSFT,5,13,best_recent,expanding,xgb,0.0
e1,MSFT,5,14,best_recent,expanding,elasticnet,0.0
e1,MSFT,5,14,best_recent,expanding,huber,0.0
e1,MSFT,5,14,best_recent,expanding,pls,1.0
e1,MSFT,5,14,best_recent,expanding,lgbm_reg,0.0
e1,MSFT,5,14,best_recent,expanding,xgb,0.0
e1,MSFT,5,0,best_recent,last3,elasticnet,0.2
e1,MSFT,5,0,best_recent,last3,huber,0.2
e1,MSFT,5,0,best_recent,last3,pls,0.2
e1,MSFT,5,0,best_recent,last3,lgbm_reg,0.2
e1,MSFT,5,0,best_recent,last3,xgb,0.2
e1,MSFT,5,1,best_recent,last3,elasticnet,0.0
e1,MSFT,5,1,best_recent,last3,huber,1.0
e1,MSFT,5,1,best_recent,last3,pls,0.0
e1,MSFT,5,1,best_recent,last3,lgbm_reg,0.0
e1,MSFT,5,1,best_recent,last3,xgb,0.0
e1,MSFT,5,2,best_recent,last3,elasticnet,0.0
e1,MSFT,5,2,best_recent,last3,huber,0.0
e1,MSFT,5,2,best_recent,last3,pls,0.0
e1,MSFT,5,2,best_recent,last3,lgbm_reg,1.0
e1,MSFT,5,2,best_recent,last3,xgb,0.0
e1,MSFT,5,3,best_recent,last3,elasticnet,0.0
e1,MSFT,5,3,best_recent,last3,huber,0.0
e1,MSFT,5,3,best_recent,last3,pls,0.0
e1,MSFT,5,3,best_recent,last3,lgbm_reg,1.0
e1,MSFT,5,3,best_recent,last3,xgb,0.0
e1,MSFT,5,4,best_recent,last3,elasticnet,0.0
e1,MSFT,5,4,best_recent,last3,huber,0.0
e1,MSFT,5,4,best_recent,last3,pls,1.0
e1,MSFT,5,4,best_recent,last3,lgbm_reg,0.0
e1,MSFT,5,4,best_recent,last3,xgb,0.0
e1,MSFT,5,5,best_recent,last3,elasticnet,1.0
e1,MSFT,5,5,best_recent,last3,huber,0.0
e1,MSFT,5,5,best_recent,last3,pls,0.0
e1,MSFT,5,5,best_recent,last3,lgbm_reg,0.0
e1,MSFT,5,5,best_recent,last3,xgb,0.0
e1,MSFT,5,6,best_recent,last3,elasticnet,0.0
e1,MSFT,5,6,best_recent,last3,huber,1.0
e1,MSFT,5,6,best_recent,last3,pls,0.0
e1,MSFT,5,6,best_recent,last3,lgbm_reg,0.0
e1,MSFT,5,6,best_recent,last3,xgb,0.0
e1,MSFT,5,7,best_recent,last3,elasticnet,0.0
e1,MSFT,5,7,best_recent,last3,huber,1.0
e1,MSFT,5,7,best_recent,last3,pls,0.0
e1,MSFT,5,7,best_recent,last3,lgbm_reg,0.0
e1,MSFT,5,7,best_recent,last3,xgb,0.0
e1,MSFT,5,8,best_recent,last3,elasticnet,0.0
e1,MSFT,5,8,best_recent,last3,huber,0.0
e1,MSFT,5,8,best_recent,last3,pls,0.0
e1,MSFT,5,8,best_recent,last3,lgbm_reg,1.0
e1,MSFT,5,8,best_recent,last3,xgb,0.0
e1,MSFT,5,9,best_recent,last3,elasticnet,0.0
e1,MSFT,5,9,best_recent,last3,huber,0.0
e1,MSFT,5,9,best_recent,last3,pls,1.0
e1,MSFT,5,9,best_recent,last3,lgbm_reg,0.0
e1,MSFT,5,9,best_recent,last3,xgb,0.0
e1,MSFT,5,10,best_recent,last3,elasticnet,0.0
e1,MSFT,5,10,best_recent,last3,huber,0.0
e1,MSFT,5,10,best_recent,last3,pls,1.0
e1,MSFT,5,10,best_recent,last3,lgbm_reg,0.0
e1,MSFT,5,10,best_recent,last3,xgb,0.0
e1,MSFT,5,11,best_recent,last3,elasticnet,0.0
e1,MSFT,5,11,best_recent,last3,huber,0.0
e1,MSFT,5,11,best_recent,last3,pls,1.0
e1,MSFT,5,11,best_recent,last3,lgbm_reg,0.0
e1,MSFT,5,11,best_recent,last3,xgb,0.0
e1,MSFT,5,12,best_recent,last3,elasticnet,0.0
e1,MSFT,5,12,best_recent,last3,huber,0.0
e1,MSFT,5,12,best_recent,last3,pls,1.0
e1,MSFT,5,12,best_recent,last3,lgbm_reg,0.0
e1,MSFT,5,12,best_recent,last3,xgb,0.0
e1,MSFT,5,13,best_recent,last3,elasticnet,0.0
e1,MSFT,5,13,best_recent,last3,huber,0.0
e1,MSFT,5,13,best_recent,last3,pls,0.0
e1,MSFT,5,13,best_recent,last3,lgbm_reg,1.0
e1,MSFT,5,13,best_recent,last3,xgb,0.0
e1,MSFT,5,14,best_recent,last3,elasticnet,0.0
e1,MSFT,5,14,best_recent,last3,huber,0.0
e1,MSFT,5,14,best_recent,last3,pls,0.0
e1,MSFT,5,14,best_recent,last3,lgbm_reg,0.0
e1,MSFT,5,14,best_recent,last3,xgb,1.0
e1,MSFT,21,0,equal,expanding,elasticnet,0.2
e1,MSFT,21,0,equal,expanding,huber,0.2
e1,MSFT,21,0,equal,expanding,pls,0.2
e1,MSFT,21,0,equal,expanding,lgbm_reg,0.2
e1,MSFT,21,0,equal,expanding,xgb,0.2
e1,MSFT,21,1,equal,expanding,elasticnet,0.2
e1,MSFT,21,1,equal,expanding,huber,0.2
e1,MSFT,21,1,equal,expanding,pls,0.2
e1,MSFT,21,1,equal,expanding,lgbm_reg,0.2
e1,MSFT,21,1,equal,expanding,xgb,0.2
e1,MSFT,21,2,equal,expanding,elasticnet,0.2
e1,MSFT,21,2,equal,expanding,huber,0.2
e1,MSFT,21,2,equal,expanding,pls,0.2
e1,MSFT,21,2,equal,expanding,lgbm_reg,0.2
e1,MSFT,21,2,equal,expanding,xgb,0.2
e1,MSFT,21,3,equal,expanding,elasticnet,0.2
e1,MSFT,21,3,equal,expanding,huber,0.2
e1,MSFT,21,3,equal,expanding,pls,0.2
e1,MSFT,21,3,equal,expanding,lgbm_reg,0.2
e1,MSFT,21,3,equal,expanding,xgb,0.2
e1,MSFT,21,4,equal,expanding,elasticnet,0.2
e1,MSFT,21,4,equal,expanding,huber,0.2
e1,MSFT,21,4,equal,expanding,pls,0.2
e1,MSFT,21,4,equal,expanding,lgbm_reg,0.2
e1,MSFT,21,4,equal,expanding,xgb,0.2
e1,MSFT,21,5,equal,expanding,elasticnet,0.2
e1,MSFT,21,5,equal,expanding,huber,0.2
e1,MSFT,21,5,equal,expanding,pls,0.2
e1,MSFT,21,5,equal,expanding,lgbm_reg,0.2
e1,MSFT,21,5,equal,expanding,xgb,0.2
e1,MSFT,21,6,equal,expanding,elasticnet,0.2
e1,MSFT,21,6,equal,expanding,huber,0.2
e1,MSFT,21,6,equal,expanding,pls,0.2
e1,MSFT,21,6,equal,expanding,lgbm_reg,0.2
e1,MSFT,21,6,equal,expanding,xgb,0.2
e1,MSFT,21,7,equal,expanding,elasticnet,0.2
e1,MSFT,21,7,equal,expanding,huber,0.2
e1,MSFT,21,7,equal,expanding,pls,0.2
e1,MSFT,21,7,equal,expanding,lgbm_reg,0.2
e1,MSFT,21,7,equal,expanding,xgb,0.2
e1,MSFT,21,8,equal,expanding,elasticnet,0.2
e1,MSFT,21,8,equal,expanding,huber,0.2
e1,MSFT,21,8,equal,expanding,pls,0.2
e1,MSFT,21,8,equal,expanding,lgbm_reg,0.2
e1,MSFT,21,8,equal,expanding,xgb,0.2
e1,MSFT,21,9,equal,expanding,elasticnet,0.2
e1,MSFT,21,9,equal,expanding,huber,0.2
e1,MSFT,21,9,equal,expanding,pls,0.2
e1,MSFT,21,9,equal,expanding,lgbm_reg,0.2
e1,MSFT,21,9,equal,expanding,xgb,0.2
e1,MSFT,21,10,equal,expanding,elasticnet,0.2
e1,MSFT,21,10,equal,expanding,huber,0.2
e1,MSFT,21,10,equal,expanding,pls,0.2
e1,MSFT,21,10,equal,expanding,lgbm_reg,0.2
e1,MSFT,21,10,equal,expanding,xgb,0.2
e1,MSFT,21,11,equal,expanding,elasticnet,0.2
e1,MSFT,21,11,equal,expanding,huber,0.2
e1,MSFT,21,11,equal,expanding,pls,0.2
e1,MSFT,21,11,equal,expanding,lgbm_reg,0.2
e1,MSFT,21,11,equal,expanding,xgb,0.2
e1,MSFT,21,12,equal,expanding,elasticnet,0.2
e1,MSFT,21,12,equal,expanding,huber,0.2
e1,MSFT,21,12,equal,expanding,pls,0.2
e1,MSFT,21,12,equal,expanding,lgbm_reg,0.2
e1,MSFT,21,12,equal,expanding,xgb,0.2
e1,MSFT,21,13,equal,expanding,elasticnet,0.2
e1,MSFT,21,13,equal,expanding,huber,0.2
e1,MSFT,21,13,equal,expanding,pls,0.2
e1,MSFT,21,13,equal,expanding,lgbm_reg,0.2
e1,MSFT,21,13,equal,expanding,xgb,0.2
e1,MSFT,21,14,equal,expanding,elasticnet,0.2
e1,MSFT,21,14,equal,expanding,huber,0.2
e1,MSFT,21,14,equal,expanding,pls,0.2
e1,MSFT,21,14,equal,expanding,lgbm_reg,0.2
e1,MSFT,21,14,equal,expanding,xgb,0.2
e1,MSFT,21,0,inv_mae,expanding,elasticnet,0.2
e1,MSFT,21,0,inv_mae,expanding,huber,0.2
e1,MSFT,21,0,inv_mae,expanding,pls,0.2
e1,MSFT,21,0,inv_mae,expanding,lgbm_reg,0.2
e1,MSFT,21,0,inv_mae,expanding,xgb,0.2
e1,MSFT,21,1,inv_mae,expanding,elasticnet,0.17424013982435227
e1,MSFT,21,1,inv_mae,expanding,huber,0.15977346091192887
e1,MSFT,21,1,inv_mae,expanding,pls,0.24095230616914634
e1,MSFT,21,1,inv_mae,expanding,lgbm_reg,0.27180438723297345
e1,MSFT,21,1,inv_mae,expanding,xgb,0.15322970586159917
e1,MSFT,21,2,inv_mae,expanding,elasticnet,0.19201468801656904
e1,MSFT,21,2,inv_mae,expanding,huber,0.1789203432366134
e1,MSFT,21,2,inv_mae,expanding,pls,0.22205353301208502
e1,MSFT,21,2,inv_mae,expanding,lgbm_reg,0.2513918585638825
e1,MSFT,21,2,inv_mae,expanding,xgb,0.15561957717084993
e1,MSFT,21,3,inv_mae,expanding,elasticnet,0.18581917807289075
e1,MSFT,21,3,inv_mae,expanding,huber,0.18154245226128002
e1,MSFT,21,3,inv_mae,expanding,pls,0.241913974135635
e1,MSFT,21,3,inv_mae,expanding,lgbm_reg,0.22886458365948337
e1,MSFT,21,3,inv_mae,expanding,xgb,0.16185981187071072
e1,MSFT,21,4,inv_mae,expanding,elasticnet,0.1962463330154707
e1,MSFT,21,4,inv_mae,expanding,huber,0.19770774185745324
e1,MSFT,21,4,inv_mae,expanding,pls,0.2543914002349719
e1,MSFT,21,4,inv_mae,expanding,lgbm_reg,0.2041269320171833
e1,MSFT,21,4,inv_mae,expanding,xgb,0.14752759287492084
e1,MSFT,21,5,inv_mae,expanding,elasticnet,0.19259840119349683
e1,MSFT,21,5,inv_mae,expanding,huber,0.1976292667325027
e1,MSFT,21,5,inv_mae,expanding,pls,0.24206824582049577
e1,MSFT,21,5,inv_mae,expanding,lgbm_reg,0.20826460442163472
e1,MSFT,21,5,inv_mae,expanding,xgb,0.1594394818318699
e1,MSFT,21,6,inv_mae,expanding,elasticnet,0.19428685378438681
e1,MSFT,21,6,inv_mae,expanding,huber,0.19379003688668797
e1,MSFT,21,6,inv_mae,expanding,pls,0.2327586822728113
e1,MSFT,21,6,inv_mae,expanding,lgbm_reg,0.21597124283420524
e1,MSFT,21,6,inv_mae,expanding,xgb,0.1631931842219087
e1,MSFT,21,7,inv_mae,expanding,elasticnet,0.19328853168722046
e1,MSFT,21,7,inv_mae,expanding,huber,0.196101571793849
e1,MSFT,21,7,inv_mae,expanding,pls,0.2370832281680342
e1,MSFT,21,7,inv_mae,expanding,lgbm_reg,0.21374578050769227
e1,MSFT,21,7,inv_mae,expanding,xgb,0.159780887843204
e1,MSFT,21,8,inv_mae,expanding,elasticnet,0.1897136304627681
e1,MSFT,21,8,inv_mae,expanding,huber,0.19444390486069668
e1,MSFT,21,8,inv_mae,expanding,pls,0.2335888969559133
e1,MSFT,21,8,inv_mae,expanding,lgbm_reg,0.21662447243206154
e1,MSFT,21,8,inv_mae,expanding,xgb,0.1656290952885603
e1,MSFT,21,9,inv_mae,expanding,elasticnet,0.184889280447585
e1,MSFT,21,9,inv_mae,expanding,huber,0.19253532636184026
e1,MSFT,21,9,inv_mae,expanding,pls,0.23321893641858493
e1,MSFT,21,9,inv_mae,expanding,lgbm_reg,0.2178065136133821
e1,MSFT,21,9,inv_mae,expanding,xgb,0.1715499431586076
e1,MSFT,21,10,inv_mae,expanding,elasticnet,0.18698847704906177
e1,MSFT,21,10,inv_mae,expanding,huber,0.19697115247416613
e1,MSFT,21,10,inv_mae,expanding,pls,0.2360658165556335
e1,MSFT,21,10,inv_mae,expanding,lgbm_reg,0.22428748471361937
e1,MSFT,21,10,inv_mae,expanding,xgb,0.1556870692075193
e1,MSFT,21,11,inv_mae,expanding,elasticnet,0.18975571541466266
e1,MSFT,21,11,inv_mae,expanding,huber,0.19757571829192783
e1,MSFT,21,11,inv_mae,expanding,pls,0.23478181248340013
e1,MSFT,21,11,inv_mae,expanding,lgbm_reg,0.22100090133628164
e1,MSFT,21,11,inv_mae,expanding,xgb,0.15688585247372772
e1,MSFT,21,12,inv_mae,expanding,elasticnet,0.19149938581459616
e1,MSFT,21,12,inv_mae,expanding,huber,0.19855609858346168
e1,MSFT,21,12,inv_mae,expanding,pls,0.23310159063815786
e1,MSFT,21,12,inv_mae,expanding,lgbm_reg,0.21711240209879273
e1,MSFT,21,12,inv_mae,expanding,xgb,0.1597305228649918
e1,MSFT,21,13,inv_mae,expanding,elasticnet,0.19095953164430476
e1,MSFT,21,13,inv_mae,expanding,huber,0.19864512051787175
e1,MSFT,21,13,inv_mae,expanding,pls,0.23308625114013667
e1,MSFT,21,13,inv_mae,expanding,lgbm_reg,0.21464833047682388
e1,MSFT,21,13,inv_mae,expanding,xgb,0.16266076622086295
e1,MSFT,21,14,inv_mae,expanding,elasticnet,0.1914030420518636
e1,MSFT,21,14,inv_mae,expanding,huber,0.1975347097431237
e1,MSFT,21,14,inv_mae,expanding,pls,0.23182560578764644
e1,MSFT,21,14,inv_mae,expanding,lgbm_reg,0.21485290046801048
e1,MSFT,21,14,inv_mae,expanding,xgb,0.16438374194935587
e1,MSFT,21,0,inv_mae,last3,elasticnet,0.2
e1,MSFT,21,0,inv_mae,last3,huber,0.2
e1,MSFT,21,0,inv_mae,last3,pls,0.2
e1,MSFT,21,0,inv_mae,last3,lgbm_reg,0.2
e1,MSFT,21,0,inv_mae,last3,xgb,0.2
e1,MSFT,21,1,inv_mae,last3,elasticnet,0.17424013982435227
e1,MSFT,21,1,inv_mae,last3,huber,0.15977346091192887
e1,MSFT,21,1,inv_mae,last3,pls,0.24095230616914634
e1,MSFT,21,1,inv_mae,last3,lgbm_reg,0.27180438723297345
e1,MSFT,21,1,inv_mae,last3,xgb,0.15322970586159917
e1,MSFT,21,2,inv_mae,last3,elasticnet,0.19201468801656904
e1,MSFT,21,2,inv_mae,last3,huber,0.1789203432366134
e1,MSFT,21,2,inv_mae,last3,pls,0.22205353301208502
e1,MSFT,21,2,inv_mae,last3,lgbm_reg,0.2513918585638825
e1,MSFT,21,2,inv_mae,last3,xgb,0.15561957717084993
e1,MSFT,21,3,inv_mae,last3,elasticnet,0.18581917807289075
e1,MSFT,21,3,inv_mae,last3,huber,0.18154245226128002
e1,MSFT,21,3,inv_mae,last3,pls,0.241913974135635
e1,MSFT,21,3,inv_mae,last3,lgbm_reg,0.22886458365948337
e1,MSFT,21,3,inv_mae,last3,xgb,0.16185981187071072
e1,MSFT,21,4,inv_mae,last3,elasticnet,0.2056812359902984
e1,MSFT,21,4,inv_mae,last3,huber,0.2178430074747294
e1,MSFT,21,4,inv_mae,last3,pls,0.25787581012717803
e1,MSFT,21,4,inv_mae,last3,lgbm_reg,0.1757996594396276
e1,MSFT,21,4,inv_mae,last3,xgb,0.14280028696816655
e1,MSFT,21,5,inv_mae,last3,elasticnet,0.1914954884148131
e1,MSFT,21,5,inv_mae,last3,huber,0.20988604128582503
e1,MSFT,21,5,inv_mae,last3,pls,0.25473971561745573
e1,MSFT,21,5,inv_mae,last3,lgbm_reg,0.18307311262150358
e1,MSFT,21,5,inv_mae,last3,xgb,0.16080564206040263
e1,MSFT,21,6,inv_mae,last3,elasticnet,0.20312008669897413
e1,MSFT,21,6,inv_mae,last3,huber,0.20721178319702271
e1,MSFT,21,6,inv_mae,last3,pls,0.22286499042143956
e1,MSFT,21,6,inv_mae,last3,lgbm_reg,0.20269987165161846
e1,MSFT,21,6,inv_mae,last3,xgb,0.16410326803094497
e1,MSFT,21,7,inv_mae,last3,elasticnet,0.18789007229895208
e1,MSFT,21,7,inv_mae,last3,huber,0.19258732322409544
e1,MSFT,21,7,inv_mae,last3,pls,0.21294716158730614
e1,MSFT,21,7,inv_mae,last3,lgbm_reg,0.22751284268850014
e1,MSFT,21,7,inv_mae,last3,xgb,0.17906260020114612
e1,MSFT,21,8,inv_mae,last3,elasticnet,0.1826938388689852
e1,MSFT,21,8,inv_mae,last3,huber,0.18677392281803878
e1,MSFT,21,8,inv_mae,last3,pls,0.215092935075611
e1,MSFT,21,8,inv_mae,last3,lgbm_reg,0.2357279072245921
e1,MSFT,21,8,inv_mae,last3,xgb,0.1797113960127729
e1,MSFT,21,9,inv_mae,last3,elasticnet,0.1606903712146289
e1,MSFT,21,9,inv_mae,last3,huber,0.1879909689526249
e1,MSFT,21,9,inv_mae,last3,pls,0.233115030923217
e1,MSFT,21,9,inv_mae,last3,lgbm_reg,0.22168047721385442
e1,MSFT,21,9,inv_mae,last3,xgb,0.19652315169567483
e1,MSFT,21,10,inv_mae,last3,elasticnet,0.17240808817188094
e1,MSFT,21,10,inv_mae,last3,huber,0.19820182087466479
e1,MSFT,21,10,inv_mae,last3,pls,0.2327092582172304
e1,MSFT,21,10,inv_mae,last3,lgbm_reg,0.25074484957092236
e1,MSFT,21,10,inv_mae,last3,xgb,0.1459359831653016
e1,MSFT,21,11,inv_mae,last3,elasticnet,0.18930714181806366
e1,MSFT,21,11,inv_mae,last3,huber,0.20460067391366918
e1,MSFT,21,11,inv_mae,last3,pls,0.2369318013184565
e1,MSFT,21,11,inv_mae,last3,lgbm_reg,0.23106761895709654
e1,MSFT,21,11,inv_mae,last3,xgb,0.13809276399271414
e1,MSFT,21,12,inv_mae,last3,elasticnet,0.20617212464964343
e1,MSFT,21,12,inv_mae,last3,huber,0.21166350817891988
e1,MSFT,21,12,inv_mae,last3,pls,0.23158839079501145
e1,MSFT,21,12,inv_mae,last3,lgbm_reg,0.21441937650704496
e1,MSFT,21,12,inv_mae,last3,xgb,0.1361565998693802
e1,MSFT,21,13,inv_mae,last3,elasticnet,0.20149632584437455
e1,MSFT,21,13,inv_mae,last3,huber,0.2022682024093229
e1,MSFT,21,13,inv_mae,last3,pls,0.22371074456955117
e1,MSFT,21,13,inv_mae,last3,lgbm_reg,0.18920447747887287
e1,MSFT,21,13,inv_mae,last3,xgb,0.1833202496978785
e1,MSFT,21,14,inv_mae,last3,elasticnet,0.196037588848501
e1,MSFT,21,14,inv_mae,last3,huber,0.19629523088964385
e1,MSFT,21,14,inv_mae,last3,pls,0.22088314472531734
e1,MSFT,21,14,inv_mae,last3,lgbm_reg,0.19440617424398796
e1,MSFT,21,14,inv_mae,last3,xgb,0.19237786129254975
e1,MSFT,21,0,mae_da,expanding,elasticnet,0.2
e1,MSFT,21,0,mae_da,expanding,huber,0.2
e1,MSFT,21,0,mae_da,expanding,pls,0.2
e1,MSFT,21,0,mae_da,expanding,lgbm_reg,0.2
e1,MSFT,21,0,mae_da,expanding,xgb,0.2
e1,MSFT,21,1,mae_da,expanding,elasticnet,0.24381458271407458
e1,MSFT,21,1,mae_da,expanding,huber,0.14473331242616283
e1,MSFT,21,1,mae_da,expanding,pls,0.4096734173333286
e1,MSFT,21,1,mae_da,expanding,lgbm_reg,0.18952965112021236
e1,MSFT,21,1,mae_da,expanding,xgb,0.012249036406221549
e1,MSFT,21,2,mae_da,expanding,elasticnet,0.41220930095746844
e1,MSFT,21,2,mae_da,expanding,huber,0.13846679009865082
e1,MSFT,21,2,mae_da,expanding,pls,0.07630003303204477
e1,MSFT,21,2,mae_da,expanding,lgbm_reg,0.3633946737111886
e1,MSFT,21,2,mae_da,expanding,xgb,0.009629202200647414
e1,MSFT,21,3,mae_da,expanding,elasticnet,0.21398316821672309
e1,MSFT,21,3,mae_da,expanding,huber,0.1022292864971208
e1,MSFT,21,3,mae_da,expanding,pls,0.5820305942124202
e1,MSFT,21,3,mae_da,expanding,lgbm_reg,0.09569122294440216
e1,MSFT,21,3,mae_da,expanding,xgb,0.006065728129333678
e1,MSFT,21,4,mae_da,expanding,elasticnet,0.1504101471562813
e1,MSFT,21,4,mae_da,expanding,huber,0.1140860484105322
e1,MSFT,21,4,mae_da,expanding,pls,0.7061142732478756
e1,MSFT,21,4,mae_da,expanding,lgbm_reg,0.026347838350372545
e1,MSFT,21,4,mae_da,expanding,xgb,0.003041692834938411
e1,MSFT,21,5,mae_da,expanding,elasticnet,0.09917995721060234
e1,MSFT,21,5,mae_da,expanding,huber,0.10006134298588125
e1,MSFT,21,5,mae_da,expanding,pls,0.7721650766294152
e1,MSFT,21,5,mae_da,expanding,lgbm_reg,0.025152019949493298
e1,MSFT,21,5,mae_da,expanding,xgb,0.003441603224607765
e1,MSFT,21,6,mae_da,expanding,elasticnet,0.15614003348471672
e1,MSFT,21,6,mae_da,expanding,huber,0.09210134969550166
e1,MSFT,21,6,mae_da,expanding,pls,0.7047179695413629
e1,MSFT,21,6,mae_da,expanding,lgbm_reg,0.04297343772921962
e1,MSFT,21,6,mae_da,expanding,xgb,0.004067209549199206
e1,MSFT,21,7,mae_da,expanding,elasticnet,0.15070949409212256
e1,MSFT,21,7,mae_da,expanding,huber,0.13976219030618406
e1,MSFT,21,7,mae_da,expanding,pls,0.6598547201540428
e1,MSFT,21,7,mae_da,expanding,lgbm_reg,0.04617262097105746
e1,MSFT,21,7,mae_da,expanding,xgb,0.003500974476593075
e1,MSFT,21,8,mae_da,expanding,elasticnet,0.08558662652310994
e1,MSFT,21,8,mae_da,expanding,huber,0.11029146663761905
e1,MSFT,21,8,mae_da,expanding,pls,0.7491504497539151
e1,MSFT,21,8,mae_da,expanding,lgbm_reg,0.051616436835424995
e1,MSFT,21,8,mae_da,expanding,xgb,0.0033550202499308956
e1,MSFT,21,9,mae_da,expanding,elasticnet,0.018062358963001856
e1,MSFT,21,9,mae_da,expanding,huber,0.06493528669242189
e1,MSFT,21,9,mae_da,expanding,pls,0.858854693163033
e1,MSFT,21,9,mae_da,expanding,lgbm_reg,0.05506664766882582
e1,MSFT,21,9,mae_da,expanding,xgb,0.003081013512717407
e1,MSFT,21,10,mae_da,expanding,elasticnet,0.04369622500429446
e1,MSFT,21,10,mae_da,expanding,huber,0.11189019298394438
e1,MSFT,21,10,mae_da,expanding,pls,0.7463693430513715
e1,MSFT,21,10,mae_da,expanding,lgbm_reg,0.09579726380300957
e1,MSFT,21,10,mae_da,expanding,xgb,0.0022469751573801155
e1,MSFT,21,11,mae_da,expanding,elasticnet,0.04916854046873284
e1,MSFT,21,11,mae_da,expanding,huber,0.11570961685844862
e1,MSFT,21,11,mae_da,expanding,pls,0.7336527987676612
e1,MSFT,21,11,mae_da,expanding,lgbm_reg,0.09938318288360425
e1,MSFT,21,11,mae_da,expanding,xgb,0.002085861021553009
e1,MSFT,21,12,mae_da,expanding,elasticnet,0.05305849502560329
e1,MSFT,21,12,mae_da,expanding,huber,0.12363639183893302
e1,MSFT,21,12,mae_da,expanding,pls,0.7463409019154061
e1,MSFT,21,12,mae_da,expanding,lgbm_reg,0.0747940582254845
e1,MSFT,21,12,mae_da,expanding,xgb,0.002170152994573053
e1,MSFT,21,13,mae_da,expanding,elasticnet,0.03643543334837721
e1,MSFT,21,13,mae_da,expanding,huber,0.11119840218149285
e1,MSFT,21,13,mae_da,expanding,pls,0.7954688221409663
e1,MSFT,21,13,mae_da,expanding,lgbm_reg,0.054564981552954445
e1,MSFT,21,13,mae_da,expanding,xgb,0.002332360776209436
e1,MSFT,21,14,mae_da,expanding,elasticnet,0.03201133962389384
e1,MSFT,21,14,mae_da,expanding,huber,0.10779919522951141
e1,MSFT,21,14,mae_da,expanding,pls,0.7983926822637906
e1,MSFT,21,14,mae_da,expanding,lgbm_reg,0.05942943754849905
e1,MSFT,21,14,mae_da,expanding,xgb,0.0023673453343052734
e1,MSFT,21,0,mae_da,last3,elasticnet,0.2
e1,MSFT,21,0,mae_da,last3,huber,0.2
e1,MSFT,21,0,mae_da,last3,pls,0.2
e1,MSFT,21,0,mae_da,last3,lgbm_reg,0.2
e1,MSFT,21,0,mae_da,last3,xgb,0.2
e1,MSFT,21,1,mae_da,last3,elasticnet,0.24381458271407458
e1,MSFT,21,1,mae_da,last3,huber,0.14473331242616283
e1,MSFT,21,1,mae_da,last3,pls,0.4096734173333286
e1,MSFT,21,1,mae_da,last3,lgbm_reg,0.18952965112021236
e1,MSFT,21,1,mae_da,last3,xgb,0.012249036406221549
e1,MSFT,21,2,mae_da,last3,elasticnet,0.41220930095746844
e1,MSFT,21,2,mae_da,last3,huber,0.13846679009865082
e1,MSFT,21,2,mae_da,last3,pls,0.07630003303204477
e1,MSFT,21,2,mae_da,last3,lgbm_reg,0.3633946737111886
e1,MSFT,21,2,mae_da,last3,xgb,0.009629202200647414
e1,MSFT,21,3,mae_da,last3,elasticnet,0.21398316821672309
e1,MSFT,21,3,mae_da,last3,huber,0.1022292864971208
e1,MSFT,21,3,mae_da,last3,pls,0.5820305942124202
e1,MSFT,21,3,mae_da,last3,lgbm_reg,0.09569122294440216
e1,MSFT,21,3,mae_da,last3,xgb,0.006065728129333678
e1,MSFT,21,4,mae_da,last3,elasticnet,0.1609485111230647
e1,MSFT,21,4,mae_da,last3,huber,0.14835641673658392
e1,MSFT,21,4,mae_da,last3,pls,0.6762726349712699
e1,MSFT,21,4,mae_da,last3,lgbm_reg,0.011368816312149905
e1,MSFT,21,4,mae_da,last3,xgb,0.003053620856931728
e1,MSFT,21,5,mae_da,last3,elasticnet,0.03862291026379252
e1,MSFT,21,5,mae_da,last3,huber,0.0727378042924666
e1,MSFT,21,5,mae_da,last3,pls,0.8786650177445684
e1,MSFT,21,5,mae_da,last3,lgbm_reg,0.006418230573929277
e1,MSFT,21,5,mae_da,last3,xgb,0.003556037125243192
e1,MSFT,21,6,mae_da,last3,elasticnet,0.08528388354600772
e1,MSFT,21,6,mae_da,last3,huber,0.07971525355041557
e1,MSFT,21,6,mae_da,last3,pls,0.8142949888224496
e1,MSFT,21,6,mae_da,last3,lgbm_reg,0.016291211752474024
e1,MSFT,21,6,mae_da,last3,xgb,0.0044146623286529674
e1,MSFT,21,7,mae_da,last3,elasticnet,0.1451771009647696
e1,MSFT,21,7,mae_da,last3,huber,0.2025499676241461
e1,MSFT,21,7,mae_da,last3,pls,0.4452340278264706
e1,MSFT,21,7,mae_da,last3,lgbm_reg,0.1989528289136387
e1,MSFT,21,7,mae_da,last3,xgb,0.008086074670975045
e1,MSFT,21,8,mae_da,last3,elasticnet,0.06259271038773179
e1,MSFT,21,8,mae_da,last3,huber,0.1328279750694191
e1,MSFT,21,8,mae_da,last3,pls,0.4723726739228729
e1,MSFT,21,8,mae_da,last3,lgbm_reg,0.3260308641064757
e1,MSFT,21,8,mae_da,last3,xgb,0.006175776513500521
e1,MSFT,21,9,mae_da,last3,elasticnet,0.0022325458630075962
e1,MSFT,21,9,mae_da,last3,huber,0.06385725728282664
e1,MSFT,21,9,mae_da,last3,pls,0.6489397335039433
e1,MSFT,21,9,mae_da,last3,lgbm_reg,0.25253752046403427
e1,MSFT,21,9,mae_da,last3,xgb,0.03243294288618818
e1,MSFT,21,10,mae_da,last3,elasticnet,0.005515083767115879
e1,MSFT,21,10,mae_da,last3,huber,0.04374615279731083
e1,MSFT,21,10,mae_da,last3,pls,0.24647887423243486
e1,MSFT,21,10,mae_da,last3,lgbm_reg,0.694550276977848
e1,MSFT,21,10,mae_da,last3,xgb,0.009709612225290416
e1,MSFT,21,11,mae_da,last3,elasticnet,0.015318309592395205
e1,MSFT,21,11,mae_da,last3,huber,0.08030567765246559
e1,MSFT,21,11,mae_da,last3,pls,0.3325214166763266
e1,MSFT,21,11,mae_da,last3,lgbm_reg,0.5681974769111339
e1,MSFT,21,11,mae_da,last3,xgb,0.003657119167678627
e1,MSFT,21,12,mae_da,last3,elasticnet,0.24117200445508577
e1,MSFT,21,12,mae_da,last3,huber,0.251287830500506
e1,MSFT,21,12,mae_da,last3,pls,0.3939277520606782
e1,MSFT,21,12,mae_da,last3,lgbm_reg,0.11172701902362514
e1,MSFT,21,12,mae_da,last3,xgb,0.00188539396010488
e1,MSFT,21,13,mae_da,last3,elasticnet,0.02891370662463601
e1,MSFT,21,13,mae_da,last3,huber,0.12473560622254919
e1,MSFT,21,13,mae_da,last3,pls,0.8339844514948932
e1,MSFT,21,13,mae_da,last3,lgbm_reg,0.0046979586574560275
e1,MSFT,21,13,mae_da,last3,xgb,0.0076682770004657
e1,MSFT,21,14,mae_da,last3,elasticnet,0.00875994035875565
e1,MSFT,21,14,mae_da,last3,huber,0.055594053660748606
e1,MSFT,21,14,mae_da,last3,pls,0.9181093748867408
e1,MSFT,21,14,mae_da,last3,lgbm_reg,0.005815110059544032
e1,MSFT,21,14,mae_da,last3,xgb,0.011721521034210876
e1,MSFT,21,0,softmax_ic,expanding,elasticnet,0.2
e1,MSFT,21,0,softmax_ic,expanding,huber,0.2
e1,MSFT,21,0,softmax_ic,expanding,pls,0.2
e1,MSFT,21,0,softmax_ic,expanding,lgbm_reg,0.2
e1,MSFT,21,0,softmax_ic,expanding,xgb,0.2
e1,MSFT,21,1,softmax_ic,expanding,elasticnet,0.307491423017812
e1,MSFT,21,1,softmax_ic,expanding,huber,0.4097174414592702
e1,MSFT,21,1,softmax_ic,expanding,pls,0.18222593447832994
e1,MSFT,21,1,softmax_ic,expanding,lgbm_reg,0.07755322428660288
e1,MSFT,21,1,softmax_ic,expanding,xgb,0.02301197675798493
e1,MSFT,21,2,softmax_ic,expanding,elasticnet,0.22878583506016123
e1,MSFT,21,2,softmax_ic,expanding,huber,0.20655235493158652
e1,MSFT,21,2,softmax_ic,expanding,pls,0.06007191839453323
e1,MSFT,21,2,softmax_ic,expanding,lgbm_reg,0.4614354701133928
e1,MSFT,21,2,softmax_ic,expanding,xgb,0.043154421500326376
e1,MSFT,21,3,softmax_ic,expanding,elasticnet,0.3846050291189184
e1,MSFT,21,3,softmax_ic,expanding,huber,0.3010776087681108
e1,MSFT,21,3,softmax_ic,expanding,pls,0.2540067503662455
e1,MSFT,21,3,softmax_ic,expanding,lgbm_reg,0.04487667361066209
e1,MSFT,21,3,softmax_ic,expanding,xgb,0.015433938136063483
e1,MSFT,21,4,softmax_ic,expanding,elasticnet,0.49639316277552176
e1,MSFT,21,4,softmax_ic,expanding,huber,0.3560527658471093
e1,MSFT,21,4,softmax_ic,expanding,pls,0.1327647365668679
e1,MSFT,21,4,softmax_ic,expanding,lgbm_reg,0.010171217549935592
e1,MSFT,21,4,softmax_ic,expanding,xgb,0.004618117260565316
e1,MSFT,21,5,softmax_ic,expanding,elasticnet,0.45896162666349255
e1,MSFT,21,5,softmax_ic,expanding,huber,0.3678000960465678
e1,MSFT,21,5,softmax_ic,expanding,pls,0.13677835316311845
e1,MSFT,21,5,softmax_ic,expanding,lgbm_reg,0.024723291961053988
e1,MSFT,21,5,softmax_ic,expanding,xgb,0.011736632165767247
e1,MSFT,21,6,softmax_ic,expanding,elasticnet,0.5349608848675753
e1,MSFT,21,6,softmax_ic,expanding,huber,0.31300745427241006
e1,MSFT,21,6,softmax_ic,expanding,pls,0.10016874998547333
e1,MSFT,21,6,softmax_ic,expanding,lgbm_reg,0.03381243171672707
e1,MSFT,21,6,softmax_ic,expanding,xgb,0.01805047915781411
e1,MSFT,21,7,softmax_ic,expanding,elasticnet,0.5354221025675145
e1,MSFT,21,7,softmax_ic,expanding,huber,0.34017246951846924
e1,MSFT,21,7,softmax_ic,expanding,pls,0.0952728899482066
e1,MSFT,21,7,softmax_ic,expanding,lgbm_reg,0.018772073476961734
e1,MSFT,21,7,softmax_ic,expanding,xgb,0.010360464488847847
e1,MSFT,21,8,softmax_ic,expanding,elasticnet,0.4987093216478746
e1,MSFT,21,8,softmax_ic,expanding,huber,0.32830211771433726
e1,MSFT,21,8,softmax_ic,expanding,pls,0.12553607269938521
e1,MSFT,21,8,softmax_ic,expanding,lgbm_reg,0.029334528252528917
e1,MSFT,21,8,softmax_ic,expanding,xgb,0.018117959685873958
e1,MSFT,21,9,softmax_ic,expanding,elasticnet,0.4333563283989217
e1,MSFT,21,9,softmax_ic,expanding,huber,0.29510275035989836
e1,MSFT,21,9,softmax_ic,expanding,pls,0.19867048607198476
e1,MSFT,21,9,softmax_ic,expanding,lgbm_reg,0.043307872902906275
e1,MSFT,21,9,softmax_ic,expanding,xgb,0.02956256226628884
e1,MSFT,21,10,softmax_ic,expanding,elasticnet,0.3866667009452452
e1,MSFT,21,10,softmax_ic,expanding,huber,0.28718388100692055
e1,MSFT,21,10,softmax_ic,expanding,pls,0.2637010750517058
e1,MSFT,21,10,softmax_ic,expanding,lgbm_reg,0.04859308719025168
e1,MSFT,21,10,softmax_ic,expanding,xgb,0.013855255805876664
e1,MSFT,21,11,softmax_ic,expanding,elasticnet,0.38212697586362104
e1,MSFT,21,11,softmax_ic,expanding,huber,0.25376113540735606
e1,MSFT,21,11,softmax_ic,expanding,pls,0.2962348711598115
e1,MSFT,21,11,softmax_ic,expanding,lgbm_reg,0.05269770940861261
e1,MSFT,21,11,softmax_ic,expanding,xgb,0.015179308160598674
e1,MSFT,21,12,softmax_ic,expanding,elasticnet,0.3620238485217186
e1,MSFT,21,12,softmax_ic,expanding,huber,0.26203421666024307
e1,MSFT,21,12,softmax_ic,expanding,pls,0.3056913480537616
e1,MSFT,21,12,softmax_ic,expanding,lgbm_reg,0.05133617195807241
e1,MSFT,21,12,softmax_ic,expanding,xgb,0.018914414806204576
e1,MSFT,21,13,softmax_ic,expanding,elasticnet,0.329064421133408
e1,MSFT,21,13,softmax_ic,expanding,huber,0.24346973291890428
e1,MSFT,21,13,softmax_ic,expanding,pls,0.3372246945544102
e1,MSFT,21,13,softmax_ic,expanding,lgbm_reg,0.06009966619146126
e1,MSFT,21,13,softmax_ic,expanding,xgb,0.030141485201816393
e1,MSFT,21,14,softmax_ic,expanding,elasticnet,0.3208635020331175
e1,MSFT,21,14,softmax_ic,expanding,huber,0.22605791194941166
e1,MSFT,21,14,softmax_ic,expanding,pls,0.3370489223070912
e1,MSFT,21,14,softmax_ic,expanding,lgbm_reg,0.07451129699706194
e1,MSFT,21,14,softmax_ic,expanding,xgb,0.04151836671331772
e1,MSFT,21,0,softmax_ic,last3,elasticnet,0.2
e1,MSFT,21,0,softmax_ic,last3,huber,0.2
e1,MSFT,21,0,softmax_ic,last3,pls,0.2
e1,MSFT,21,0,softmax_ic,last3,lgbm_reg,0.2
e1,MSFT,21,0,softmax_ic,last3,xgb,0.2
e1,MSFT,21,1,softmax_ic,last3,elasticnet,0.307491423017812
e1,MSFT,21,1,softmax_ic,last3,huber,0.4097174414592702
e1,MSFT,21,1,softmax_ic,last3,pls,0.18222593447832994
e1,MSFT,21,1,softmax_ic,last3,lgbm_reg,0.07755322428660288
e1,MSFT,21,1,softmax_ic,last3,xgb,0.02301197675798493
e1,MSFT,21,2,softmax_ic,last3,elasticnet,0.22878583506016123
e1,MSFT,21,2,softmax_ic,last3,huber,0.20655235493158652
e1,MSFT,21,2,softmax_ic,last3,pls,0.06007191839453323
e1,MSFT,21,2,softmax_ic,last3,lgbm_reg,0.4614354701133928
e1,MSFT,21,2,softmax_ic,last3,xgb,0.043154421500326376
e1,MSFT,21,3,softmax_ic,last3,elasticnet,0.3846050291189184
e1,MSFT,21,3,softmax_ic,last3,huber,0.3010776087681108
e1,MSFT,21,3,softmax_ic,last3,pls,0.2540067503662455
e1,MSFT,21,3,softmax_ic,last3,lgbm_reg,0.04487667361066209
e1,MSFT,21,3,softmax_ic,last3,xgb,0.015433938136063483
e1,MSFT,21,4,softmax_ic,last3,elasticnet,0.5537714909352381
e1,MSFT,21,4,softmax_ic,last3,huber,0.33668736784417413
e1,MSFT,21,4,softmax_ic,last3,pls,0.10733931054893195
e1,MSFT,21,4,softmax_ic,last3,lgbm_reg,0.0014935164288714553
e1,MSFT,21,4,softmax_ic,last3,xgb,0.0007083142427842999
e1,MSFT,21,5,softmax_ic,last3,elasticnet,0.5114077983206925
e1,MSFT,21,5,softmax_ic,last3,huber,0.3254915382662756
e1,MSFT,21,5,softmax_ic,last3,pls,0.15678758930377956
e1,MSFT,21,5,softmax_ic,last3,lgbm_reg,0.0033730449140381494
e1,MSFT,21,5,softmax_ic,last3,xgb,0.002940029195214159
e1,MSFT,21,6,softmax_ic,last3,elasticnet,0.615704308619628
e1,MSFT,21,6,softmax_ic,last3,huber,0.2673574802697455
e1,MSFT,21,6,softmax_ic,last3,pls,0.06349174917182952
e1,MSFT,21,6,softmax_ic,last3,lgbm_reg,0.02990792522496218
e1,MSFT,21,6,softmax_ic,last3,xgb,0.023538536713834848
e1,MSFT,21,7,softmax_ic,last3,elasticnet,0.41718140511690177
e1,MSFT,21,7,softmax_ic,last3,huber,0.26823453914636514
e1,MSFT,21,7,softmax_ic,last3,pls,0.13299097943285582
e1,MSFT,21,7,softmax_ic,last3,lgbm_reg,0.12262962472722756
e1,MSFT,21,7,softmax_ic,last3,xgb,0.058963451576649756
e1,MSFT,21,8,softmax_ic,last3,elasticnet,0.33516380347852515
e1,MSFT,21,8,softmax_ic,last3,huber,0.17588376664463762
e1,MSFT,21,8,softmax_ic,last3,pls,0.23393506366578873
e1,MSFT,21,8,softmax_ic,last3,lgbm_reg,0.12511543539611264
e1,MSFT,21,8,softmax_ic,last3,xgb,0.12990193081493567
e1,MSFT,21,9,softmax_ic,last3,elasticnet,0.03333925262001946
e1,MSFT,21,9,softmax_ic,last3,huber,0.019649147061135554
e1,MSFT,21,9,softmax_ic,last3,pls,0.6868587364920044
e1,MSFT,21,9,softmax_ic,last3,lgbm_reg,0.07127994729070303
e1,MSFT,21,9,softmax_ic,last3,xgb,0.1888729165361377
e1,MSFT,21,10,softmax_ic,last3,elasticnet,0.06861165234110922
e1,MSFT,21,10,softmax_ic,last3,huber,0.050113189079303344
e1,MSFT,21,10,softmax_ic,last3,pls,0.8413201023981925
e1,MSFT,21,10,softmax_ic,last3,lgbm_reg,0.03522685669458013
e1,MSFT,21,10,softmax_ic,last3,xgb,0.004728199486814771
e1,MSFT,21,11,softmax_ic,last3,elasticnet,0.1355073859146814
e1,MSFT,21,11,softmax_ic,last3,huber,0.05116316186896492
e1,MSFT,21,11,softmax_ic,last3,pls,0.7741752141156862
e1,MSFT,21,11,softmax_ic,last3,lgbm_reg,0.034198945302659316
e1,MSFT,21,11,softmax_ic,last3,xgb,0.004955292798008023
e1,MSFT,21,12,softmax_ic,last3,elasticnet,0.29082669965894603
e1,MSFT,21,12,softmax_ic,last3,huber,0.13580362985199276
e1,MSFT,21,12,softmax_ic,last3,pls,0.5567031639204039
e1,MSFT,21,12,softmax_ic,last3,lgbm_reg,0.015486613461966524
e1,MSFT,21,12,softmax_ic,last3,xgb,0.0011798931066908174
e1,MSFT,21,13,softmax_ic,last3,elasticnet,0.1091182340795346
e1,MSFT,21,13,softmax_ic,last3,huber,0.07318299450195573
e1,MSFT,21,13,softmax_ic,last3,pls,0.40687987756865657
e1,MSFT,21,13,softmax_ic,last3,lgbm_reg,0.10077352949395249
e1,MSFT,21,13,softmax_ic,last3,xgb,0.3100453643559007
e1,MSFT,21,14,softmax_ic,last3,elasticnet,0.024085857902189024
e1,MSFT,21,14,softmax_ic,last3,huber,0.020854922657132135
e1,MSFT,21,14,softmax_ic,last3,pls,0.12421442891740081
e1,MSFT,21,14,softmax_ic,last3,lgbm_reg,0.130181336769619
e1,MSFT,21,14,softmax_ic,last3,xgb,0.7006634537536591
e1,MSFT,21,0,best_recent,expanding,elasticnet,0.2
e1,MSFT,21,0,best_recent,expanding,huber,0.2
e1,MSFT,21,0,best_recent,expanding,pls,0.2
e1,MSFT,21,0,best_recent,expanding,lgbm_reg,0.2
e1,MSFT,21,0,best_recent,expanding,xgb,0.2
e1,MSFT,21,1,best_recent,expanding,elasticnet,0.0
e1,MSFT,21,1,best_recent,expanding,huber,1.0
e1,MSFT,21,1,best_recent,expanding,pls,0.0
e1,MSFT,21,1,best_recent,expanding,lgbm_reg,0.0
e1,MSFT,21,1,best_recent,expanding,xgb,0.0
e1,MSFT,21,2,best_recent,expanding,elasticnet,0.0
e1,MSFT,21,2,best_recent,expanding,huber,0.0
e1,MSFT,21,2,best_recent,expanding,pls,0.0
e1,MSFT,21,2,best_recent,expanding,lgbm_reg,1.0
e1,MSFT,21,2,best_recent,expanding,xgb,0.0
e1,MSFT,21,3,best_recent,expanding,elasticnet,1.0
e1,MSFT,21,3,best_recent,expanding,huber,0.0
e1,MSFT,21,3,best_recent,expanding,pls,0.0
e1,MSFT,21,3,best_recent,expanding,lgbm_reg,0.0
e1,MSFT,21,3,best_recent,expanding,xgb,0.0
e1,MSFT,21,4,best_recent,expanding,elasticnet,1.0
e1,MSFT,21,4,best_recent,expanding,huber,0.0
e1,MSFT,21,4,best_recent,expanding,pls,0.0
e1,MSFT,21,4,best_recent,expanding,lgbm_reg,0.0
e1,MSFT,21,4,best_recent,expanding,xgb,0.0
e1,MSFT,21,5,best_recent,expanding,elasticnet,1.0
e1,MSFT,21,5,best_recent,expanding,huber,0.0
e1,MSFT,21,5,best_recent,expanding,pls,0.0
e1,MSFT,21,5,best_recent,expanding,lgbm_reg,0.0
e1,MSFT,21,5,best_recent,expanding,xgb,0.0
e1,MSFT,21,6,best_recent,expanding,elasticnet,1.0
e1,MSFT,21,6,best_recent,expanding,huber,0.0
e1,MSFT,21,6,best_recent,expanding,pls,0.0
e1,MSFT,21,6,best_recent,expanding,lgbm_reg,0.0
e1,MSFT,21,6,best_recent,expanding,xgb,0.0
e1,MSFT,21,7,best_recent,expanding,elasticnet,1.0
e1,MSFT,21,7,best_recent,expanding,huber,0.0
e1,MSFT,21,7,best_recent,expanding,pls,0.0
e1,MSFT,21,7,best_recent,expanding,lgbm_reg,0.0
e1,MSFT,21,7,best_recent,expanding,xgb,0.0
e1,MSFT,21,8,best_recent,expanding,elasticnet,1.0
e1,MSFT,21,8,best_recent,expanding,huber,0.0
e1,MSFT,21,8,best_recent,expanding,pls,0.0
e1,MSFT,21,8,best_recent,expanding,lgbm_reg,0.0
e1,MSFT,21,8,best_recent,expanding,xgb,0.0
e1,MSFT,21,9,best_recent,expanding,elasticnet,1.0
e1,MSFT,21,9,best_recent,expanding,huber,0.0
e1,MSFT,21,9,best_recent,expanding,pls,0.0
e1,MSFT,21,9,best_recent,expanding,lgbm_reg,0.0
e1,MSFT,21,9,best_recent,expanding,xgb,0.0
e1,MSFT,21,10,best_recent,expanding,elasticnet,1.0
e1,MSFT,21,10,best_recent,expanding,huber,0.0
e1,MSFT,21,10,best_recent,expanding,pls,0.0
e1,MSFT,21,10,best_recent,expanding,lgbm_reg,0.0
e1,MSFT,21,10,best_recent,expanding,xgb,0.0
e1,MSFT,21,11,best_recent,expanding,elasticnet,1.0
e1,MSFT,21,11,best_recent,expanding,huber,0.0
e1,MSFT,21,11,best_recent,expanding,pls,0.0
e1,MSFT,21,11,best_recent,expanding,lgbm_reg,0.0
e1,MSFT,21,11,best_recent,expanding,xgb,0.0
e1,MSFT,21,12,best_recent,expanding,elasticnet,1.0
e1,MSFT,21,12,best_recent,expanding,huber,0.0
e1,MSFT,21,12,best_recent,expanding,pls,0.0
e1,MSFT,21,12,best_recent,expanding,lgbm_reg,0.0
e1,MSFT,21,12,best_recent,expanding,xgb,0.0
e1,MSFT,21,13,best_recent,expanding,elasticnet,0.0
e1,MSFT,21,13,best_recent,expanding,huber,0.0
e1,MSFT,21,13,best_recent,expanding,pls,1.0
e1,MSFT,21,13,best_recent,expanding,lgbm_reg,0.0
e1,MSFT,21,13,best_recent,expanding,xgb,0.0
e1,MSFT,21,14,best_recent,expanding,elasticnet,0.0
e1,MSFT,21,14,best_recent,expanding,huber,0.0
e1,MSFT,21,14,best_recent,expanding,pls,1.0
e1,MSFT,21,14,best_recent,expanding,lgbm_reg,0.0
e1,MSFT,21,14,best_recent,expanding,xgb,0.0
e1,MSFT,21,0,best_recent,last3,elasticnet,0.2
e1,MSFT,21,0,best_recent,last3,huber,0.2
e1,MSFT,21,0,best_recent,last3,pls,0.2
e1,MSFT,21,0,best_recent,last3,lgbm_reg,0.2
e1,MSFT,21,0,best_recent,last3,xgb,0.2
e1,MSFT,21,1,best_recent,last3,elasticnet,0.0
e1,MSFT,21,1,best_recent,last3,huber,1.0
e1,MSFT,21,1,best_recent,last3,pls,0.0
e1,MSFT,21,1,best_recent,last3,lgbm_reg,0.0
e1,MSFT,21,1,best_recent,last3,xgb,0.0
e1,MSFT,21,2,best_recent,last3,elasticnet,0.0
e1,MSFT,21,2,best_recent,last3,huber,0.0
e1,MSFT,21,2,best_recent,last3,pls,0.0
e1,MSFT,21,2,best_recent,last3,lgbm_reg,1.0
e1,MSFT,21,2,best_recent,last3,xgb,0.0
e1,MSFT,21,3,best_recent,last3,elasticnet,1.0
e1,MSFT,21,3,best_recent,last3,huber,0.0
e1,MSFT,21,3,best_recent,last3,pls,0.0
e1,MSFT,21,3,best_recent,last3,lgbm_reg,0.0
e1,MSFT,21,3,best_recent,last3,xgb,0.0
e1,MSFT,21,4,best_recent,last3,elasticnet,1.0
e1,MSFT,21,4,best_recent,last3,huber,0.0
e1,MSFT,21,4,best_recent,last3,pls,0.0
e1,MSFT,21,4,best_recent,last3,lgbm_reg,0.0
e1,MSFT,21,4,best_recent,last3,xgb,0.0
e1,MSFT,21,5,best_recent,last3,elasticnet,1.0
e1,MSFT,21,5,best_recent,last3,huber,0.0
e1,MSFT,21,5,best_recent,last3,pls,0.0
e1,MSFT,21,5,best_recent,last3,lgbm_reg,0.0
e1,MSFT,21,5,best_recent,last3,xgb,0.0
e1,MSFT,21,6,best_recent,last3,elasticnet,1.0
e1,MSFT,21,6,best_recent,last3,huber,0.0
e1,MSFT,21,6,best_recent,last3,pls,0.0
e1,MSFT,21,6,best_recent,last3,lgbm_reg,0.0
e1,MSFT,21,6,best_recent,last3,xgb,0.0
e1,MSFT,21,7,best_recent,last3,elasticnet,1.0
e1,MSFT,21,7,best_recent,last3,huber,0.0
e1,MSFT,21,7,best_recent,last3,pls,0.0
e1,MSFT,21,7,best_recent,last3,lgbm_reg,0.0
e1,MSFT,21,7,best_recent,last3,xgb,0.0
e1,MSFT,21,8,best_recent,last3,elasticnet,1.0
e1,MSFT,21,8,best_recent,last3,huber,0.0
e1,MSFT,21,8,best_recent,last3,pls,0.0
e1,MSFT,21,8,best_recent,last3,lgbm_reg,0.0
e1,MSFT,21,8,best_recent,last3,xgb,0.0
e1,MSFT,21,9,best_recent,last3,elasticnet,0.0
e1,MSFT,21,9,best_recent,last3,huber,0.0
e1,MSFT,21,9,best_recent,last3,pls,1.0
e1,MSFT,21,9,best_recent,last3,lgbm_reg,0.0
e1,MSFT,21,9,best_recent,last3,xgb,0.0
e1,MSFT,21,10,best_recent,last3,elasticnet,0.0
e1,MSFT,21,10,best_recent,last3,huber,0.0
e1,MSFT,21,10,best_recent,last3,pls,1.0
e1,MSFT,21,10,best_recent,last3,lgbm_reg,0.0
e1,MSFT,21,10,best_recent,last3,xgb,0.0
e1,MSFT,21,11,best_recent,last3,elasticnet,0.0
e1,MSFT,21,11,best_recent,last3,huber,0.0
e1,MSFT,21,11,best_recent,last3,pls,1.0
e1,MSFT,21,11,best_recent,last3,lgbm_reg,0.0
e1,MSFT,21,11,best_recent,last3,xgb,0.0
e1,MSFT,21,12,best_recent,last3,elasticnet,0.0
e1,MSFT,21,12,best_recent,last3,huber,0.0
e1,MSFT,21,12,best_recent,last3,pls,1.0
e1,MSFT,21,12,best_recent,last3,lgbm_reg,0.0
e1,MSFT,21,12,best_recent,last3,xgb,0.0
e1,MSFT,21,13,best_recent,last3,elasticnet,0.0
e1,MSFT,21,13,best_recent,last3,huber,0.0
e1,MSFT,21,13,best_recent,last3,pls,1.0
e1,MSFT,21,13,best_recent,last3,lgbm_reg,0.0
e1,MSFT,21,13,best_recent,last3,xgb,0.0
e1,MSFT,21,14,best_recent,last3,elasticnet,0.0
e1,MSFT,21,14,best_recent,last3,huber,0.0
e1,MSFT,21,14,best_recent,last3,pls,0.0
e1,MSFT,21,14,best_recent,last3,lgbm_reg,0.0
e1,MSFT,21,14,best_recent,last3,xgb,1.0
e1,MSFT,63,0,equal,expanding,elasticnet,0.2
e1,MSFT,63,0,equal,expanding,huber,0.2
e1,MSFT,63,0,equal,expanding,pls,0.2
e1,MSFT,63,0,equal,expanding,lgbm_reg,0.2
e1,MSFT,63,0,equal,expanding,xgb,0.2
e1,MSFT,63,1,equal,expanding,elasticnet,0.2
e1,MSFT,63,1,equal,expanding,huber,0.2
e1,MSFT,63,1,equal,expanding,pls,0.2
e1,MSFT,63,1,equal,expanding,lgbm_reg,0.2
e1,MSFT,63,1,equal,expanding,xgb,0.2
e1,MSFT,63,2,equal,expanding,elasticnet,0.2
e1,MSFT,63,2,equal,expanding,huber,0.2
e1,MSFT,63,2,equal,expanding,pls,0.2
e1,MSFT,63,2,equal,expanding,lgbm_reg,0.2
e1,MSFT,63,2,equal,expanding,xgb,0.2
e1,MSFT,63,3,equal,expanding,elasticnet,0.2
e1,MSFT,63,3,equal,expanding,huber,0.2
e1,MSFT,63,3,equal,expanding,pls,0.2
e1,MSFT,63,3,equal,expanding,lgbm_reg,0.2
e1,MSFT,63,3,equal,expanding,xgb,0.2
e1,MSFT,63,4,equal,expanding,elasticnet,0.2
e1,MSFT,63,4,equal,expanding,huber,0.2
e1,MSFT,63,4,equal,expanding,pls,0.2
e1,MSFT,63,4,equal,expanding,lgbm_reg,0.2
e1,MSFT,63,4,equal,expanding,xgb,0.2
e1,MSFT,63,5,equal,expanding,elasticnet,0.2
e1,MSFT,63,5,equal,expanding,huber,0.2
e1,MSFT,63,5,equal,expanding,pls,0.2
e1,MSFT,63,5,equal,expanding,lgbm_reg,0.2
e1,MSFT,63,5,equal,expanding,xgb,0.2
e1,MSFT,63,6,equal,expanding,elasticnet,0.2
e1,MSFT,63,6,equal,expanding,huber,0.2
e1,MSFT,63,6,equal,expanding,pls,0.2
e1,MSFT,63,6,equal,expanding,lgbm_reg,0.2
e1,MSFT,63,6,equal,expanding,xgb,0.2
e1,MSFT,63,7,equal,expanding,elasticnet,0.2
e1,MSFT,63,7,equal,expanding,huber,0.2
e1,MSFT,63,7,equal,expanding,pls,0.2
e1,MSFT,63,7,equal,expanding,lgbm_reg,0.2
e1,MSFT,63,7,equal,expanding,xgb,0.2
e1,MSFT,63,8,equal,expanding,elasticnet,0.2
e1,MSFT,63,8,equal,expanding,huber,0.2
e1,MSFT,63,8,equal,expanding,pls,0.2
e1,MSFT,63,8,equal,expanding,lgbm_reg,0.2
e1,MSFT,63,8,equal,expanding,xgb,0.2
e1,MSFT,63,9,equal,expanding,elasticnet,0.2
e1,MSFT,63,9,equal,expanding,huber,0.2
e1,MSFT,63,9,equal,expanding,pls,0.2
e1,MSFT,63,9,equal,expanding,lgbm_reg,0.2
e1,MSFT,63,9,equal,expanding,xgb,0.2
e1,MSFT,63,10,equal,expanding,elasticnet,0.2
e1,MSFT,63,10,equal,expanding,huber,0.2
e1,MSFT,63,10,equal,expanding,pls,0.2
e1,MSFT,63,10,equal,expanding,lgbm_reg,0.2
e1,MSFT,63,10,equal,expanding,xgb,0.2
e1,MSFT,63,11,equal,expanding,elasticnet,0.2
e1,MSFT,63,11,equal,expanding,huber,0.2
e1,MSFT,63,11,equal,expanding,pls,0.2
e1,MSFT,63,11,equal,expanding,lgbm_reg,0.2
e1,MSFT,63,11,equal,expanding,xgb,0.2
e1,MSFT,63,12,equal,expanding,elasticnet,0.2
e1,MSFT,63,12,equal,expanding,huber,0.2
e1,MSFT,63,12,equal,expanding,pls,0.2
e1,MSFT,63,12,equal,expanding,lgbm_reg,0.2
e1,MSFT,63,12,equal,expanding,xgb,0.2
e1,MSFT,63,13,equal,expanding,elasticnet,0.2
e1,MSFT,63,13,equal,expanding,huber,0.2
e1,MSFT,63,13,equal,expanding,pls,0.2
e1,MSFT,63,13,equal,expanding,lgbm_reg,0.2
e1,MSFT,63,13,equal,expanding,xgb,0.2
e1,MSFT,63,14,equal,expanding,elasticnet,0.2
e1,MSFT,63,14,equal,expanding,huber,0.2
e1,MSFT,63,14,equal,expanding,pls,0.2
e1,MSFT,63,14,equal,expanding,lgbm_reg,0.2
e1,MSFT,63,14,equal,expanding,xgb,0.2
e1,MSFT,63,0,inv_mae,expanding,elasticnet,0.2
e1,MSFT,63,0,inv_mae,expanding,huber,0.2
e1,MSFT,63,0,inv_mae,expanding,pls,0.2
e1,MSFT,63,0,inv_mae,expanding,lgbm_reg,0.2
e1,MSFT,63,0,inv_mae,expanding,xgb,0.2
e1,MSFT,63,1,inv_mae,expanding,elasticnet,0.18841075436438742
e1,MSFT,63,1,inv_mae,expanding,huber,0.17506942485202476
e1,MSFT,63,1,inv_mae,expanding,pls,0.21371236323982193
e1,MSFT,63,1,inv_mae,expanding,lgbm_reg,0.30013756932921715
e1,MSFT,63,1,inv_mae,expanding,xgb,0.12266988821454858
e1,MSFT,63,2,inv_mae,expanding,elasticnet,0.20364407285750485
e1,MSFT,63,2,inv_mae,expanding,huber,0.20087843448250314
e1,MSFT,63,2,inv_mae,expanding,pls,0.20610277401352223
e1,MSFT,63,2,inv_mae,expanding,lgbm_reg,0.25954003290512667
e1,MSFT,63,2,inv_mae,expanding,xgb,0.12983468574134308
e1,MSFT,63,3,inv_mae,expanding,elasticnet,0.18231367294265508
e1,MSFT,63,3,inv_mae,expanding,huber,0.1709010378349263
e1,MSFT,63,3,inv_mae,expanding,pls,0.2219172575911612
e1,MSFT,63,3,inv_mae,expanding,lgbm_reg,0.25509779531518184
e1,MSFT,63,3,inv_mae,expanding,xgb,0.16977023631607552
e1,MSFT,63,4,inv_mae,expanding,elasticnet,0.19177486621930942
e1,MSFT,63,4,inv_mae,expanding,huber,0.1797275595638584
e1,MSFT,63,4,inv_mae,expanding,pls,0.23843984986798766
e1,MSFT,63,4,inv_mae,expanding,lgbm_reg,0.22461853798363182
e1,MSFT,63,4,inv_mae,expanding,xgb,0.1654391863652126
e1,MSFT,63,5,inv_mae,expanding,elasticnet,0.19408558037657758
e1,MSFT,63,5,inv_mae,expanding,huber,0.1847425082930751
e1,MSFT,63,5,inv_mae,expanding,pls,0.23107216260280147
e1,MSFT,63,5,inv_mae,expanding,lgbm_reg,0.22152553036519312
e1,MSFT,63,5,inv_mae,expanding,xgb,0.1685742183623527
e1,MSFT,63,6,inv_mae,expanding,elasticnet,0.20868345120964865
e1,MSFT,63,6,inv_mae,expanding,huber,0.1958685508158424
e1,MSFT,63,6,inv_mae,expanding,pls,0.21799815761376937
e1,MSFT,63,6,inv_mae,expanding,lgbm_reg,0.21473903624053506
e1,MSFT,63,6,inv_mae,expanding,xgb,0.16271080412020453
e1,MSFT,63,7,inv_mae,expanding,elasticnet,0.22517540259963179
e1,MSFT,63,7,inv_mae,expanding,huber,0.22265854955964487
e1,MSFT,63,7,inv_mae,expanding,pls,0.20799103499545896
e1,MSFT,63,7,inv_mae,expanding,lgbm_reg,0.19782766842761473
e1,MSFT,63,7,inv_mae,expanding,xgb,0.14634734441764957
e1,MSFT,63,8,inv_mae,expanding,elasticnet,0.20754718100160702
e1,MSFT,63,8,inv_mae,expanding,huber,0.20860987850658072
e1,MSFT,63,8,inv_mae,expanding,pls,0.20453184903244273
e1,MSFT,63,8,inv_mae,expanding,lgbm_reg,0.2119677050318408
e1,MSFT,63,8,inv_mae,expanding,xgb,0.16734338642752886
e1,MSFT,63,9,inv_mae,expanding,elasticnet,0.20788557092358978
e1,MSFT,63,9,inv_mae,expanding,huber,0.21549327580622477
e1,MSFT,63,9,inv_mae,expanding,pls,0.2113376183940981
e1,MSFT,63,9,inv_mae,expanding,lgbm_reg,0.20262829909125002
e1,MSFT,63,9,inv_mae,expanding,xgb,0.1626552357848374
e1,MSFT,63,10,inv_mae,expanding,elasticnet,0.2061799555270746
e1,MSFT,63,10,inv_mae,expanding,huber,0.2076093869316387
e1,MSFT,63,10,inv_mae,expanding,pls,0.22476069947203017
e1,MSFT,63,10,inv_mae,expanding,lgbm_reg,0.20771268371572363
e1,MSFT,63,10,inv_mae,expanding,xgb,0.15373727435353307
e1,MSFT,63,11,inv_mae,expanding,elasticnet,0.20791173900066004
e1,MSFT,63,11,inv_mae,expanding,huber,0.20804305667088932
e1,MSFT,63,11,inv_mae,expanding,pls,0.22634228038180795
e1,MSFT,63,11,inv_mae,expanding,lgbm_reg,0.20448286647522507
e1,MSFT,63,11,inv_mae,expanding,xgb,0.15322005747141768
e1,MSFT,63,12,inv_mae,expanding,elasticnet,0.21022108329423417
e1,MSFT,63,12,inv_mae,expanding,huber,0.2133896449190346
e1,MSFT,63,12,inv_mae,expanding,pls,0.22756028999567565
e1,MSFT,63,12,inv_mae,expanding,lgbm_reg,0.1990293924768949
e1,MSFT,63,12,inv_mae,expanding,xgb,0.14979958931416062
e1,MSFT,63,13,inv_mae,expanding,elasticnet,0.20815898962483723
e1,MSFT,63,13,inv_mae,expanding,huber,0.20749982374525852
e1,MSFT,63,13,inv_mae,expanding,pls,0.22882098970766104
e1,MSFT,63,13,inv_mae,expanding,lgbm_reg,0.20115263300149083
e1,MSFT,63,13,inv_mae,expanding,xgb,0.15436756392075243
e1,MSFT,63,14,inv_mae,expanding,elasticnet,0.20757192182235343
e1,MSFT,63,14,inv_mae,expanding,huber,0.2027447189561137
e1,MSFT,63,14,inv_mae,expanding,pls,0.22762161533533495
e1,MSFT,63,14,inv_mae,expanding,lgbm_reg,0.20348701734284655
e1,MSFT,63,14,inv_mae,expanding,xgb,0.1585747265433514
e1,MSFT,63,0,inv_mae,last3,elasticnet,0.2
e1,MSFT,63,0,inv_mae,last3,huber,0.2
e1,MSFT,63,0,inv_mae,last3,pls,0.2
e1,MSFT,63,0,inv_mae,last3,lgbm_reg,0.2
e1,MSFT,63,0,inv_mae,last3,xgb,0.2
e1,MSFT,63,1,inv_mae,last3,elasticnet,0.18841075436438742
e1,MSFT,63,1,inv_mae,last3,huber,0.17506942485202476
e1,MSFT,63,1,inv_mae,last3,pls,0.21371236323982193
e1,MSFT,63,1,inv_mae,last3,lgbm_reg,0.30013756932921715
e1,MSFT,63,1,inv_mae,last3,xgb,0.12266988821454858
e1,MSFT,63,2,inv_mae,last3,elasticnet,0.20364407285750485
e1,MSFT,63,2,inv_mae,last3,huber,0.20087843448250314
e1,MSFT,63,2,inv_mae,last3,pls,0.20610277401352223
e1,MSFT,63,2,inv_mae,last3,lgbm_reg,0.25954003290512667
e1,MSFT,63,2,inv_mae,last3,xgb,0.12983468574134308
e1,MSFT,63,3,inv_mae,last3,elasticnet,0.18231367294265508
e1,MSFT,63,3,inv_mae,last3,huber,0.1709010378349263
e1,MSFT,63,3,inv_mae,last3,pls,0.2219172575911612
e1,MSFT,63,3,inv_mae,last3,lgbm_reg,0.25509779531518184
e1,MSFT,63,3,inv_mae,last3,xgb,0.16977023631607552
e1,MSFT,63,4,inv_mae,last3,elasticnet,0.19083230620910996
e1,MSFT,63,4,inv_mae,last3,huber,0.17940439014822365
e1,MSFT,63,4,inv_mae,last3,pls,0.24547597548421393
e1,MSFT,63,4,inv_mae,last3,lgbm_reg,0.20092759277589545
e1,MSFT,63,4,inv_mae,last3,xgb,0.18335973538255715
e1,MSFT,63,5,inv_mae,last3,elasticnet,0.18627523375785465
e1,MSFT,63,5,inv_mae,last3,huber,0.17370008420957828
e1,MSFT,63,5,inv_mae,last3,pls,0.24446515942911198
e1,MSFT,63,5,inv_mae,last3,lgbm_reg,0.1996963526344358
e1,MSFT,63,5,inv_mae,last3,xgb,0.19586316996901934
e1,MSFT,63,6,inv_mae,last3,elasticnet,0.2381974959068161
e1,MSFT,63,6,inv_mae,last3,huber,0.2239021741145484
e1,MSFT,63,6,inv_mae,last3,pls,0.2095957829546707
e1,MSFT,63,6,inv_mae,last3,lgbm_reg,0.1759406666390564
e1,MSFT,63,6,inv_mae,last3,xgb,0.15236388038490853
e1,MSFT,63,7,inv_mae,last3,elasticnet,0.2778817880251879
e1,MSFT,63,7,inv_mae,last3,huber,0.3041779549838274
e1,MSFT,63,7,inv_mae,last3,pls,0.15571166099386907
e1,MSFT,63,7,inv_mae,last3,lgbm_reg,0.15029426534405038
e1,MSFT,63,7,inv_mae,last3,xgb,0.11193433065306521
e1,MSFT,63,8,inv_mae,last3,elasticnet,0.2329010957920092
e1,MSFT,63,8,inv_mae,last3,huber,0.2652141485063552
e1,MSFT,63,8,inv_mae,last3,pls,0.15478420310247834
e1,MSFT,63,8,inv_mae,last3,lgbm_reg,0.18738439337873553
e1,MSFT,63,8,inv_mae,last3,xgb,0.15971615922042165
e1,MSFT,63,9,inv_mae,last3,elasticnet,0.20384178011942602
e1,MSFT,63,9,inv_mae,last3,huber,0.2613636247614629
e1,MSFT,63,9,inv_mae,last3,pls,0.1960521575663329
e1,MSFT,63,9,inv_mae,last3,lgbm_reg,0.1780995731283273
e1,MSFT,63,9,inv_mae,last3,xgb,0.16064286442445094
e1,MSFT,63,10,inv_mae,last3,elasticnet,0.1679835897115395
e1,MSFT,63,10,inv_mae,last3,huber,0.17551939288052487
e1,MSFT,63,10,inv_mae,last3,pls,0.2618886912105952
e1,MSFT,63,10,inv_mae,last3,lgbm_reg,0.22665838837806113
e1,MSFT,63,10,inv_mae,last3,xgb,0.16794993781927928
e1,MSFT,63,11,inv_mae,last3,elasticnet,0.20493725766986048
e1,MSFT,63,11,inv_mae,last3,huber,0.20296938565642064
e1,MSFT,63,11,inv_mae,last3,pls,0.28333490048211113
e1,MSFT,63,11,inv_mae,last3,lgbm_reg,0.18505259252142264
e1,MSFT,63,11,inv_mae,last3,xgb,0.12370586367018507
e1,MSFT,63,12,inv_mae,last3,elasticnet,0.21342497211328798
e1,MSFT,63,12,inv_mae,last3,huber,0.20540711478033943
e1,MSFT,63,12,inv_mae,last3,pls,0.27260470390769564
e1,MSFT,63,12,inv_mae,last3,lgbm_reg,0.18772983028849055
e1,MSFT,63,12,inv_mae,last3,xgb,0.12083337891018646
e1,MSFT,63,13,inv_mae,last3,elasticnet,0.21332379355595152
e1,MSFT,63,13,inv_mae,last3,huber,0.20680205094354656
e1,MSFT,63,13,inv_mae,last3,pls,0.24002538893658706
e1,MSFT,63,13,inv_mae,last3,lgbm_reg,0.1840275065068191
e1,MSFT,63,13,inv_mae,last3,xgb,0.1558212600570957
e1,MSFT,63,14,inv_mae,last3,elasticnet,0.20585448078455498
e1,MSFT,63,14,inv_mae,last3,huber,0.18599666902138615
e1,MSFT,63,14,inv_mae,last3,pls,0.2311852697796932
e1,MSFT,63,14,inv_mae,last3,lgbm_reg,0.19967878243300313
e1,MSFT,63,14,inv_mae,last3,xgb,0.1772847979813626
e1,MSFT,63,0,mae_da,expanding,elasticnet,0.2
e1,MSFT,63,0,mae_da,expanding,huber,0.2
e1,MSFT,63,0,mae_da,expanding,pls,0.2
e1,MSFT,63,0,mae_da,expanding,lgbm_reg,0.2
e1,MSFT,63,0,mae_da,expanding,xgb,0.2
e1,MSFT,63,1,mae_da,expanding,elasticnet,0.023403537982729528
e1,MSFT,63,1,mae_da,expanding,huber,0.013805413611594038
e1,MSFT,63,1,mae_da,expanding,pls,0.019052793053116756
e1,MSFT,63,1,mae_da,expanding,lgbm_reg,0.9396550572735201
e1,MSFT,63,1,mae_da,expanding,xgb,0.004083198079039664
e1,MSFT,63,2,mae_da,expanding,elasticnet,0.03565734656393594
e1,MSFT,63,2,mae_da,expanding,huber,0.039864949532486156
e1,MSFT,63,2,mae_da,expanding,pls,0.0238329336180595
e1,MSFT,63,2,mae_da,expanding,lgbm_reg,0.8978826246599275
e1,MSFT,63,2,mae_da,expanding,xgb,0.0027621456255907885
e1,MSFT,63,3,mae_da,expanding,elasticnet,0.007473439419631857
e1,MSFT,63,3,mae_da,expanding,huber,0.004920889633942792
e1,MSFT,63,3,mae_da,expanding,pls,0.08668185080625201
e1,MSFT,63,3,mae_da,expanding,lgbm_reg,0.8855456235548791
e1,MSFT,63,3,mae_da,expanding,xgb,0.015378196585294232
e1,MSFT,63,4,mae_da,expanding,elasticnet,0.017181771135346822
e1,MSFT,63,4,mae_da,expanding,huber,0.008215488529763695
e1,MSFT,63,4,mae_da,expanding,pls,0.24771137799952653
e1,MSFT,63,4,mae_da,expanding,lgbm_reg,0.7142863406407196
e1,MSFT,63,4,mae_da,expanding,xgb,0.012605021694643483
e1,MSFT,63,5,mae_da,expanding,elasticnet,0.026863956526628194
e1,MSFT,63,5,mae_da,expanding,huber,0.008852535267041021
e1,MSFT,63,5,mae_da,expanding,pls,0.15981376383222545
e1,MSFT,63,5,mae_da,expanding,lgbm_reg,0.7821747329556995
e1,MSFT,63,5,mae_da,expanding,xgb,0.022295011418405855
e1,MSFT,63,6,mae_da,expanding,elasticnet,0.09952525182172513
e1,MSFT,63,6,mae_da,expanding,huber,0.02485864881685093
e1,MSFT,63,6,mae_da,expanding,pls,0.06967524899936758
e1,MSFT,63,6,mae_da,expanding,lgbm_reg,0.8011591549773451
e1,MSFT,63,6,mae_da,expanding,xgb,0.004781695384711211
e1,MSFT,63,7,mae_da,expanding,elasticnet,0.41321858773420994
e1,MSFT,63,7,mae_da,expanding,huber,0.4368156099406647
e1,MSFT,63,7,mae_da,expanding,pls,0.051582668984903095
e1,MSFT,63,7,mae_da,expanding,lgbm_reg,0.09620028130170251
e1,MSFT,63,7,mae_da,expanding,xgb,0.0021828520385198955
e1,MSFT,63,8,mae_da,expanding,elasticnet,0.22058933961419602
e1,MSFT,63,8,mae_da,expanding,huber,0.3150161601220213
e1,MSFT,63,8,mae_da,expanding,pls,0.028647958065984663
e1,MSFT,63,8,mae_da,expanding,lgbm_reg,0.4321176353712922
e1,MSFT,63,8,mae_da,expanding,xgb,0.003628906826505765
e1,MSFT,63,9,mae_da,expanding,elasticnet,0.1890706071653433
e1,MSFT,63,9,mae_da,expanding,huber,0.48769715792427326
e1,MSFT,63,9,mae_da,expanding,pls,0.0639647271363758
e1,MSFT,63,9,mae_da,expanding,lgbm_reg,0.2566519153259047
e1,MSFT,63,9,mae_da,expanding,xgb,0.0026155924481031244
e1,MSFT,63,10,mae_da,expanding,elasticnet,0.2093553785973173
e1,MSFT,63,10,mae_da,expanding,huber,0.35601397683954394
e1,MSFT,63,10,mae_da,expanding,pls,0.11956888881377294
e1,MSFT,63,10,mae_da,expanding,lgbm_reg,0.3123870064625077
e1,MSFT,63,10,mae_da,expanding,xgb,0.0026747492868580474
e1,MSFT,63,11,mae_da,expanding,elasticnet,0.16159394591079806
e1,MSFT,63,11,mae_da,expanding,huber,0.2728868820013958
e1,MSFT,63,11,mae_da,expanding,pls,0.19310374006849473
e1,MSFT,63,11,mae_da,expanding,lgbm_reg,0.3701034043742279
e1,MSFT,63,11,mae_da,expanding,xgb,0.002312027645083562
e1,MSFT,63,12,mae_da,expanding,elasticnet,0.19384678594428106
e1,MSFT,63,12,mae_da,expanding,huber,0.31719540343130037
e1,MSFT,63,12,mae_da,expanding,pls,0.21956368939962825
e1,MSFT,63,12,mae_da,expanding,lgbm_reg,0.2672263768643281
e1,MSFT,63,12,mae_da,expanding,xgb,0.002167744360462289
e1,MSFT,63,13,mae_da,expanding,elasticnet,0.1848705714100375
e1,MSFT,63,13,mae_da,expanding,huber,0.16820390256986717
e1,MSFT,63,13,mae_da,expanding,pls,0.30673684331444434
e1,MSFT,63,13,mae_da,expanding,lgbm_reg,0.33801925323878984
e1,MSFT,63,13,mae_da,expanding,xgb,0.0021694294668612815
e1,MSFT,63,14,mae_da,expanding,elasticnet,0.18072073961707175
e1,MSFT,63,14,mae_da,expanding,huber,0.13900307517434038
e1,MSFT,63,14,mae_da,expanding,pls,0.3164939064801477
e1,MSFT,63,14,mae_da,expanding,lgbm_reg,0.36162883402963264
e1,MSFT,63,14,mae_da,expanding,xgb,0.002153444698807609
e1,MSFT,63,0,mae_da,last3,elasticnet,0.2
e1,MSFT,63,0,mae_da,last3,huber,0.2
e1,MSFT,63,0,mae_da,last3,pls,0.2
e1,MSFT,63,0,mae_da,last3,lgbm_reg,0.2
e1,MSFT,63,0,mae_da,last3,xgb,0.2
e1,MSFT,63,1,mae_da,last3,elasticnet,0.023403537982729528
e1,MSFT,63,1,mae_da,last3,huber,0.013805413611594038
e1,MSFT,63,1,mae_da,last3,pls,0.019052793053116756
e1,MSFT,63,1,mae_da,last3,lgbm_reg,0.9396550572735201
e1,MSFT,63,1,mae_da,last3,xgb,0.004083198079039664
e1,MSFT,63,2,mae_da,last3,elasticnet,0.03565734656393594
e1,MSFT,63,2,mae_da,last3,huber,0.039864949532486156
e1,MSFT,63,2,mae_da,last3,pls,0.0238329336180595
e1,MSFT,63,2,mae_da,last3,lgbm_reg,0.8978826246599275
e1,MSFT,63,2,mae_da,last3,xgb,0.0027621456255907885
e1,MSFT,63,3,mae_da,last3,elasticnet,0.007473439419631857
e1,MSFT,63,3,mae_da,last3,huber,0.004920889633942792
e1,MSFT,63,3,mae_da,last3,pls,0.08668185080625201
e1,MSFT,63,3,mae_da,last3,lgbm_reg,0.8855456235548791
e1,MSFT,63,3,mae_da,last3,xgb,0.015378196585294232
e1,MSFT,63,4,mae_da,last3,elasticnet,0.011444429524234889
e1,MSFT,63,4,mae_da,last3,huber,0.005411396229990186
e1,MSFT,63,4,mae_da,last3,pls,0.7826318664867722
e1,MSFT,63,4,mae_da,last3,lgbm_reg,0.17214048002902654
e1,MSFT,63,4,mae_da,last3,xgb,0.0283718277299764
e1,MSFT,63,5,mae_da,last3,elasticnet,0.024815058152397654
e1,MSFT,63,5,mae_da,last3,huber,0.0046121035959792315
e1,MSFT,63,5,mae_da,last3,pls,0.5716474655305849
e1,MSFT,63,5,mae_da,last3,lgbm_reg,0.15804220716303125
e1,MSFT,63,5,mae_da,last3,xgb,0.24088316555800698
e1,MSFT,63,6,mae_da,last3,elasticnet,0.7319135611990544
e1,MSFT,63,6,mae_da,last3,huber,0.2218566571191167
e1,MSFT,63,6,mae_da,last3,pls,0.02677597616858342
e1,MSFT,63,6,mae_da,last3,lgbm_reg,0.01528118477637567
e1,MSFT,63,6,mae_da,last3,xgb,0.004172620736869876
e1,MSFT,63,7,mae_da,last3,elasticnet,0.38566082514968736
e1,MSFT,63,7,mae_da,last3,huber,0.5764330007894782
e1,MSFT,63,7,mae_da,last3,pls,0.015904087702441817
e1,MSFT,63,7,mae_da,last3,lgbm_reg,0.018790246329850886
e1,MSFT,63,7,mae_da,last3,xgb,0.0032118400285416713
e1,MSFT,63,8,mae_da,last3,elasticnet,0.22153660430131383
e1,MSFT,63,8,mae_da,last3,huber,0.7313063254335894
e1,MSFT,63,8,mae_da,last3,pls,0.005148565311878871
e1,MSFT,63,8,mae_da,last3,lgbm_reg,0.03702504158505633
e1,MSFT,63,8,mae_da,last3,xgb,0.004983463368161434
e1,MSFT,63,9,mae_da,last3,elasticnet,0.06990185414193298
e1,MSFT,63,9,mae_da,last3,huber,0.8839808147327071
e1,MSFT,63,9,mae_da,last3,pls,0.018255743804067942
e1,MSFT,63,9,mae_da,last3,lgbm_reg,0.025493044213867274
e1,MSFT,63,9,mae_da,last3,xgb,0.002368543107424816
e1,MSFT,63,10,mae_da,last3,elasticnet,0.005620370913678592
e1,MSFT,63,10,mae_da,last3,huber,0.01926625777505368
e1,MSFT,63,10,mae_da,last3,pls,0.31137091891285384
e1,MSFT,63,10,mae_da,last3,lgbm_reg,0.6299656466430842
e1,MSFT,63,10,mae_da,last3,xgb,0.03377680575532971
e1,MSFT,63,11,mae_da,last3,elasticnet,0.03125787871944115
e1,MSFT,63,11,mae_da,last3,huber,0.046675666246215344
e1,MSFT,63,11,mae_da,last3,pls,0.8638441987063076
e1,MSFT,63,11,mae_da,last3,lgbm_reg,0.0562783016964709
e1,MSFT,63,11,mae_da,last3,xgb,0.0019439546315649775
e1,MSFT,63,12,mae_da,last3,elasticnet,0.06812047625670109
e1,MSFT,63,12,mae_da,last3,huber,0.043978429093774155
e1,MSFT,63,12,mae_da,last3,pls,0.8115333959750408
e1,MSFT,63,12,mae_da,last3,lgbm_reg,0.07451199046410259
e1,MSFT,63,12,mae_da,last3,xgb,0.0018557082103812714
e1,MSFT,63,13,mae_da,last3,elasticnet,0.06542983600112451
e1,MSFT,63,13,mae_da,last3,huber,0.01967592494274964
e1,MSFT,63,13,mae_da,last3,pls,0.8426533748304041
e1,MSFT,63,13,mae_da,last3,lgbm_reg,0.06730173701518831
e1,MSFT,63,13,mae_da,last3,xgb,0.004939127210533451
e1,MSFT,63,14,mae_da,last3,elasticnet,0.09768820202121856
e1,MSFT,63,14,mae_da,last3,huber,0.003795457465421374
e1,MSFT,63,14,mae_da,last3,pls,0.8398145029505917
e1,MSFT,63,14,mae_da,last3,lgbm_reg,0.05068762444627955
e1,MSFT,63,14,mae_da,last3,xgb,0.008014213116488925
e1,MSFT,63,0,softmax_ic,expanding,elasticnet,0.2
e1,MSFT,63,0,softmax_ic,expanding,huber,0.2
e1,MSFT,63,0,softmax_ic,expanding,pls,0.2
e1,MSFT,63,0,softmax_ic,expanding,lgbm_reg,0.2
e1,MSFT,63,0,softmax_ic,expanding,xgb,0.2
e1,MSFT,63,1,softmax_ic,expanding,elasticnet,0.0024997110870019607
e1,MSFT,63,1,softmax_ic,expanding,huber,0.004995017508102926
e1,MSFT,63,1,softmax_ic,expanding,pls,0.005751074111244175
e1,MSFT,63,1,softmax_ic,expanding,lgbm_reg,0.9634248890759263
e1,MSFT,63,1,softmax_ic,expanding,xgb,0.023329308217724613
e1,MSFT,63,2,softmax_ic,expanding,elasticnet,0.020706589795663616
e1,MSFT,63,2,softmax_ic,expanding,huber,0.033543682006130934
e1,MSFT,63,2,softmax_ic,expanding,pls,0.0029641279368378863
e1,MSFT,63,2,softmax_ic,expanding,lgbm_reg,0.9220894603080286
e1,MSFT,63,2,softmax_ic,expanding,xgb,0.02069613995333912
e1,MSFT,63,3,softmax_ic,expanding,elasticnet,0.2587716471389737
e1,MSFT,63,3,softmax_ic,expanding,huber,0.20128435789933996
e1,MSFT,63,3,softmax_ic,expanding,pls,0.31377091978943433
e1,MSFT,63,3,softmax_ic,expanding,lgbm_reg,0.17532151332745824
e1,MSFT,63,3,softmax_ic,expanding,xgb,0.05085156184479382
e1,MSFT,63,4,softmax_ic,expanding,elasticnet,0.22913846372176438
e1,MSFT,63,4,softmax_ic,expanding,huber,0.10974625981759255
e1,MSFT,63,4,softmax_ic,expanding,pls,0.5919362239014185
e1,MSFT,63,4,softmax_ic,expanding,lgbm_reg,0.04143351842121542
e1,MSFT,63,4,softmax_ic,expanding,xgb,0.027745534138009096
e1,MSFT,63,5,softmax_ic,expanding,elasticnet,0.3176063922577832
e1,MSFT,63,5,softmax_ic,expanding,huber,0.15735184834641497
e1,MSFT,63,5,softmax_ic,expanding,pls,0.3608464423106757
e1,MSFT,63,5,softmax_ic,expanding,lgbm_reg,0.08781193658006015
e1,MSFT,63,5,softmax_ic,expanding,xgb,0.07638338050506584
e1,MSFT,63,6,softmax_ic,expanding,elasticnet,0.3801370798480824
e1,MSFT,63,6,softmax_ic,expanding,huber,0.23334810143671889
e1,MSFT,63,6,softmax_ic,expanding,pls,0.2848304673191116
e1,MSFT,63,6,softmax_ic,expanding,lgbm_reg,0.0571537089521586
e1,MSFT,63,6,softmax_ic,expanding,xgb,0.04453064244392842
e1,MSFT,63,7,softmax_ic,expanding,elasticnet,0.4230571190575725
e1,MSFT,63,7,softmax_ic,expanding,huber,0.334275089026012
e1,MSFT,63,7,softmax_ic,expanding,pls,0.223067730571393
e1,MSFT,63,7,softmax_ic,expanding,lgbm_reg,0.012523509327493092
e1,MSFT,63,7,softmax_ic,expanding,xgb,0.007076552017529355
e1,MSFT,63,8,softmax_ic,expanding,elasticnet,0.3398029016882047
e1,MSFT,63,8,softmax_ic,expanding,huber,0.3172417221709956
e1,MSFT,63,8,softmax_ic,expanding,pls,0.2818059788234382
e1,MSFT,63,8,softmax_ic,expanding,lgbm_reg,0.03192713590985977
e1,MSFT,63,8,softmax_ic,expanding,xgb,0.02922226140750175
e1,MSFT,63,9,softmax_ic,expanding,elasticnet,0.2521184378183929
e1,MSFT,63,9,softmax_ic,expanding,huber,0.2886794314494708
e1,MSFT,63,9,softmax_ic,expanding,pls,0.4351497528994963
e1,MSFT,63,9,softmax_ic,expanding,lgbm_reg,0.011523828645133146
e1,MSFT,63,9,softmax_ic,expanding,xgb,0.012528549187506908
e1,MSFT,63,10,softmax_ic,expanding,elasticnet,0.2490416402178358
e1,MSFT,63,10,softmax_ic,expanding,huber,0.2877547683783383
e1,MSFT,63,10,softmax_ic,expanding,pls,0.4383425850789976
e1,MSFT,63,10,softmax_ic,expanding,lgbm_reg,0.01353254774051869
e1,MSFT,63,10,softmax_ic,expanding,xgb,0.011328458584309605
e1,MSFT,63,11,softmax_ic,expanding,elasticnet,0.2534636756747414
e1,MSFT,63,11,softmax_ic,expanding,huber,0.28083646605960844
e1,MSFT,63,11,softmax_ic,expanding,pls,0.44319944311329307
e1,MSFT,63,11,softmax_ic,expanding,lgbm_reg,0.011511461861135027
e1,MSFT,63,11,softmax_ic,expanding,xgb,0.010988953291221949
e1,MSFT,63,12,softmax_ic,expanding,elasticnet,0.25352043556540776
e1,MSFT,63,12,softmax_ic,expanding,huber,0.4129497075433146
e1,MSFT,63,12,softmax_ic,expanding,pls,0.30660294329504967
e1,MSFT,63,12,softmax_ic,expanding,lgbm_reg,0.014597563049317117
e1,MSFT,63,12,softmax_ic,expanding,xgb,0.012329350546910854
e1,MSFT,63,13,softmax_ic,expanding,elasticnet,0.23453789548861878
e1,MSFT,63,13,softmax_ic,expanding,huber,0.29698244151576675
e1,MSFT,63,13,softmax_ic,expanding,pls,0.4247907073300883
e1,MSFT,63,13,softmax_ic,expanding,lgbm_reg,0.02433256757525179
e1,MSFT,63,13,softmax_ic,expanding,xgb,0.01935638809027462
e1,MSFT,63,14,softmax_ic,expanding,elasticnet,0.2548837012254023
e1,MSFT,63,14,softmax_ic,expanding,huber,0.29867651171455034
e1,MSFT,63,14,softmax_ic,expanding,pls,0.377885528166087
e1,MSFT,63,14,softmax_ic,expanding,lgbm_reg,0.035379186543475286
e1,MSFT,63,14,softmax_ic,expanding,xgb,0.03317507235048511
e1,MSFT,63,0,softmax_ic,last3,elasticnet,0.2
e1,MSFT,63,0,softmax_ic,last3,huber,0.2
e1,MSFT,63,0,softmax_ic,last3,pls,0.2
e1,MSFT,63,0,softmax_ic,last3,lgbm_reg,0.2
e1,MSFT,63,0,softmax_ic,last3,xgb,0.2
e1,MSFT,63,1,softmax_ic,last3,elasticnet,0.0024997110870019607
e1,MSFT,63,1,softmax_ic,last3,huber,0.004995017508102926
e1,MSFT,63,1,softmax_ic,last3,pls,0.005751074111244175
e1,MSFT,63,1,softmax_ic,last3,lgbm_reg,0.9634248890759263
e1,MSFT,63,1,softmax_ic,last3,xgb,0.023329308217724613
e1,MSFT,63,2,softmax_ic,last3,elasticnet,0.020706589795663616
e1,MSFT,63,2,softmax_ic,last3,huber,0.033543682006130934
e1,MSFT,63,2,softmax_ic,last3,pls,0.0029641279368378863
e1,MSFT,63,2,softmax_ic,last3,lgbm_reg,0.9220894603080286
e1,MSFT,63,2,softmax_ic,last3,xgb,0.02069613995333912
e1,MSFT,63,3,softmax_ic,last3,elasticnet,0.2587716471389737
e1,MSFT,63,3,softmax_ic,last3,huber,0.20128435789933996
e1,MSFT,63,3,softmax_ic,last3,pls,0.31377091978943433
e1,MSFT,63,3,softmax_ic,last3,lgbm_reg,0.17532151332745824
e1,MSFT,63,3,softmax_ic,last3,xgb,0.05085156184479382
e1,MSFT,63,4,softmax_ic,last3,elasticnet,0.2168113315691501
e1,MSFT,63,4,softmax_ic,last3,huber,0.0628206647757333
e1,MSFT,63,4,softmax_ic,last3,pls,0.7143900274946379
e1,MSFT,63,4,softmax_ic,last3,lgbm_reg,0.0018400125683670704
e1,MSFT,63,4,softmax_ic,last3,xgb,0.004137963592111577
e1,MSFT,63,5,softmax_ic,last3,elasticnet,0.2196051738575768
e1,MSFT,63,5,softmax_ic,last3,huber,0.03582230185113441
e1,MSFT,63,5,softmax_ic,last3,pls,0.6817663078604664
e1,MSFT,63,5,softmax_ic,last3,lgbm_reg,0.02240749862206911
e1,MSFT,63,5,softmax_ic,last3,xgb,0.040398717808753246
e1,MSFT,63,6,softmax_ic,last3,elasticnet,0.3971545407556251
e1,MSFT,63,6,softmax_ic,last3,huber,0.1867303273387153
e1,MSFT,63,6,softmax_ic,last3,pls,0.22121560206385654
e1,MSFT,63,6,softmax_ic,last3,lgbm_reg,0.09105391343778964
e1,MSFT,63,6,softmax_ic,last3,xgb,0.10384561640401345
e1,MSFT,63,7,softmax_ic,last3,elasticnet,0.46704315256297996
e1,MSFT,63,7,softmax_ic,last3,huber,0.43675624848031847
e1,MSFT,63,7,softmax_ic,last3,pls,0.08587560995908956
e1,MSFT,63,7,softmax_ic,last3,lgbm_reg,0.007022904624671699
e1,MSFT,63,7,softmax_ic,last3,xgb,0.0033020843729402376
e1,MSFT,63,8,softmax_ic,last3,elasticnet,0.12100560363945426
e1,MSFT,63,8,softmax_ic,last3,huber,0.32602169389548236
e1,MSFT,63,8,softmax_ic,last3,pls,0.503383021016042
e1,MSFT,63,8,softmax_ic,last3,lgbm_reg,0.021597141696439264
e1,MSFT,63,8,softmax_ic,last3,xgb,0.027992539752582035
e1,MSFT,63,9,softmax_ic,last3,elasticnet,0.012950519262833304
e1,MSFT,63,9,softmax_ic,last3,huber,0.08977742945697091
e1,MSFT,63,9,softmax_ic,last3,pls,0.8949532141176855
e1,MSFT,63,9,softmax_ic,last3,lgbm_reg,0.000534705838159269
e1,MSFT,63,9,softmax_ic,last3,xgb,0.0017841313243509983
e1,MSFT,63,10,softmax_ic,last3,elasticnet,0.03560112482270619
e1,MSFT,63,10,softmax_ic,last3,huber,0.11841331516561439
e1,MSFT,63,10,softmax_ic,last3,pls,0.8277040670745452
e1,MSFT,63,10,softmax_ic,last3,lgbm_reg,0.004848348775281495
e1,MSFT,63,10,softmax_ic,last3,xgb,0.013433144161852817
e1,MSFT,63,11,softmax_ic,last3,elasticnet,0.1980126055918819
e1,MSFT,63,11,softmax_ic,last3,huber,0.3727224350380562
e1,MSFT,63,11,softmax_ic,last3,pls,0.4226378190103989
e1,MSFT,63,11,softmax_ic,last3,lgbm_reg,0.002202189505716277
e1,MSFT,63,11,softmax_ic,last3,xgb,0.004424950853946782
e1,MSFT,63,12,softmax_ic,last3,elasticnet,0.26686911215898956
e1,MSFT,63,12,softmax_ic,last3,huber,0.3796711325867061
e1,MSFT,63,12,softmax_ic,last3,pls,0.34929392052713176
e1,MSFT,63,12,softmax_ic,last3,lgbm_reg,0.0029707463884613783
e1,MSFT,63,12,softmax_ic,last3,xgb,0.0011950883387110616
e1,MSFT,63,13,softmax_ic,last3,elasticnet,0.21214336230236447
e1,MSFT,63,13,softmax_ic,last3,huber,0.24209116143561796
e1,MSFT,63,13,softmax_ic,last3,pls,0.401950669446073
e1,MSFT,63,13,softmax_ic,last3,lgbm_reg,0.09368210923664781
e1,MSFT,63,13,softmax_ic,last3,xgb,0.05013269757929663
e1,MSFT,63,14,softmax_ic,last3,elasticnet,0.03542287443240849
e1,MSFT,63,14,softmax_ic,last3,huber,0.04109111025872566
e1,MSFT,63,14,softmax_ic,last3,pls,0.45717583445139176
e1,MSFT,63,14,softmax_ic,last3,lgbm_reg,0.3292946712866864
e1,MSFT,63,14,softmax_ic,last3,xgb,0.13701550957078765
e1,MSFT,63,0,best_recent,expanding,elasticnet,0.2
e1,MSFT,63,0,best_recent,expanding,huber,0.2
e1,MSFT,63,0,best_recent,expanding,pls,0.2
e1,MSFT,63,0,best_recent,expanding,lgbm_reg,0.2
e1,MSFT,63,0,best_recent,expanding,xgb,0.2
e1,MSFT,63,1,best_recent,expanding,elasticnet,0.0
e1,MSFT,63,1,best_recent,expanding,huber,0.0
e1,MSFT,63,1,best_recent,expanding,pls,0.0
e1,MSFT,63,1,best_recent,expanding,lgbm_reg,1.0
e1,MSFT,63,1,best_recent,expanding,xgb,0.0
e1,MSFT,63,2,best_recent,expanding,elasticnet,0.0
e1,MSFT,63,2,best_recent,expanding,huber,0.0
e1,MSFT,63,2,best_recent,expanding,pls,0.0
e1,MSFT,63,2,best_recent,expanding,lgbm_reg,1.0
e1,MSFT,63,2,best_recent,expanding,xgb,0.0
e1,MSFT,63,3,best_recent,expanding,elasticnet,0.0
e1,MSFT,63,3,best_recent,expanding,huber,0.0
e1,MSFT,63,3,best_recent,expanding,pls,1.0
e1,MSFT,63,3,best_recent,expanding,lgbm_reg,0.0
e1,MSFT,63,3,best_recent,expanding,xgb,0.0
e1,MSFT,63,4,best_recent,expanding,elasticnet,0.0
e1,MSFT,63,4,best_recent,expanding,huber,0.0
e1,MSFT,63,4,best_recent,expanding,pls,1.0
e1,MSFT,63,4,best_recent,expanding,lgbm_reg,0.0
e1,MSFT,63,4,best_recent,expanding,xgb,0.0
e1,MSFT,63,5,best_recent,expanding,elasticnet,0.0
e1,MSFT,63,5,best_recent,expanding,huber,0.0
e1,MSFT,63,5,best_recent,expanding,pls,1.0
e1,MSFT,63,5,best_recent,expanding,lgbm_reg,0.0
e1,MSFT,63,5,best_recent,expanding,xgb,0.0
e1,MSFT,63,6,best_recent,expanding,elasticnet,1.0
e1,MSFT,63,6,best_recent,expanding,huber,0.0
e1,MSFT,63,6,best_recent,expanding,pls,0.0
e1,MSFT,63,6,best_recent,expanding,lgbm_reg,0.0
e1,MSFT,63,6,best_recent,expanding,xgb,0.0
e1,MSFT,63,7,best_recent,expanding,elasticnet,1.0
e1,MSFT,63,7,best_recent,expanding,huber,0.0
e1,MSFT,63,7,best_recent,expanding,pls,0.0
e1,MSFT,63,7,best_recent,expanding,lgbm_reg,0.0
e1,MSFT,63,7,best_recent,expanding,xgb,0.0
e1,MSFT,63,8,best_recent,expanding,elasticnet,1.0
e1,MSFT,63,8,best_recent,expanding,huber,0.0
e1,MSFT,63,8,best_recent,expanding,pls,0.0
e1,MSFT,63,8,best_recent,expanding,lgbm_reg,0.0
e1,MSFT,63,8,best_recent,expanding,xgb,0.0
e1,MSFT,63,9,best_recent,expanding,elasticnet,0.0
e1,MSFT,63,9,best_recent,expanding,huber,0.0
e1,MSFT,63,9,best_recent,expanding,pls,1.0
e1,MSFT,63,9,best_recent,expanding,lgbm_reg,0.0
e1,MSFT,63,9,best_recent,expanding,xgb,0.0
e1,MSFT,63,10,best_recent,expanding,elasticnet,0.0
e1,MSFT,63,10,best_recent,expanding,huber,0.0
e1,MSFT,63,10,best_recent,expanding,pls,1.0
e1,MSFT,63,10,best_recent,expanding,lgbm_reg,0.0
e1,MSFT,63,10,best_recent,expanding,xgb,0.0
e1,MSFT,63,11,best_recent,expanding,elasticnet,0.0
e1,MSFT,63,11,best_recent,expanding,huber,0.0
e1,MSFT,63,11,best_recent,expanding,pls,1.0
e1,MSFT,63,11,best_recent,expanding,lgbm_reg,0.0
e1,MSFT,63,11,best_recent,expanding,xgb,0.0
e1,MSFT,63,12,best_recent,expanding,elasticnet,0.0
e1,MSFT,63,12,best_recent,expanding,huber,1.0
e1,MSFT,63,12,best_recent,expanding,pls,0.0
e1,MSFT,63,12,best_recent,expanding,lgbm_reg,0.0
e1,MSFT,63,12,best_recent,expanding,xgb,0.0
e1,MSFT,63,13,best_recent,expanding,elasticnet,0.0
e1,MSFT,63,13,best_recent,expanding,huber,0.0
e1,MSFT,63,13,best_recent,expanding,pls,1.0
e1,MSFT,63,13,best_recent,expanding,lgbm_reg,0.0
e1,MSFT,63,13,best_recent,expanding,xgb,0.0
e1,MSFT,63,14,best_recent,expanding,elasticnet,0.0
e1,MSFT,63,14,best_recent,expanding,huber,0.0
e1,MSFT,63,14,best_recent,expanding,pls,1.0
e1,MSFT,63,14,best_recent,expanding,lgbm_reg,0.0
e1,MSFT,63,14,best_recent,expanding,xgb,0.0
e1,MSFT,63,0,best_recent,last3,elasticnet,0.2
e1,MSFT,63,0,best_recent,last3,huber,0.2
e1,MSFT,63,0,best_recent,last3,pls,0.2
e1,MSFT,63,0,best_recent,last3,lgbm_reg,0.2
e1,MSFT,63,0,best_recent,last3,xgb,0.2
e1,MSFT,63,1,best_recent,last3,elasticnet,0.0
e1,MSFT,63,1,best_recent,last3,huber,0.0
e1,MSFT,63,1,best_recent,last3,pls,0.0
e1,MSFT,63,1,best_recent,last3,lgbm_reg,1.0
e1,MSFT,63,1,best_recent,last3,xgb,0.0
e1,MSFT,63,2,best_recent,last3,elasticnet,0.0
e1,MSFT,63,2,best_recent,last3,huber,0.0
e1,MSFT,63,2,best_recent,last3,pls,0.0
e1,MSFT,63,2,best_recent,last3,lgbm_reg,1.0
e1,MSFT,63,2,best_recent,last3,xgb,0.0
e1,MSFT,63,3,best_recent,last3,elasticnet,0.0
e1,MSFT,63,3,best_recent,last3,huber,0.0
e1,MSFT,63,3,best_recent,last3,pls,1.0
e1,MSFT,63,3,best_recent,last3,lgbm_reg,0.0
e1,MSFT,63,3,best_recent,last3,xgb,0.0
e1,MSFT,63,4,best_recent,last3,elasticnet,0.0
e1,MSFT,63,4,best_recent,last3,huber,0.0
e1,MSFT,63,4,best_recent,last3,pls,1.0
e1,MSFT,63,4,best_recent,last3,lgbm_reg,0.0
e1,MSFT,63,4,best_recent,last3,xgb,0.0
e1,MSFT,63,5,best_recent,last3,elasticnet,0.0
e1,MSFT,63,5,best_recent,last3,huber,0.0
e1,MSFT,63,5,best_recent,last3,pls,1.0
e1,MSFT,63,5,best_recent,last3,lgbm_reg,0.0
e1,MSFT,63,5,best_recent,last3,xgb,0.0
e1,MSFT,63,6,best_recent,last3,elasticnet,1.0
e1,MSFT,63,6,best_recent,last3,huber,0.0
e1,MSFT,63,6,best_recent,last3,pls,0.0
e1,MSFT,63,6,best_recent,last3,lgbm_reg,0.0
e1,MSFT,63,6,best_recent,last3,xgb,0.0
e1,MSFT,63,7,best_recent,last3,elasticnet,1.0
e1,MSFT,63,7,best_recent,last3,huber,0.0
e1,MSFT,63,7,best_recent,last3,pls,0.0
e1,MSFT,63,7,best_recent,last3,lgbm_reg,0.0
e1,MSFT,63,7,best_recent,last3,xgb,0.0
e1,MSFT,63,8,best_recent,last3,elasticnet,0.0
e1,MSFT,63,8,best_recent,last3,huber,0.0
e1,MSFT,63,8,best_recent,last3,pls,1.0
e1,MSFT,63,8,best_recent,last3,lgbm_reg,0.0
e1,MSFT,63,8,best_recent,last3,xgb,0.0
e1,MSFT,63,9,best_recent,last3,elasticnet,0.0
e1,MSFT,63,9,best_recent,last3,huber,0.0
e1,MSFT,63,9,best_recent,last3,pls,1.0
e1,MSFT,63,9,best_recent,last3,lgbm_reg,0.0
e1,MSFT,63,9,best_recent,last3,xgb,0.0
e1,MSFT,63,10,best_recent,last3,elasticnet,0.0
e1,MSFT,63,10,best_recent,last3,huber,0.0
e1,MSFT,63,10,best_recent,last3,pls,1.0
e1,MSFT,63,10,best_recent,last3,lgbm_reg,0.0
e1,MSFT,63,10,best_recent,last3,xgb,0.0
e1,MSFT,63,11,best_recent,last3,elasticnet,0.0
e1,MSFT,63,11,best_recent,last3,huber,0.0
e1,MSFT,63,11,best_recent,last3,pls,1.0
e1,MSFT,63,11,best_recent,last3,lgbm_reg,0.0
e1,MSFT,63,11,best_recent,last3,xgb,0.0
e1,MSFT,63,12,best_recent,last3,elasticnet,0.0
e1,MSFT,63,12,best_recent,last3,huber,1.0
e1,MSFT,63,12,best_recent,last3,pls,0.0
e1,MSFT,63,12,best_recent,last3,lgbm_reg,0.0
e1,MSFT,63,12,best_recent,last3,xgb,0.0
e1,MSFT,63,13,best_recent,last3,elasticnet,0.0
e1,MSFT,63,13,best_recent,last3,huber,0.0
e1,MSFT,63,13,best_recent,last3,pls,1.0
e1,MSFT,63,13,best_recent,last3,lgbm_reg,0.0
e1,MSFT,63,13,best_recent,last3,xgb,0.0
e1,MSFT,63,14,best_recent,last3,elasticnet,0.0
e1,MSFT,63,14,best_recent,last3,huber,0.0
e1,MSFT,63,14,best_recent,last3,pls,1.0
e1,MSFT,63,14,best_recent,last3,lgbm_reg,0.0
e1,MSFT,63,14,best_recent,last3,xgb,0.0
e2,AAPL,5,0,equal,expanding,elasticnet@market,0.1
e2,AAPL,5,0,equal,expanding,elasticnet@sent,0.1
e2,AAPL,5,0,equal,expanding,huber@market,0.1
e2,AAPL,5,0,equal,expanding,huber@sent,0.1
e2,AAPL,5,0,equal,expanding,lgbm_reg@market,0.1
e2,AAPL,5,0,equal,expanding,lgbm_reg@sent,0.1
e2,AAPL,5,0,equal,expanding,pls@market,0.1
e2,AAPL,5,0,equal,expanding,pls@sent,0.1
e2,AAPL,5,0,equal,expanding,xgb@market,0.1
e2,AAPL,5,0,equal,expanding,xgb@sent,0.1
e2,AAPL,5,1,equal,expanding,elasticnet@market,0.1
e2,AAPL,5,1,equal,expanding,elasticnet@sent,0.1
e2,AAPL,5,1,equal,expanding,huber@market,0.1
e2,AAPL,5,1,equal,expanding,huber@sent,0.1
e2,AAPL,5,1,equal,expanding,lgbm_reg@market,0.1
e2,AAPL,5,1,equal,expanding,lgbm_reg@sent,0.1
e2,AAPL,5,1,equal,expanding,pls@market,0.1
e2,AAPL,5,1,equal,expanding,pls@sent,0.1
e2,AAPL,5,1,equal,expanding,xgb@market,0.1
e2,AAPL,5,1,equal,expanding,xgb@sent,0.1
e2,AAPL,5,2,equal,expanding,elasticnet@market,0.1
e2,AAPL,5,2,equal,expanding,elasticnet@sent,0.1
e2,AAPL,5,2,equal,expanding,huber@market,0.1
e2,AAPL,5,2,equal,expanding,huber@sent,0.1
e2,AAPL,5,2,equal,expanding,lgbm_reg@market,0.1
e2,AAPL,5,2,equal,expanding,lgbm_reg@sent,0.1
e2,AAPL,5,2,equal,expanding,pls@market,0.1
e2,AAPL,5,2,equal,expanding,pls@sent,0.1
e2,AAPL,5,2,equal,expanding,xgb@market,0.1
e2,AAPL,5,2,equal,expanding,xgb@sent,0.1
e2,AAPL,5,3,equal,expanding,elasticnet@market,0.1
e2,AAPL,5,3,equal,expanding,elasticnet@sent,0.1
e2,AAPL,5,3,equal,expanding,huber@market,0.1
e2,AAPL,5,3,equal,expanding,huber@sent,0.1
e2,AAPL,5,3,equal,expanding,lgbm_reg@market,0.1
e2,AAPL,5,3,equal,expanding,lgbm_reg@sent,0.1
e2,AAPL,5,3,equal,expanding,pls@market,0.1
e2,AAPL,5,3,equal,expanding,pls@sent,0.1
e2,AAPL,5,3,equal,expanding,xgb@market,0.1
e2,AAPL,5,3,equal,expanding,xgb@sent,0.1
e2,AAPL,5,4,equal,expanding,elasticnet@market,0.1
e2,AAPL,5,4,equal,expanding,elasticnet@sent,0.1
e2,AAPL,5,4,equal,expanding,huber@market,0.1
e2,AAPL,5,4,equal,expanding,huber@sent,0.1
e2,AAPL,5,4,equal,expanding,lgbm_reg@market,0.1
e2,AAPL,5,4,equal,expanding,lgbm_reg@sent,0.1
e2,AAPL,5,4,equal,expanding,pls@market,0.1
e2,AAPL,5,4,equal,expanding,pls@sent,0.1
e2,AAPL,5,4,equal,expanding,xgb@market,0.1
e2,AAPL,5,4,equal,expanding,xgb@sent,0.1
e2,AAPL,5,5,equal,expanding,elasticnet@market,0.1
e2,AAPL,5,5,equal,expanding,elasticnet@sent,0.1
e2,AAPL,5,5,equal,expanding,huber@market,0.1
e2,AAPL,5,5,equal,expanding,huber@sent,0.1
e2,AAPL,5,5,equal,expanding,lgbm_reg@market,0.1
e2,AAPL,5,5,equal,expanding,lgbm_reg@sent,0.1
e2,AAPL,5,5,equal,expanding,pls@market,0.1
e2,AAPL,5,5,equal,expanding,pls@sent,0.1
e2,AAPL,5,5,equal,expanding,xgb@market,0.1
e2,AAPL,5,5,equal,expanding,xgb@sent,0.1
e2,AAPL,5,0,inv_mae,expanding,elasticnet@market,0.1
e2,AAPL,5,0,inv_mae,expanding,elasticnet@sent,0.1
e2,AAPL,5,0,inv_mae,expanding,huber@market,0.1
e2,AAPL,5,0,inv_mae,expanding,huber@sent,0.1
e2,AAPL,5,0,inv_mae,expanding,lgbm_reg@market,0.1
e2,AAPL,5,0,inv_mae,expanding,lgbm_reg@sent,0.1
e2,AAPL,5,0,inv_mae,expanding,pls@market,0.1
e2,AAPL,5,0,inv_mae,expanding,pls@sent,0.1
e2,AAPL,5,0,inv_mae,expanding,xgb@market,0.1
e2,AAPL,5,0,inv_mae,expanding,xgb@sent,0.1
e2,AAPL,5,1,inv_mae,expanding,elasticnet@market,0.09337480475781479
e2,AAPL,5,1,inv_mae,expanding,elasticnet@sent,0.09116037530313958
e2,AAPL,5,1,inv_mae,expanding,huber@market,0.08262693788348507
e2,AAPL,5,1,inv_mae,expanding,huber@sent,0.09627344110325063
e2,AAPL,5,1,inv_mae,expanding,lgbm_reg@market,0.108787846971678
e2,AAPL,5,1,inv_mae,expanding,lgbm_reg@sent,0.10970190010483964
e2,AAPL,5,1,inv_mae,expanding,pls@market,0.10496531795984877
e2,AAPL,5,1,inv_mae,expanding,pls@sent,0.10418999007775687
e2,AAPL,5,1,inv_mae,expanding,xgb@market,0.10184867878594839
e2,AAPL,5,1,inv_mae,expanding,xgb@sent,0.10707070705223827
e2,AAPL,5,2,inv_mae,expanding,elasticnet@market,0.10041876520000546
e2,AAPL,5,2,inv_mae,expanding,elasticnet@sent,0.08942204256528723
e2,AAPL,5,2,inv_mae,expanding,huber@market,0.09228398751214074
e2,AAPL,5,2,inv_mae,expanding,huber@sent,0.09012339844702703
e2,AAPL,5,2,inv_mae,expanding,lgbm_reg@market,0.10673748848854564
e2,AAPL,5,2,inv_mae,expanding,lgbm_reg@sent,0.10587462565609317
e2,AAPL,5,2,inv_mae,expanding,pls@market,0.10963878155207693
e2,AAPL,5,2,inv_mae,expanding,pls@sent,0.1082575076356879
e2,AAPL,5,2,inv_mae,expanding,xgb@market,0.09737999526290521
e2,AAPL,5,2,inv_mae,expanding,xgb@sent,0.0998634076802308
e2,AAPL,5,3,inv_mae,expanding,elasticnet@market,0.09931669203828503
e2,AAPL,5,3,inv_mae,expanding,elasticnet@sent,0.09408287139018977
e2,AAPL,5,3,inv_mae,expanding,huber@market,0.09346755034689147
e2,AAPL,5,3,inv_mae,expanding,huber@sent,0.09374784056361767
e2,AAPL,5,3,inv_mae,expanding,lgbm_reg@market,0.10430761090222279
e2,AAPL,5,3,inv_mae,expanding,lgbm_reg@sent,0.10681938192406878
e2,AAPL,5,3,inv_mae,expanding,pls@market,0.10608799345076245
e2,AAPL,5,3,inv_mae,expanding,pls@sent,0.10720635086207901
e2,AAPL,5,3,inv_mae,expanding,xgb@market,0.09502191165934826
e2,AAPL,5,3,inv_mae,expanding,xgb@sent,0.09994179686253492
e2,AAPL,5,4,inv_mae,expanding,elasticnet@market,0.10021904592018069
e2,AAPL,5,4,inv_mae,expanding,elasticnet@sent,0.09592400358579138
e2,AAPL,5,4,inv_mae,expanding,huber@market,0.09388754488382364
e2,AAPL,5,4,inv_mae,expanding,huber@sent,0.09448871568990524
e2,AAPL,5,4,inv_mae,expanding,lgbm_reg@market,0.10437006441259727
e2,AAPL,5,4,inv_mae,expanding,lgbm_reg@sent,0.1048848025832028
e2,AAPL,5,4,inv_mae,expanding,pls@market,0.1060813575561668
e2,AAPL,5,4,inv_mae,expanding,pls@sent,0.10603479093012112
e2,AAPL,5,4,inv_mae,expanding,xgb@market,0.09635610639810287
e2,AAPL,5,4,inv_mae,expanding,xgb@sent,0.09775356804010814
e2,AAPL,5,5,inv_mae,expanding,elasticnet@market,0.10028876448419162
e2,AAPL,5,5,inv_mae,expanding,elasticnet@sent,0.09597685728755537
e2,AAPL,5,5,inv_mae,expanding,huber@market,0.09401812685216276
e2,AAPL,5,5,inv_mae,expanding,huber@sent,0.09377015774346388
e2,AAPL,5,5,inv_mae,expanding,lgbm_reg@market,0.10576283493140101
e2,AAPL,5,5,inv_mae,expanding,lgbm_reg@sent,0.10598353761830058
e2,AAPL,5,5,inv_mae,expanding,pls@market,0.10587695439177935
e2,AAPL,5,5,inv_mae,expanding,pls@sent,0.105049610013877
e2,AAPL,5,5,inv_mae,expanding,xgb@market,0.09581732571901828
e2,AAPL,5,5,inv_mae,expanding,xgb@sent,0.09745583095824999
e2,AAPL,5,0,inv_mae,last3,elasticnet@market,0.1
e2,AAPL,5,0,inv_mae,last3,elasticnet@sent,0.1
e2,AAPL,5,0,inv_mae,last3,huber@market,0.1
e2,AAPL,5,0,inv_mae,last3,huber@sent,0.1
e2,AAPL,5,0,inv_mae,last3,lgbm_reg@market,0.1
e2,AAPL,5,0,inv_mae,last3,lgbm_reg@sent,0.1
e2,AAPL,5,0,inv_mae,last3,pls@market,0.1
e2,AAPL,5,0,inv_mae,last3,pls@sent,0.1
e2,AAPL,5,0,inv_mae,last3,xgb@market,0.1
e2,AAPL,5,0,inv_mae,last3,xgb@sent,0.1
e2,AAPL,5,1,inv_mae,last3,elasticnet@market,0.09337480475781479
e2,AAPL,5,1,inv_mae,last3,elasticnet@sent,0.09116037530313958
e2,AAPL,5,1,inv_mae,last3,huber@market,0.08262693788348507
e2,AAPL,5,1,inv_mae,last3,huber@sent,0.09627344110325063
e2,AAPL,5,1,inv_mae,last3,lgbm_reg@market,0.108787846971678
e2,AAPL,5,1,inv_mae,last3,lgbm_reg@sent,0.10970190010483964
e2,AAPL,5,1,inv_mae,last3,pls@market,0.10496531795984877
e2,AAPL,5,1,inv_mae,last3,pls@sent,0.10418999007775687
e2,AAPL,5,1,inv_mae,last3,xgb@market,0.10184867878594839
e2,AAPL,5,1,inv_mae,last3,xgb@sent,0.10707070705223827
e2,AAPL,5,2,inv_mae,last3,elasticnet@market,0.10041876520000546
e2,AAPL,5,2,inv_mae,last3,elasticnet@sent,0.08942204256528723
e2,AAPL,5,2,inv_mae,last3,huber@market,0.09228398751214074
e2,AAPL,5,2,inv_mae,last3,huber@sent,0.09012339844702703
e2,AAPL,5,2,inv_mae,last3,lgbm_reg@market,0.10673748848854564
e2,AAPL,5,2,inv_mae,last3,lgbm_reg@sent,0.10587462565609317
e2,AAPL,5,2,inv_mae,last3,pls@market,0.10963878155207693
e2,AAPL,5,2,inv_mae,last3,pls@sent,0.1082575076356879
e2,AAPL,5,2,inv_mae,last3,xgb@market,0.09737999526290521
e2,AAPL,5,2,inv_mae,last3,xgb@sent,0.0998634076802308
e2,AAPL,5,3,inv_mae,last3,elasticnet@market,0.09931669203828503
e2,AAPL,5,3,inv_mae,last3,elasticnet@sent,0.09408287139018977
e2,AAPL,5,3,inv_mae,last3,huber@market,0.09346755034689147
e2,AAPL,5,3,inv_mae,last3,huber@sent,0.09374784056361767
e2,AAPL,5,3,inv_mae,last3,lgbm_reg@market,0.10430761090222279
e2,AAPL,5,3,inv_mae,last3,lgbm_reg@sent,0.10681938192406878
e2,AAPL,5,3,inv_mae,last3,pls@market,0.10608799345076245
e2,AAPL,5,3,inv_mae,last3,pls@sent,0.10720635086207901
e2,AAPL,5,3,inv_mae,last3,xgb@market,0.09502191165934826
e2,AAPL,5,3,inv_mae,last3,xgb@sent,0.09994179686253492
e2,AAPL,5,4,inv_mae,last3,elasticnet@market,0.10340934592331308
e2,AAPL,5,4,inv_mae,last3,elasticnet@sent,0.0980602645384249
e2,AAPL,5,4,inv_mae,last3,huber@market,0.09954732312760489
e2,AAPL,5,4,inv_mae,last3,huber@sent,0.09353041734035954
e2,AAPL,5,4,inv_mae,last3,lgbm_reg@market,0.10224822439877851
e2,AAPL,5,4,inv_mae,last3,lgbm_reg@sent,0.10259226577678504
e2,AAPL,5,4,inv_mae,last3,pls@market,0.10642726194989752
e2,AAPL,5,4,inv_mae,last3,pls@sent,0.10672407811382065
e2,AAPL,5,4,inv_mae,last3,xgb@market,0.09380276090638634
e2,AAPL,5,4,inv_mae,last3,xgb@sent,0.09365805792462953
e2,AAPL,5,5,inv_mae,last3,elasticnet@market,0.10010383459166125
e2,AAPL,5,5,inv_mae,last3,elasticnet@sent,0.10138458895584995
e2,AAPL,5,5,inv_mae,last3,huber@market,0.09530882620360046
e2,AAPL,5,5,inv_mae,last3,huber@sent,0.09664033648244653
e2,AAPL,5,5,inv_mae,last3,lgbm_reg@market,0.10492719266534381
e2,AAPL,5,5,inv_mae,last3,lgbm_reg@sent,0.10597863078852936
e2,AAPL,5,5,inv_mae,last3,pls@market,0.1029871442288788
e2,AAPL,5,5,inv_mae,last3,pls@sent,0.1025601201508703
e2,AAPL,5,5,inv_mae,last3,xgb@market,0.09454890415365061
e2,AAPL,5,5,inv_mae,last3,xgb@sent,0.09556042177916894
e2,AAPL,5,0,mae_da,expanding,elasticnet@market,0.1
e2,AAPL,5,0,mae_da,expanding,elasticnet@sent,0.1
e2,AAPL,5,0,mae_da,expanding,huber@market,0.1
e2,AAPL,5,0,mae_da,expanding,huber@sent,0.1
e2,AAPL,5,0,mae_da,expanding,lgbm_reg@market,0.1
e2,AAPL,5,0,mae_da,expanding,lgbm_reg@sent,0.1
e2,AAPL,5,0,mae_da,expanding,pls@market,0.1
e2,AAPL,5,0,mae_da,expanding,pls@sent,0.1
e2,AAPL,5,0,mae_da,expanding,xgb@market,0.1
e2,AAPL,5,0,mae_da,expanding,xgb@sent,0.1
e2,AAPL,5,1,mae_da,expanding,elasticnet@market,0.003199184277412207
e2,AAPL,5,1,mae_da,expanding,elasticnet@sent,0.0027809080095099223
e2,AAPL,5,1,mae_da,expanding,huber@market,0.0030374143019152922
e2,AAPL,5,1,mae_da,expanding,huber@sent,0.020895699758111088
e2,AAPL,5,1,mae_da,expanding,lgbm_reg@market,0.5044311850545223
e2,AAPL,5,1,mae_da,expanding,lgbm_reg@sent,0.2769357342612294
e2,AAPL,5,1,mae_da,expanding,pls@market,0.055805590252800304
e2,AAPL,5,1,mae_da,expanding,pls@sent,0.07779777455434182
e2,AAPL,5,1,mae_da,expanding,xgb@market,0.0150570264346088
e2,AAPL,5,1,mae_da,expanding,xgb@sent,0.04005948309554889
e2,AAPL,5,2,mae_da,expanding,elasticnet@market,0.014570401298372464
e2,AAPL,5,2,mae_da,expanding,elasticnet@sent,0.0019778444369940415
e2,AAPL,5,2,mae_da,expanding,huber@market,0.011298649560445495
e2,AAPL,5,2,mae_da,expanding,huber@sent,0.0034934005602684577
e2,AAPL,5,2,mae_da,expanding,lgbm_reg@market,0.38604656893399364
e2,AAPL,5,2,mae_da,expanding,lgbm_reg@sent,0.0694769001496818
e2,AAPL,5,2,mae_da,expanding,pls@market,0.35022090901738645
e2,AAPL,5,2,mae_da,expanding,pls@sent,0.14843895003963362
e2,AAPL,5,2,mae_da,expanding,xgb@market,0.00818940954679042
e2,AAPL,5,2,mae_da,expanding,xgb@sent,0.006286966456433679
e2,AAPL,5,3,mae_da,expanding,elasticnet@market,0.013162407454694732
e2,AAPL,5,3,mae_da,expanding,elasticnet@sent,0.005205776447335004
e2,AAPL,5,3,mae_da,expanding,huber@market,0.005369305045219459
e2,AAPL,5,3,mae_da,expanding,huber@sent,0.0038679262108817216
e2,AAPL,5,3,mae_da,expanding,lgbm_reg@market,0.2569401502503111
e2,AAPL,5,3,mae_da,expanding,lgbm_reg@sent,0.1350372626812048
e2,AAPL,5,3,mae_da,expanding,pls@market,0.3235877924156046
e2,AAPL,5,3,mae_da,expanding,pls@sent,0.2467869875896979
e2,AAPL,5,3,mae_da,expanding,xgb@market,0.0053733496772409555
e2,AAPL,5,3,mae_da,expanding,xgb@sent,0.004669042227809674
e2,AAPL,5,4,mae_da,expanding,elasticnet@market,0.028556749306861678
e2,AAPL,5,4,mae_da,expanding,elasticnet@sent,0.0074464647158890805
e2,AAPL,5,4,mae_da,expanding,huber@market,0.005435962060855614
e2,AAPL,5,4,mae_da,expanding,huber@sent,0.0025282449846179542
e2,AAPL,5,4,mae_da,expanding,lgbm_reg@market,0.30576277481909464
e2,AAPL,5,4,mae_da,expanding,lgbm_reg@sent,0.06149776229406875
e2,AAPL,5,4,mae_da,expanding,pls@market,0.4311909074751998
e2,AAPL,5,4,mae_da,expanding,pls@sent,0.148767652075312
e2,AAPL,5,4,mae_da,expanding,xgb@market,0.006070870824297854
e2,AAPL,5,4,mae_da,expanding,xgb@sent,0.002742611443802428
e2,AAPL,5,5,mae_da,expanding,elasticnet@market,0.04281550050278886
e2,AAPL,5,5,mae_da,expanding,elasticnet@sent,0.008045001573172563
e2,AAPL,5,5,mae_da,expanding,huber@market,0.004337798554293745
e2,AAPL,5,5,mae_da,expanding,huber@sent,0.0028969364812005513
e2,AAPL,5,5,mae_da,expanding,lgbm_reg@market,0.2820182744905984
e2,AAPL,5,5,mae_da,expanding,lgbm_reg@sent,0.0954061571135838
e2,AAPL,5,5,mae_da,expanding,pls@market,0.4086402288414826
e2,AAPL,5,5,mae_da,expanding,pls@sent,0.14870773859541694
e2,AAPL,5,5,mae_da,expanding,xgb@market,0.00451589426016823
e2,AAPL,5,5,mae_da,expanding,xgb@sent,0.002616469587294259
e2,AAPL,5,0,mae_da,last3,elasticnet@market,0.1
e2,AAPL,5,0,mae_da,last3,elasticnet@sent,0.1
e2,AAPL,5,0,mae_da,last3,huber@market,0.1
e2,AAPL,5,0,mae_da,last3,huber@sent,0.1
e2,AAPL,5,0,mae_da,last3,lgbm_reg@market,0.1
e2,AAPL,5,0,mae_da,last3,lgbm_reg@sent,0.1
e2,AAPL,5,0,mae_da,last3,pls@market,0.1
e2,AAPL,5,0,mae_da,last3,pls@sent,0.1
e2,AAPL,5,0,mae_da,last3,xgb@market,0.1
e2,AAPL,5,0,mae_da,last3,xgb@sent,0.1
e2,AAPL,5,1,mae_da,last3,elasticnet@market,0.003199184277412207
e2,AAPL,5,1,mae_da,last3,elasticnet@sent,0.0027809080095099223
e2,AAPL,5,1,mae_da,last3,huber@market,0.0030374143019152922
e2,AAPL,5,1,mae_da,last3,huber@sent,0.020895699758111088
e2,AAPL,5,1,mae_da,last3,lgbm_reg@market,0.5044311850545223
e2,AAPL,5,1,mae_da,last3,lgbm_reg@sent,0.2769357342612294
e2,AAPL,5,1,mae_da,last3,pls@market,0.055805590252800304
e2,AAPL,5,1,mae_da,last3,pls@sent,0.07779777455434182
e2,AAPL,5,1,mae_da,last3,xgb@market,0.0150570264346088
e2,AAPL,5,1,mae_da,last3,xgb@sent,0.04005948309554889
e2,AAPL,5,2,mae_da,last3,elasticnet@market,0.014570401298372464
e2,AAPL,5,2,mae_da,last3,elasticnet@sent,0.0019778444369940415
e2,AAPL,5,2,mae_da,last3,huber@market,0.011298649560445495
e2,AAPL,5,2,mae_da,last3,huber@sent,0.0034934005602684577
e2,AAPL,5,2,mae_da,last3,lgbm_reg@market,0.38604656893399364
e2,AAPL,5,2,mae_da,last3,lgbm_reg@sent,0.0694769001496818
e2,AAPL,5,2,mae_da,last3,pls@market,0.35022090901738645
e2,AAPL,5,2,mae_da,last3,pls@sent,0.14843895003963362
e2,AAPL,5,2,mae_da,last3,xgb@market,0.00818940954679042
e2,AAPL,5,2,mae_da,last3,xgb@sent,0.006286966456433679
e2,AAPL,5,3,mae_da,last3,elasticnet@market,0.013162407454694732
e2,AAPL,5,3,mae_da,last3,elasticnet@sent,0.005205776447335004
e2,AAPL,5,3,mae_da,last3,huber@market,0.005369305045219459
e2,AAPL,5,3,mae_da,last3,huber@sent,0.0038679262108817216
e2,AAPL,5,3,mae_da,last3,lgbm_reg@market,0.2569401502503111
e2,AAPL,5,3,mae_da,last3,lgbm_reg@sent,0.1350372626812048
e2,AAPL,5,3,mae_da,last3,pls@market,0.3235877924156046
e2,AAPL,5,3,mae_da,last3,pls@sent,0.2467869875896979
e2,AAPL,5,3,mae_da,last3,xgb@market,0.0053733496772409555
e2,AAPL,5,3,mae_da,last3,xgb@sent,0.004669042227809674
e2,AAPL,5,4,mae_da,last3,elasticnet@market,0.10496146085390397
e2,AAPL,5,4,mae_da,last3,elasticnet@sent,0.021181289987840607
e2,AAPL,5,4,mae_da,last3,huber@market,0.020538587461023456
e2,AAPL,5,4,mae_da,last3,huber@sent,0.0019166852474788092
e2,AAPL,5,4,mae_da,last3,lgbm_reg@market,0.11723316060971939
e2,AAPL,5,4,mae_da,last3,lgbm_reg@sent,0.024167923199035796
e2,AAPL,5,4,mae_da,last3,pls@market,0.5539083750042912
e2,AAPL,5,4,mae_da,last3,pls@sent,0.14985481586088295
e2,AAPL,5,4,mae_da,last3,xgb@market,0.005055102991244251
e2,AAPL,5,4,mae_da,last3,xgb@sent,0.001182598784579592
e2,AAPL,5,5,mae_da,last3,elasticnet@market,0.12210520672966987
e2,AAPL,5,5,mae_da,last3,elasticnet@sent,0.06599244925803364
e2,AAPL,5,5,mae_da,last3,huber@market,0.003576992687213503
e2,AAPL,5,5,mae_da,last3,huber@sent,0.005745632771933867
e2,AAPL,5,5,mae_da,last3,lgbm_reg@market,0.19799077414624539
e2,AAPL,5,5,mae_da,last3,lgbm_reg@sent,0.15395474491427602
e2,AAPL,5,5,mae_da,last3,pls@market,0.31704858781758216
e2,AAPL,5,5,mae_da,last3,pls@sent,0.1275453752671178
e2,AAPL,5,5,mae_da,last3,xgb@market,0.003986218652492955
e2,AAPL,5,5,mae_da,last3,xgb@sent,0.0020540177554348596
e2,AAPL,5,0,softmax_ic,expanding,elasticnet@market,0.1
e2,AAPL,5,0,softmax_ic,expanding,elasticnet@sent,0.1
e2,AAPL,5,0,softmax_ic,expanding,huber@market,0.1
e2,AAPL,5,0,softmax_ic,expanding,huber@sent,0.1
e2,AAPL,5,0,softmax_ic,expanding,lgbm_reg@market,0.1
e2,AAPL,5,0,softmax_ic,expanding,lgbm_reg@sent,0.1
e2,AAPL,5,0,softmax_ic,expanding,pls@market,0.1
e2,AAPL,5,0,softmax_ic,expanding,pls@sent,0.1
e2,AAPL,5,0,softmax_ic,expanding,xgb@market,0.1
e2,AAPL,5,0,softmax_ic,expanding,xgb@sent,0.1
e2,AAPL,5,1,softmax_ic,expanding,elasticnet@market,0.00401239387216475
e2,AAPL,5,1,softmax_ic,expanding,elasticnet@sent,0.0040247488412094926
e2,AAPL,5,1,softmax_ic,expanding,huber@market,0.011176536002978502
e2,AAPL,5,1,softmax_ic,expanding,huber@sent,0.03451408012565843
e2,AAPL,5,1,softmax_ic,expanding,lgbm_reg@market,0.5211483587546563
e2,AAPL,5,1,softmax_ic,expanding,lgbm_reg@sent,0.34528517439585815
e2,AAPL,5,1,softmax_ic,expanding,pls@market,0.025030065004580142
e2,AAPL,5,1,softmax_ic,expanding,pls@sent,0.02285279382690435
e2,AAPL,5,1,softmax_ic,expanding,xgb@market,0.010162789475467345
e2,AAPL,5,1,softmax_ic,expanding,xgb@sent,0.021793059700522692
e2,AAPL,5,2,softmax_ic,expanding,elasticnet@market,0.030114776087478198
e2,AAPL,5,2,softmax_ic,expanding,elasticnet@sent,0.024992034304932697
e2,AAPL,5,2,softmax_ic,expanding,huber@market,0.06509012407442313
e2,AAPL,5,2,softmax_ic,expanding,huber@sent,0.11752476479885715
e2,AAPL,5,2,softmax_ic,expanding,lgbm_reg@market,0.04503595862050105
e2,AAPL,5,2,softmax_ic,expanding,lgbm_reg@sent,0.20320001585373137
e2,AAPL,5,2,softmax_ic,expanding,pls@market,0.1739876572595575
e2,AAPL,5,2,softmax_ic,expanding,pls@sent,0.26620151184222424
e2,AAPL,5,2,softmax_ic,expanding,xgb@market,0.01660268837186846
e2,AAPL,5,2,softmax_ic,expanding,xgb@sent,0.05725046878642625
e2,AAPL,5,3,softmax_ic,expanding,elasticnet@market,0.032565233965997135
e2,AAPL,5,3,softmax_ic,expanding,elasticnet@sent,0.029919967159999197
e2,AAPL,5,3,softmax_ic,expanding,huber@market,0.05105436138165089
e2,AAPL,5,3,softmax_ic,expanding,huber@sent,0.1109167365356585
e2,AAPL,5,3,softmax_ic,expanding,lgbm_reg@market,0.06338109895922575
e2,AAPL,5,3,softmax_ic,expanding,lgbm_reg@sent,0.21415666250957885
e2,AAPL,5,3,softmax_ic,expanding,pls@market,0.15833445787543737
e2,AAPL,5,3,softmax_ic,expanding,pls@sent,0.25005381991627007
e2,AAPL,5,3,softmax_ic,expanding,xgb@market,0.026831606002946855
e2,AAPL,5,3,softmax_ic,expanding,xgb@sent,0.06278605569323552
e2,AAPL,5,4,softmax_ic,expanding,elasticnet@market,0.039951117329115986
e2,AAPL,5,4,softmax_ic,expanding,elasticnet@sent,0.060664589787384406
e2,AAPL,5,4,softmax_ic,expanding,huber@market,0.042342572974705284
e2,AAPL,5,4,softmax_ic,expanding,huber@sent,0.11946970177195095
e2,AAPL,5,4,softmax_ic,expanding,lgbm_reg@market,0.07448017950041991
e2,AAPL,5,4,softmax_ic,expanding,lgbm_reg@sent,0.18251698396317972
e2,AAPL,5,4,softmax_ic,expanding,pls@market,0.12475180344643295
e2,AAPL,5,4,softmax_ic,expanding,pls@sent,0.2521038503302564
e2,AAPL,5,4,softmax_ic,expanding,xgb@market,0.044108310380155086
e2,AAPL,5,4,softmax_ic,expanding,xgb@sent,0.059610890516399236
e2,AAPL,5,5,softmax_ic,expanding,elasticnet@market,0.04595335534837438
e2,AAPL,5,5,softmax_ic,expanding,elasticnet@sent,0.05128177940287994
e2,AAPL,5,5,softmax_ic,expanding,huber@market,0.03472725518214452
e2,AAPL,5,5,softmax_ic,expanding,huber@sent,0.06812238481634378
e2,AAPL,5,5,softmax_ic,expanding,lgbm_reg@market,0.12481914884826488
e2,AAPL,5,5,softmax_ic,expanding,lgbm_reg@sent,0.24338304527623608
e2,AAPL,5,5,softmax_ic,expanding,pls@market,0.1365549698558345
e2,AAPL,5,5,softmax_ic,expanding,pls@sent,0.1850411495910564
e2,AAPL,5,5,softmax_ic,expanding,xgb@market,0.048864306529961356
e2,AAPL,5,5,softmax_ic,expanding,xgb@sent,0.06125260514890412
e2,AAPL,5,0,softmax_ic,last3,elasticnet@market,0.1
e2,AAPL,5,0,softmax_ic,last3,elasticnet@sent,0.1
e2,AAPL,5,0,softmax_ic,last3,huber@market,0.1
e2,AAPL,5,0,softmax_ic,last3,huber@sent,0.1
e2,AAPL,5,0,softmax_ic,last3,lgbm_reg@market,0.1
e2,AAPL,5,0,softmax_ic,last3,lgbm_reg@sent,0.1
e2,AAPL,5,0,softmax_ic,last3,pls@market,0.1
e2,AAPL,5,0,softmax_ic,last3,pls@sent,0.1
e2,AAPL,5,0,softmax_ic,last3,xgb@market,0.1
e2,AAPL,5,0,softmax_ic,last3,xgb@sent,0.1
e2,AAPL,5,1,softmax_ic,last3,elasticnet@market,0.00401239387216475
e2,AAPL,5,1,softmax_ic,last3,elasticnet@sent,0.0040247488412094926
e2,AAPL,5,1,softmax_ic,last3,huber@market,0.011176536002978502
e2,AAPL,5,1,softmax_ic,last3,huber@sent,0.03451408012565843
e2,AAPL,5,1,softmax_ic,last3,lgbm_reg@market,0.5211483587546563
e2,AAPL,5,1,softmax_ic,last3,lgbm_reg@sent,0.34528517439585815
e2,AAPL,5,1,softmax_ic,last3,pls@market,0.025030065004580142
e2,AAPL,5,1,softmax_ic,last3,pls@sent,0.02285279382690435
e2,AAPL,5,1,softmax_ic,last3,xgb@market,0.010162789475467345
e2,AAPL,5,1,softmax_ic,last3,xgb@sent,0.021793059700522692
e2,AAPL,5,2,softmax_ic,last3,elasticnet@market,0.030114776087478198
e2,AAPL,5,2,softmax_ic,last3,elasticnet@sent,0.024992034304932697
e2,AAPL,5,2,softmax_ic,last3,huber@market,0.06509012407442313
e2,AAPL,5,2,softmax_ic,last3,huber@sent,0.11752476479885715
e2,AAPL,5,2,softmax_ic,last3,lgbm_reg@market,0.04503595862050105
e2,AAPL,5,2,softmax_ic,last3,lgbm_reg@sent,0.20320001585373137
e2,AAPL,5,2,softmax_ic,last3,pls@market,0.1739876572595575
e2,AAPL,5,2,softmax_ic,last3,pls@sent,0.26620151184222424
e2,AAPL,5,2,softmax_ic,last3,xgb@market,0.01660268837186846
e2,AAPL,5,2,softmax_ic,last3,xgb@sent,0.05725046878642625
e2,AAPL,5,3,softmax_ic,last3,elasticnet@market,0.032565233965997135
e2,AAPL,5,3,softmax_ic,last3,elasticnet@sent,0.029919967159999197
e2,AAPL,5,3,softmax_ic,last3,huber@market,0.05105436138165089
e2,AAPL,5,3,softmax_ic,last3,huber@sent,0.1109167365356585
e2,AAPL,5,3,softmax_ic,last3,lgbm_reg@market,0.06338109895922575
e2,AAPL,5,3,softmax_ic,last3,lgbm_reg@sent,0.21415666250957885
e2,AAPL,5,3,softmax_ic,last3,pls@market,0.15833445787543737
e2,AAPL,5,3,softmax_ic,last3,pls@sent,0.25005381991627007
e2,AAPL,5,3,softmax_ic,last3,xgb@market,0.026831606002946855
e2,AAPL,5,3,softmax_ic,last3,xgb@sent,0.06278605569323552
e2,AAPL,5,4,softmax_ic,last3,elasticnet@market,0.06602532131476134
e2,AAPL,5,4,softmax_ic,last3,elasticnet@sent,0.13215371430863998
e2,AAPL,5,4,softmax_ic,last3,huber@market,0.018246917897100038
e2,AAPL,5,4,softmax_ic,last3,huber@sent,0.06030236494246048
e2,AAPL,5,4,softmax_ic,last3,lgbm_reg@market,0.07844191796018174
e2,AAPL,5,4,softmax_ic,last3,lgbm_reg@sent,0.1486503898283046
e2,AAPL,5,4,softmax_ic,last3,pls@market,0.10241147742663236
e2,AAPL,5,4,softmax_ic,last3,pls@sent,0.24539764093715938
e2,AAPL,5,4,softmax_ic,last3,xgb@market,0.08858639634889517
e2,AAPL,5,4,softmax_ic,last3,xgb@sent,0.05978385903586501
e2,AAPL,5,5,softmax_ic,last3,elasticnet@market,0.06087765144887827
e2,AAPL,5,5,softmax_ic,last3,elasticnet@sent,0.0991372559115254
e2,AAPL,5,5,softmax_ic,last3,huber@market,0.013469399615188917
e2,AAPL,5,5,softmax_ic,last3,huber@sent,0.03395774920997251
e2,AAPL,5,5,softmax_ic,last3,lgbm_reg@market,0.1805161698695823
e2,AAPL,5,5,softmax_ic,last3,lgbm_reg@sent,0.26695845273132573
e2,AAPL,5,5,softmax_ic,last3,pls@market,0.08235697769514465
e2,AAPL,5,5,softmax_ic,last3,pls@sent,0.10362012011767525
e2,AAPL,5,5,softmax_ic,last3,xgb@market,0.09195883022242149
e2,AAPL,5,5,softmax_ic,last3,xgb@sent,0.06714739317828548
e2,AAPL,5,0,best_recent,expanding,elasticnet@market,0.1
e2,AAPL,5,0,best_recent,expanding,elasticnet@sent,0.1
e2,AAPL,5,0,best_recent,expanding,huber@market,0.1
e2,AAPL,5,0,best_recent,expanding,huber@sent,0.1
e2,AAPL,5,0,best_recent,expanding,lgbm_reg@market,0.1
e2,AAPL,5,0,best_recent,expanding,lgbm_reg@sent,0.1
e2,AAPL,5,0,best_recent,expanding,pls@market,0.1
e2,AAPL,5,0,best_recent,expanding,pls@sent,0.1
e2,AAPL,5,0,best_recent,expanding,xgb@market,0.1
e2,AAPL,5,0,best_recent,expanding,xgb@sent,0.1
e2,AAPL,5,1,best_recent,expanding,elasticnet@market,0.0
e2,AAPL,5,1,best_recent,expanding,elasticnet@sent,0.0
e2,AAPL,5,1,best_recent,expanding,huber@market,0.0
e2,AAPL,5,1,best_recent,expanding,huber@sent,0.0
e2,AAPL,5,1,best_recent,expanding,lgbm_reg@market,1.0
e2,AAPL,5,1,best_recent,expanding,lgbm_reg@sent,0.0
e2,AAPL,5,1,best_recent,expanding,pls@market,0.0
e2,AAPL,5,1,best_recent,expanding,pls@sent,0.0
e2,AAPL,5,1,best_recent,expanding,xgb@market,0.0
e2,AAPL,5,1,best_recent,expanding,xgb@sent,0.0
e2,AAPL,5,2,best_recent,expanding,elasticnet@market,0.0
e2,AAPL,5,2,best_recent,expanding,elasticnet@sent,0.0
e2,AAPL,5,2,best_recent,expanding,huber@market,0.0
e2,AAPL,5,2,best_recent,expanding,huber@sent,0.0
e2,AAPL,5,2,best_recent,expanding,lgbm_reg@market,0.0
e2,AAPL,5,2,best_recent,expanding,lgbm_reg@sent,0.0
e2,AAPL,5,2,best_recent,expanding,pls@market,0.0
e2,AAPL,5,2,best_recent,expanding,pls@sent,1.0
e2,AAPL,5,2,best_recent,expanding,xgb@market,0.0
e2,AAPL,5,2,best_recent,expanding,xgb@sent,0.0
e2,AAPL,5,3,best_recent,expanding,elasticnet@market,0.0
e2,AAPL,5,3,best_recent,expanding,elasticnet@sent,0.0
e2,AAPL,5,3,best_recent,expanding,huber@market,0.0
e2,AAPL,5,3,best_recent,expanding,huber@sent,0.0
e2,AAPL,5,3,best_recent,expanding,lgbm_reg@market,0.0
e2,AAPL,5,3,best_recent,expanding,lgbm_reg@sent,0.0
e2,AAPL,5,3,best_recent,expanding,pls@market,0.0
e2,AAPL,5,3,best_recent,expanding,pls@sent,1.0
e2,AAPL,5,3,best_recent,expanding,xgb@market,0.0
e2,AAPL,5,3,best_recent,expanding,xgb@sent,0.0
e2,AAPL,5,4,best_recent,expanding,elasticnet@market,0.0
e2,AAPL,5,4,best_recent,expanding,elasticnet@sent,0.0
e2,AAPL,5,4,best_recent,expanding,huber@market,0.0
e2,AAPL,5,4,best_recent,expanding,huber@sent,0.0
e2,AAPL,5,4,best_recent,expanding,lgbm_reg@market,0.0
e2,AAPL,5,4,best_recent,expanding,lgbm_reg@sent,0.0
e2,AAPL,5,4,best_recent,expanding,pls@market,0.0
e2,AAPL,5,4,best_recent,expanding,pls@sent,1.0
e2,AAPL,5,4,best_recent,expanding,xgb@market,0.0
e2,AAPL,5,4,best_recent,expanding,xgb@sent,0.0
e2,AAPL,5,5,best_recent,expanding,elasticnet@market,0.0
e2,AAPL,5,5,best_recent,expanding,elasticnet@sent,0.0
e2,AAPL,5,5,best_recent,expanding,huber@market,0.0
e2,AAPL,5,5,best_recent,expanding,huber@sent,0.0
e2,AAPL,5,5,best_recent,expanding,lgbm_reg@market,0.0
e2,AAPL,5,5,best_recent,expanding,lgbm_reg@sent,1.0
e2,AAPL,5,5,best_recent,expanding,pls@market,0.0
e2,AAPL,5,5,best_recent,expanding,pls@sent,0.0
e2,AAPL,5,5,best_recent,expanding,xgb@market,0.0
e2,AAPL,5,5,best_recent,expanding,xgb@sent,0.0
e2,AAPL,5,0,best_recent,last3,elasticnet@market,0.1
e2,AAPL,5,0,best_recent,last3,elasticnet@sent,0.1
e2,AAPL,5,0,best_recent,last3,huber@market,0.1
e2,AAPL,5,0,best_recent,last3,huber@sent,0.1
e2,AAPL,5,0,best_recent,last3,lgbm_reg@market,0.1
e2,AAPL,5,0,best_recent,last3,lgbm_reg@sent,0.1
e2,AAPL,5,0,best_recent,last3,pls@market,0.1
e2,AAPL,5,0,best_recent,last3,pls@sent,0.1
e2,AAPL,5,0,best_recent,last3,xgb@market,0.1
e2,AAPL,5,0,best_recent,last3,xgb@sent,0.1
e2,AAPL,5,1,best_recent,last3,elasticnet@market,0.0
e2,AAPL,5,1,best_recent,last3,elasticnet@sent,0.0
e2,AAPL,5,1,best_recent,last3,huber@market,0.0
e2,AAPL,5,1,best_recent,last3,huber@sent,0.0
e2,AAPL,5,1,best_recent,last3,lgbm_reg@market,1.0
e2,AAPL,5,1,best_recent,last3,lgbm_reg@sent,0.0
e2,AAPL,5,1,best_recent,last3,pls@market,0.0
e2,AAPL,5,1,best_recent,last3,pls@sent,0.0
e2,AAPL,5,1,best_recent,last3,xgb@market,0.0
e2,AAPL,5,1,best_recent,last3,xgb@sent,0.0
e2,AAPL,5,2,best_recent,last3,elasticnet@market,0.0
e2,AAPL,5,2,best_recent,last3,elasticnet@sent,0.0
e2,AAPL,5,2,best_recent,last3,huber@market,0.0
e2,AAPL,5,2,best_recent,last3,huber@sent,0.0
e2,AAPL,5,2,best_recent,last3,lgbm_reg@market,0.0
e2,AAPL,5,2,best_recent,last3,lgbm_reg@sent,0.0
e2,AAPL,5,2,best_recent,last3,pls@market,0.0
e2,AAPL,5,2,best_recent,last3,pls@sent,1.0
e2,AAPL,5,2,best_recent,last3,xgb@market,0.0
e2,AAPL,5,2,best_recent,last3,xgb@sent,0.0
e2,AAPL,5,3,best_recent,last3,elasticnet@market,0.0
e2,AAPL,5,3,best_recent,last3,elasticnet@sent,0.0
e2,AAPL,5,3,best_recent,last3,huber@market,0.0
e2,AAPL,5,3,best_recent,last3,huber@sent,0.0
e2,AAPL,5,3,best_recent,last3,lgbm_reg@market,0.0
e2,AAPL,5,3,best_recent,last3,lgbm_reg@sent,0.0
e2,AAPL,5,3,best_recent,last3,pls@market,0.0
e2,AAPL,5,3,best_recent,last3,pls@sent,1.0
e2,AAPL,5,3,best_recent,last3,xgb@market,0.0
e2,AAPL,5,3,best_recent,last3,xgb@sent,0.0
e2,AAPL,5,4,best_recent,last3,elasticnet@market,0.0
e2,AAPL,5,4,best_recent,last3,elasticnet@sent,0.0
e2,AAPL,5,4,best_recent,last3,huber@market,0.0
e2,AAPL,5,4,best_recent,last3,huber@sent,0.0
e2,AAPL,5,4,best_recent,last3,lgbm_reg@market,0.0
e2,AAPL,5,4,best_recent,last3,lgbm_reg@sent,0.0
e2,AAPL,5,4,best_recent,last3,pls@market,0.0
e2,AAPL,5,4,best_recent,last3,pls@sent,1.0
e2,AAPL,5,4,best_recent,last3,xgb@market,0.0
e2,AAPL,5,4,best_recent,last3,xgb@sent,0.0
e2,AAPL,5,5,best_recent,last3,elasticnet@market,0.0
e2,AAPL,5,5,best_recent,last3,elasticnet@sent,0.0
e2,AAPL,5,5,best_recent,last3,huber@market,0.0
e2,AAPL,5,5,best_recent,last3,huber@sent,0.0
e2,AAPL,5,5,best_recent,last3,lgbm_reg@market,0.0
e2,AAPL,5,5,best_recent,last3,lgbm_reg@sent,1.0
e2,AAPL,5,5,best_recent,last3,pls@market,0.0
e2,AAPL,5,5,best_recent,last3,pls@sent,0.0
e2,AAPL,5,5,best_recent,last3,xgb@market,0.0
e2,AAPL,5,5,best_recent,last3,xgb@sent,0.0
e2,AAPL,21,0,equal,expanding,elasticnet@market,0.1
e2,AAPL,21,0,equal,expanding,elasticnet@sent,0.1
e2,AAPL,21,0,equal,expanding,huber@market,0.1
e2,AAPL,21,0,equal,expanding,huber@sent,0.1
e2,AAPL,21,0,equal,expanding,lgbm_reg@market,0.1
e2,AAPL,21,0,equal,expanding,lgbm_reg@sent,0.1
e2,AAPL,21,0,equal,expanding,pls@market,0.1
e2,AAPL,21,0,equal,expanding,pls@sent,0.1
e2,AAPL,21,0,equal,expanding,xgb@market,0.1
e2,AAPL,21,0,equal,expanding,xgb@sent,0.1
e2,AAPL,21,1,equal,expanding,elasticnet@market,0.1
e2,AAPL,21,1,equal,expanding,elasticnet@sent,0.1
e2,AAPL,21,1,equal,expanding,huber@market,0.1
e2,AAPL,21,1,equal,expanding,huber@sent,0.1
e2,AAPL,21,1,equal,expanding,lgbm_reg@market,0.1
e2,AAPL,21,1,equal,expanding,lgbm_reg@sent,0.1
e2,AAPL,21,1,equal,expanding,pls@market,0.1
e2,AAPL,21,1,equal,expanding,pls@sent,0.1
e2,AAPL,21,1,equal,expanding,xgb@market,0.1
e2,AAPL,21,1,equal,expanding,xgb@sent,0.1
e2,AAPL,21,2,equal,expanding,elasticnet@market,0.1
e2,AAPL,21,2,equal,expanding,elasticnet@sent,0.1
e2,AAPL,21,2,equal,expanding,huber@market,0.1
e2,AAPL,21,2,equal,expanding,huber@sent,0.1
e2,AAPL,21,2,equal,expanding,lgbm_reg@market,0.1
e2,AAPL,21,2,equal,expanding,lgbm_reg@sent,0.1
e2,AAPL,21,2,equal,expanding,pls@market,0.1
e2,AAPL,21,2,equal,expanding,pls@sent,0.1
e2,AAPL,21,2,equal,expanding,xgb@market,0.1
e2,AAPL,21,2,equal,expanding,xgb@sent,0.1
e2,AAPL,21,3,equal,expanding,elasticnet@market,0.1
e2,AAPL,21,3,equal,expanding,elasticnet@sent,0.1
e2,AAPL,21,3,equal,expanding,huber@market,0.1
e2,AAPL,21,3,equal,expanding,huber@sent,0.1
e2,AAPL,21,3,equal,expanding,lgbm_reg@market,0.1
e2,AAPL,21,3,equal,expanding,lgbm_reg@sent,0.1
e2,AAPL,21,3,equal,expanding,pls@market,0.1
e2,AAPL,21,3,equal,expanding,pls@sent,0.1
e2,AAPL,21,3,equal,expanding,xgb@market,0.1
e2,AAPL,21,3,equal,expanding,xgb@sent,0.1
e2,AAPL,21,4,equal,expanding,elasticnet@market,0.1
e2,AAPL,21,4,equal,expanding,elasticnet@sent,0.1
e2,AAPL,21,4,equal,expanding,huber@market,0.1
e2,AAPL,21,4,equal,expanding,huber@sent,0.1
e2,AAPL,21,4,equal,expanding,lgbm_reg@market,0.1
e2,AAPL,21,4,equal,expanding,lgbm_reg@sent,0.1
e2,AAPL,21,4,equal,expanding,pls@market,0.1
e2,AAPL,21,4,equal,expanding,pls@sent,0.1
e2,AAPL,21,4,equal,expanding,xgb@market,0.1
e2,AAPL,21,4,equal,expanding,xgb@sent,0.1
e2,AAPL,21,5,equal,expanding,elasticnet@market,0.1
e2,AAPL,21,5,equal,expanding,elasticnet@sent,0.1
e2,AAPL,21,5,equal,expanding,huber@market,0.1
e2,AAPL,21,5,equal,expanding,huber@sent,0.1
e2,AAPL,21,5,equal,expanding,lgbm_reg@market,0.1
e2,AAPL,21,5,equal,expanding,lgbm_reg@sent,0.1
e2,AAPL,21,5,equal,expanding,pls@market,0.1
e2,AAPL,21,5,equal,expanding,pls@sent,0.1
e2,AAPL,21,5,equal,expanding,xgb@market,0.1
e2,AAPL,21,5,equal,expanding,xgb@sent,0.1
e2,AAPL,21,0,inv_mae,expanding,elasticnet@market,0.1
e2,AAPL,21,0,inv_mae,expanding,elasticnet@sent,0.1
e2,AAPL,21,0,inv_mae,expanding,huber@market,0.1
e2,AAPL,21,0,inv_mae,expanding,huber@sent,0.1
e2,AAPL,21,0,inv_mae,expanding,lgbm_reg@market,0.1
e2,AAPL,21,0,inv_mae,expanding,lgbm_reg@sent,0.1
e2,AAPL,21,0,inv_mae,expanding,pls@market,0.1
e2,AAPL,21,0,inv_mae,expanding,pls@sent,0.1
e2,AAPL,21,0,inv_mae,expanding,xgb@market,0.1
e2,AAPL,21,0,inv_mae,expanding,xgb@sent,0.1
e2,AAPL,21,1,inv_mae,expanding,elasticnet@market,0.05591081690627612
e2,AAPL,21,1,inv_mae,expanding,elasticnet@sent,0.056659910220026574
e2,AAPL,21,1,inv_mae,expanding,huber@market,0.0865164213151752
e2,AAPL,21,1,inv_mae,expanding,huber@sent,0.10498077022482383
e2,AAPL,21,1,inv_mae,expanding,lgbm_reg@market,0.1014859208125091
e2,AAPL,21,1,inv_mae,expanding,lgbm_reg@sent,0.106276686448363
e2,AAPL,21,1,inv_mae,expanding,pls@market,0.08278531873720461
e2,AAPL,21,1,inv_mae,expanding,pls@sent,0.09800501750039525
e2,AAPL,21,1,inv_mae,expanding,xgb@market,0.1792280884114588
e2,AAPL,21,1,inv_mae,expanding,xgb@sent,0.12815104942376748
e2,AAPL,21,2,inv_mae,expanding,elasticnet@market,0.06974016080478584
e2,AAPL,21,2,inv_mae,expanding,elasticnet@sent,0.07105618862168146
e2,AAPL,21,2,inv_mae,expanding,huber@market,0.09755861911096994
e2,AAPL,21,2,inv_mae,expanding,huber@sent,0.10265837124665546
e2,AAPL,21,2,inv_mae,expanding,lgbm_reg@market,0.10408769234307493
e2,AAPL,21,2,inv_mae,expanding,lgbm_reg@sent,0.103099795783314
e2,AAPL,21,2,inv_mae,expanding,pls@market,0.09861424446113061
e2,AAPL,21,2,inv_mae,expanding,pls@sent,0.10783270102967128
e2,AAPL,21,2,inv_mae,expanding,xgb@market,0.13712033045742053
e2,AAPL,21,2,inv_mae,expanding,xgb@sent,0.10823189614129594
e2,AAPL,21,3,inv_mae,expanding,elasticnet@market,0.06894423327534442
e2,AAPL,21,3,inv_mae,expanding,elasticnet@sent,0.08212627086075236
e2,AAPL,21,3,inv_mae,expanding,huber@market,0.08585534028990278
e2,AAPL,21,3,inv_mae,expanding,huber@sent,0.10413823842768502
e2,AAPL,21,3,inv_mae,expanding,lgbm_reg@market,0.10536675465543874
e2,AAPL,21,3,inv_mae,expanding,lgbm_reg@sent,0.10857258745814077
e2,AAPL,21,3,inv_mae,expanding,pls@market,0.09350856699628922
e2,AAPL,21,3,inv_mae,expanding,pls@sent,0.10954001721259755
e2,AAPL,21,3,inv_mae,expanding,xgb@market,0.12528272782983235
e2,AAPL,21,3,inv_mae,expanding,xgb@sent,0.11666526299401653
e2,AAPL,21,4,inv_mae,expanding,elasticnet@market,0.07624932912008725
e2,AAPL,21,4,inv_mae,expanding,elasticnet@sent,0.08378921108183576
e2,AAPL,21,4,inv_mae,expanding,huber@market,0.08870981831679653
e2,AAPL,21,4,inv_mae,expanding,huber@sent,0.09809206347062514
e2,AAPL,21,4,inv_mae,expanding,lgbm_reg@market,0.10876442432954975
e2,AAPL,21,4,inv_mae,expanding,lgbm_reg@sent,0.10800889156267375
e2,AAPL,21,4,inv_mae,expanding,pls@market,0.10221079260862333
e2,AAPL,21,4,inv_mae,expanding,pls@sent,0.10669148786533411
e2,AAPL,21,4,inv_mae,expanding,xgb@market,0.11917275248701192
e2,AAPL,21,4,inv_mae,expanding,xgb@sent,0.10831122915746241
e2,AAPL,21,5,inv_mae,expanding,elasticnet@market,0.07946540607014478
e2,AAPL,21,5,inv_mae,expanding,elasticnet@sent,0.08032712703963464
e2,AAPL,21,5,inv_mae,expanding,huber@market,0.0926291084130857
e2,AAPL,21,5,inv_mae,expanding,huber@sent,0.09325252583363726
e2,AAPL,21,5,inv_mae,expanding,lgbm_reg@market,0.10891858515256662
e2,AAPL,21,5,inv_mae,expanding,lgbm_reg@sent,0.10962330751898904
e2,AAPL,21,5,inv_mae,expanding,pls@market,0.10597661983912031
e2,AAPL,21,5,inv_mae,expanding,pls@sent,0.10660305327284908
e2,AAPL,21,5,inv_mae,expanding,xgb@market,0.11468015321066509
e2,AAPL,21,5,inv_mae,expanding,xgb@sent,0.10852411364930761
e2,AAPL,21,0,inv_mae,last3,elasticnet@market,0.1
e2,AAPL,21,0,inv_mae,last3,elasticnet@sent,0.1
e2,AAPL,21,0,inv_mae,last3,huber@market,0.1
e2,AAPL,21,0,inv_mae,last3,huber@sent,0.1
e2,AAPL,21,0,inv_mae,last3,lgbm_reg@market,0.1
e2,AAPL,21,0,inv_mae,last3,lgbm_reg@sent,0.1
e2,AAPL,21,0,inv_mae,last3,pls@market,0.1
e2,AAPL,21,0,inv_mae,last3,pls@sent,0.1
e2,AAPL,21,0,inv_mae,last3,xgb@market,0.1
e2,AAPL,21,0,inv_mae,last3,xgb@sent,0.1
e2,AAPL,21,1,inv_mae,last3,elasticnet@market,0.05591081690627612
e2,AAPL,21,1,inv_mae,last3,elasticnet@sent,0.056659910220026574
e2,AAPL,21,1,inv_mae,last3,huber@market,0.0865164213151752
e2,AAPL,21,1,inv_mae,last3,huber@sent,0.10498077022482383
e2,AAPL,21,1,inv_mae,last3,lgbm_reg@market,0.1014859208125091
e2,AAPL,21,1,inv_mae,last3,lgbm_reg@sent,0.106276686448363
e2,AAPL,21,1,inv_mae,last3,pls@market,0.08278531873720461
e2,AAPL,21,1,inv_mae,last3,pls@sent,0.09800501750039525
e2,AAPL,21,1,inv_mae,last3,xgb@market,0.1792280884114588
e2,AAPL,21,1,inv_mae,last3,xgb@sent,0.12815104942376748
e2,AAPL,21,2,inv_mae,last3,elasticnet@market,0.06974016080478584
e2,AAPL,21,2,inv_mae,last3,elasticnet@sent,0.07105618862168146
e2,AAPL,21,2,inv_mae,last3,huber@market,0.09755861911096994
e2,AAPL,21,2,inv_mae,last3,huber@sent,0.10265837124665546
e2,AAPL,21,2,inv_mae,last3,lgbm_reg@market,0.10408769234307493
e2,AAPL,21,2,inv_mae,last3,lgbm_reg@sent,0.103099795783314
e2,AAPL,21,2,inv_mae,last3,pls@market,0.09861424446113061
e2,AAPL,21,2,inv_mae,last3,pls@sent,0.10783270102967128
e2,AAPL,21,2,inv_mae,last3,xgb@market,0.13712033045742053
e2,AAPL,21,2,inv_mae,last3,xgb@sent,0.10823189614129594
e2,AAPL,21,3,inv_mae,last3,elasticnet@market,0.06894423327534442
e2,AAPL,21,3,inv_mae,last3,elasticnet@sent,0.08212627086075236
e2,AAPL,21,3,inv_mae,last3,huber@market,0.08585534028990278
e2,AAPL,21,3,inv_mae,last3,huber@sent,0.10413823842768502
e2,AAPL,21,3,inv_mae,last3,lgbm_reg@market,0.10536675465543874
e2,AAPL,21,3,inv_mae,last3,lgbm_reg@sent,0.10857258745814077
e2,AAPL,21,3,inv_mae,last3,pls@market,0.09350856699628922
e2,AAPL,21,3,inv_mae,last3,pls@sent,0.10954001721259755
e2,AAPL,21,3,inv_mae,last3,xgb@market,0.12528272782983235
e2,AAPL,21,3,inv_mae,last3,xgb@sent,0.11666526299401653
e2,AAPL,21,4,inv_mae,last3,elasticnet@market,0.08743073052329955
e2,AAPL,21,4,inv_mae,last3,elasticnet@sent,0.10046955592599166
e2,AAPL,21,4,inv_mae,last3,huber@market,0.08782334761313419
e2,AAPL,21,4,inv_mae,last3,huber@sent,0.0928802961037401
e2,AAPL,21,4,inv_mae,last3,lgbm_reg@market,0.11004569353969773
e2,AAPL,21,4,inv_mae,last3,lgbm_reg@sent,0.10646869895928127
e2,AAPL,21,4,inv_mae,last3,pls@market,0.11114528849746254
e2,AAPL,21,4,inv_mae,last3,pls@sent,0.10879238247336459
e2,AAPL,21,4,inv_mae,last3,xgb@market,0.09704056317780142
e2,AAPL,21,4,inv_mae,last3,xgb@sent,0.09790344318622682
e2,AAPL,21,5,inv_mae,last3,elasticnet@market,0.08810096273787198
e2,AAPL,21,5,inv_mae,last3,elasticnet@sent,0.08844149332359073
e2,AAPL,21,5,inv_mae,last3,huber@market,0.08808288464325509
e2,AAPL,21,5,inv_mae,last3,huber@sent,0.0855959678351598
e2,AAPL,21,5,inv_mae,last3,lgbm_reg@market,0.11222190618296447
e2,AAPL,21,5,inv_mae,last3,lgbm_reg@sent,0.11448696860422804
e2,AAPL,21,5,inv_mae,last3,pls@market,0.1116871437534103
e2,AAPL,21,5,inv_mae,last3,pls@sent,0.1047597661347777
e2,AAPL,21,5,inv_mae,last3,xgb@market,0.09872250596310478
e2,AAPL,21,5,inv_mae,last3,xgb@sent,0.10790040082163711
e2,AAPL,21,0,mae_da,expanding,elasticnet@market,0.1
e2,AAPL,21,0,mae_da,expanding,elasticnet@sent,0.1
e2,AAPL,21,0,mae_da,expanding,huber@market,0.1
e2,AAPL,21,0,mae_da,expanding,huber@sent,0.1
e2,AAPL,21,0,mae_da,expanding,lgbm_reg@market,0.1
e2,AAPL,21,0,mae_da,expanding,lgbm_reg@sent,0.1
e2,AAPL,21,0,mae_da,expanding,pls@market,0.1
e2,AAPL,21,0,mae_da,expanding,pls@sent,0.1
e2,AAPL,21,0,mae_da,expanding,xgb@market,0.1
e2,AAPL,21,0,mae_da,expanding,xgb@sent,0.1
e2,AAPL,21,1,mae_da,expanding,elasticnet@market,0.0016535991316153939
e2,AAPL,21,1,mae_da,expanding,elasticnet@sent,0.0006698198736734666
e2,AAPL,21,1,mae_da,expanding,huber@market,0.02165936685171684
e2,AAPL,21,1,mae_da,expanding,huber@sent,0.08738625538866097
e2,AAPL,21,1,mae_da,expanding,lgbm_reg@market,0.11101567314791103
e2,AAPL,21,1,mae_da,expanding,lgbm_reg@sent,0.07390916489663325
e2,AAPL,21,1,mae_da,expanding,pls@market,0.013463325586884248
e2,AAPL,21,1,mae_da,expanding,pls@sent,0.03160351114520482
e2,AAPL,21,1,mae_da,expanding,xgb@market,0.6098216196568546
e2,AAPL,21,1,mae_da,expanding,xgb@sent,0.04881766432084546
e2,AAPL,21,2,mae_da,expanding,elasticnet@market,0.002764980318093802
e2,AAPL,21,2,mae_da,expanding,elasticnet@sent,0.0035335293082202936
e2,AAPL,21,2,mae_da,expanding,huber@market,0.0645838977341301
e2,AAPL,21,2,mae_da,expanding,huber@sent,0.29518070258378426
e2,AAPL,21,2,mae_da,expanding,lgbm_reg@market,0.09680720052124012
e2,AAPL,21,2,mae_da,expanding,lgbm_reg@sent,0.030192423267379677
e2,AAPL,21,2,mae_da,expanding,pls@market,0.07324105007838162
e2,AAPL,21,2,mae_da,expanding,pls@sent,0.23295226949769615
e2,AAPL,21,2,mae_da,expanding,xgb@market,0.1889221499371277
e2,AAPL,21,2,mae_da,expanding,xgb@sent,0.011821796753946233
e2,AAPL,21,3,mae_da,expanding,elasticnet@market,0.0006395231148209807
e2,AAPL,21,3,mae_da,expanding,elasticnet@sent,0.005622073770477913
e2,AAPL,21,3,mae_da,expanding,huber@market,0.005872740644952765
e2,AAPL,21,3,mae_da,expanding,huber@sent,0.0794719973070795
e2,AAPL,21,3,mae_da,expanding,lgbm_reg@market,0.21687489088400583
e2,AAPL,21,3,mae_da,expanding,lgbm_reg@sent,0.11213520573016278
e2,AAPL,21,3,mae_da,expanding,pls@market,0.014247075762551175
e2,AAPL,21,3,mae_da,expanding,pls@sent,0.20455777741104228
e2,AAPL,21,3,mae_da,expanding,xgb@market,0.27449259963045197
e2,AAPL,21,3,mae_da,expanding,xgb@sent,0.08608611574445471
e2,AAPL,21,4,mae_da,expanding,elasticnet@market,0.00142087845092369
e2,AAPL,21,4,mae_da,expanding,elasticnet@sent,0.01512044093742725
e2,AAPL,21,4,mae_da,expanding,huber@market,0.0082663930824898
e2,AAPL,21,4,mae_da,expanding,huber@sent,0.08550926760920492
e2,AAPL,21,4,mae_da,expanding,lgbm_reg@market,0.2963140464422196
e2,AAPL,21,4,mae_da,expanding,lgbm_reg@sent,0.05853266897663217
e2,AAPL,21,4,mae_da,expanding,pls@market,0.09168933203776158
e2,AAPL,21,4,mae_da,expanding,pls@sent,0.2967324767633661
e2,AAPL,21,4,mae_da,expanding,xgb@market,0.13138836742592216
e2,AAPL,21,4,mae_da,expanding,xgb@sent,0.015026128274052659
e2,AAPL,21,5,mae_da,expanding,elasticnet@market,0.001457167155929645
e2,AAPL,21,5,mae_da,expanding,elasticnet@sent,0.005212068557165986
e2,AAPL,21,5,mae_da,expanding,huber@market,0.009998088491105785
e2,AAPL,21,5,mae_da,expanding,huber@sent,0.03098131137969813
e2,AAPL,21,5,mae_da,expanding,lgbm_reg@market,0.406831098928565
e2,AAPL,21,5,mae_da,expanding,lgbm_reg@sent,0.0911945789828624
e2,AAPL,21,5,mae_da,expanding,pls@market,0.18561746094615422
e2,AAPL,21,5,mae_da,expanding,pls@sent,0.16229086615254276
e2,AAPL,21,5,mae_da,expanding,xgb@market,0.08964847343813807
e2,AAPL,21,5,mae_da,expanding,xgb@sent,0.016768885967838047
e2,AAPL,21,0,mae_da,last3,elasticnet@market,0.1
e2,AAPL,21,0,mae_da,last3,elasticnet@sent,0.1
e2,AAPL,21,0,mae_da,last3,huber@market,0.1
e2,AAPL,21,0,mae_da,last3,huber@sent,0.1
e2,AAPL,21,0,mae_da,last3,lgbm_reg@market,0.1
e2,AAPL,21,0,mae_da,last3,lgbm_reg@sent,0.1
e2,AAPL,21,0,mae_da,last3,pls@market,0.1
e2,AAPL,21,0,mae_da,last3,pls@sent,0.1
e2,AAPL,21,0,mae_da,last3,xgb@market,0.1
e2,AAPL,21,0,mae_da,last3,xgb@sent,0.1
e2,AAPL,21,1,mae_da,last3,elasticnet@market,0.0016535991316153939
e2,AAPL,21,1,mae_da,last3,elasticnet@sent,0.0006698198736734666
e2,AAPL,21,1,mae_da,last3,huber@market,0.02165936685171684
e2,AAPL,21,1,mae_da,last3,huber@sent,0.08738625538866097
e2,AAPL,21,1,mae_da,last3,lgbm_reg@market,0.11101567314791103
e2,AAPL,21,1,mae_da,last3,lgbm_reg@sent,0.07390916489663325
e2,AAPL,21,1,mae_da,last3,pls@market,0.013463325586884248
e2,AAPL,21,1,mae_da,last3,pls@sent,0.03160351114520482
e2,AAPL,21,1,mae_da,last3,xgb@market,0.6098216196568546
e2,AAPL,21,1,mae_da,last3,xgb@sent,0.04881766432084546
e2,AAPL,21,2,mae_da,last3,elasticnet@market,0.002764980318093802
e2,AAPL,21,2,mae_da,last3,elasticnet@sent,0.0035335293082202936
e2,AAPL,21,2,mae_da,last3,huber@market,0.0645838977341301
e2,AAPL,21,2,mae_da,last3,huber@sent,0.29518070258378426
e2,AAPL,21,2,mae_da,last3,lgbm_reg@market,0.09680720052124012
e2,AAPL,21,2,mae_da,last3,lgbm_reg@sent,0.030192423267379677
e2,AAPL,21,2,mae_da,last3,pls@market,0.07324105007838162
e2,AAPL,21,2,mae_da,last3,pls@sent,0.23295226949769615
e2,AAPL,21,2,mae_da,last3,xgb@market,0.1889221499371277
e2,AAPL,21,2,mae_da,last3,xgb@sent,0.011821796753946233
e2,AAPL,21,3,mae_da,last3,elasticnet@market,0.0006395231148209807
e2,AAPL,21,3,mae_da,last3,elasticnet@sent,0.005622073770477913
e2,AAPL,21,3,mae_da,last3,huber@market,0.005872740644952765
e2,AAPL,21,3,mae_da,last3,huber@sent,0.0794719973070795
e2,AAPL,21,3,mae_da,last3,lgbm_reg@market,0.21687489088400583
e2,AAPL,21,3,mae_da,last3,lgbm_reg@sent,0.11213520573016278
e2,AAPL,21,3,mae_da,last3,pls@market,0.014247075762551175
e2,AAPL,21,3,mae_da,last3,pls@sent,0.20455777741104228
e2,AAPL,21,3,mae_da,last3,xgb@market,0.27449259963045197
e2,AAPL,21,3,mae_da,last3,xgb@sent,0.08608611574445471
e2,AAPL,21,4,mae_da,last3,elasticnet@market,0.003981284167959388
e2,AAPL,21,4,mae_da,last3,elasticnet@sent,0.18890800937049565
e2,AAPL,21,4,mae_da,last3,huber@market,0.003337788740865363
e2,AAPL,21,4,mae_da,last3,huber@sent,0.017162967156461446
e2,AAPL,21,4,mae_da,last3,lgbm_reg@market,0.1554777752244536
e2,AAPL,21,4,mae_da,last3,lgbm_reg@sent,0.03367841504360078
e2,AAPL,21,4,mae_da,last3,pls@market,0.24034793962865775
e2,AAPL,21,4,mae_da,last3,pls@sent,0.3427995088833699
e2,AAPL,21,4,mae_da,last3,xgb@market,0.007931566187049944
e2,AAPL,21,4,mae_da,last3,xgb@sent,0.006374745597086131
e2,AAPL,21,5,mae_da,last3,elasticnet@market,0.0022590739937043388
e2,AAPL,21,5,mae_da,last3,elasticnet@sent,0.010336496483416753
e2,AAPL,21,5,mae_da,last3,huber@market,0.00225477708878922
e2,AAPL,21,5,mae_da,last3,huber@sent,0.003068562002270783
e2,AAPL,21,5,mae_da,last3,lgbm_reg@market,0.4941377957923953
e2,AAPL,21,5,mae_da,last3,lgbm_reg@sent,0.16134273435773924
e2,AAPL,21,5,mae_da,last3,pls@market,0.2202250257541133
e2,AAPL,21,5,mae_da,last3,pls@sent,0.0610562308018395
e2,AAPL,21,5,mae_da,last3,xgb@market,0.020200702300424093
e2,AAPL,21,5,mae_da,last3,xgb@sent,0.025118601425307682
e2,AAPL,21,0,softmax_ic,expanding,elasticnet@market,0.1
e2,AAPL,21,0,softmax_ic,expanding,elasticnet@sent,0.1
e2,AAPL,21,0,softmax_ic,expanding,huber@market,0.1
e2,AAPL,21,0,softmax_ic,expanding,huber@sent,0.1
e2,AAPL,21,0,softmax_ic,expanding,lgbm_reg@market,0.1
e2,AAPL,21,0,softmax_ic,expanding,lgbm_reg@sent,0.1
e2,AAPL,21,0,softmax_ic,expanding,pls@market,0.1
e2,AAPL,21,0,softmax_ic,expanding,pls@sent,0.1
e2,AAPL,21,0,softmax_ic,expanding,xgb@market,0.1
e2,AAPL,21,0,softmax_ic,expanding,xgb@sent,0.1
e2,AAPL,21,1,softmax_ic,expanding,elasticnet@market,2.178096015192482e-06
e2,AAPL,21,1,softmax_ic,expanding,elasticnet@sent,3.4391090148003683e-06
e2,AAPL,21,1,softmax_ic,expanding,huber@market,0.00011831232976463921
e2,AAPL,21,1,softmax_ic,expanding,huber@sent,0.00025270991935908056
e2,AAPL,21,1,softmax_ic,expanding,lgbm_reg@market,0.009513026168054023
e2,AAPL,21,1,softmax_ic,expanding,lgbm_reg@sent,0.05259586432833208
e2,AAPL,21,1,softmax_ic,expanding,pls@market,0.017400049108510486
e2,AAPL,21,1,softmax_ic,expanding,pls@sent,0.04482428338126309
e2,AAPL,21,1,softmax_ic,expanding,xgb@market,0.7569393732091242
e2,AAPL,21,1,softmax_ic,expanding,xgb@sent,0.11835076435056253
e2,AAPL,21,2,softmax_ic,expanding,elasticnet@market,0.0002842693982579158
e2,AAPL,21,2,softmax_ic,expanding,elasticnet@sent,0.0002294254354480788
e2,AAPL,21,2,softmax_ic,expanding,huber@market,0.011422189435243884
e2,AAPL,21,2,softmax_ic,expanding,huber@sent,0.013416732960401237
e2,AAPL,21,2,softmax_ic,expanding,lgbm_reg@market,0.027285304222333443
e2,AAPL,21,2,softmax_ic,expanding,lgbm_reg@sent,0.20225201980868496
e2,AAPL,21,2,softmax_ic,expanding,pls@market,0.038757814398223386
e2,AAPL,21,2,softmax_ic,expanding,pls@sent,0.1684476603840251
e2,AAPL,21,2,softmax_ic,expanding,xgb@market,0.4102349300578337
e2,AAPL,21,2,softmax_ic,expanding,xgb@sent,0.12766965389954837
e2,AAPL,21,3,softmax_ic,expanding,elasticnet@market,0.009920397613844051
e2,AAPL,21,3,softmax_ic,expanding,elasticnet@sent,0.008792512275659973
e2,AAPL,21,3,softmax_ic,expanding,huber@market,0.11350858837424757
e2,AAPL,21,3,softmax_ic,expanding,huber@sent,0.26911590600471125
e2,AAPL,21,3,softmax_ic,expanding,lgbm_reg@market,0.01960709844464932
e2,AAPL,21,3,softmax_ic,expanding,lgbm_reg@sent,0.06054182556145837
e2,AAPL,21,3,softmax_ic,expanding,pls@market,0.022159126265182193
e2,AAPL,21,3,softmax_ic,expanding,pls@sent,0.1177257561810706
e2,AAPL,21,3,softmax_ic,expanding,xgb@market,0.2422523820902859
e2,AAPL,21,3,softmax_ic,expanding,xgb@sent,0.1363764071888907
e2,AAPL,21,4,softmax_ic,expanding,elasticnet@market,0.013625944039598143
e2,AAPL,21,4,softmax_ic,expanding,elasticnet@sent,0.021755748952663388
e2,AAPL,21,4,softmax_ic,expanding,huber@market,0.0811643375949362
e2,AAPL,21,4,softmax_ic,expanding,huber@sent,0.2432456180167165
e2,AAPL,21,4,softmax_ic,expanding,lgbm_reg@market,0.0278097929145947
e2,AAPL,21,4,softmax_ic,expanding,lgbm_reg@sent,0.06101906897623574
e2,AAPL,21,4,softmax_ic,expanding,pls@market,0.0759934873945224
e2,AAPL,21,4,softmax_ic,expanding,pls@sent,0.1990774968479298
e2,AAPL,21,4,softmax_ic,expanding,xgb@market,0.18319529616022706
e2,AAPL,21,4,softmax_ic,expanding,xgb@sent,0.09311320910257602
e2,AAPL,21,5,softmax_ic,expanding,elasticnet@market,0.014444187588252954
e2,AAPL,21,5,softmax_ic,expanding,elasticnet@sent,0.02134348052463626
e2,AAPL,21,5,softmax_ic,expanding,huber@market,0.08608328267262794
e2,AAPL,21,5,softmax_ic,expanding,huber@sent,0.1943672227034146
e2,AAPL,21,5,softmax_ic,expanding,lgbm_reg@market,0.03158440789145201
e2,AAPL,21,5,softmax_ic,expanding,lgbm_reg@sent,0.06508519232395067
e2,AAPL,21,5,softmax_ic,expanding,pls@market,0.11157513608987578
e2,AAPL,21,5,softmax_ic,expanding,pls@sent,0.23235081076703012
e2,AAPL,21,5,softmax_ic,expanding,xgb@market,0.15523832998246284
e2,AAPL,21,5,softmax_ic,expanding,xgb@sent,0.08792794945629677
e2,AAPL,21,0,softmax_ic,last3,elasticnet@market,0.1
e2,AAPL,21,0,softmax_ic,last3,elasticnet@sent,0.1
e2,AAPL,21,0,softmax_ic,last3,huber@market,0.1
e2,AAPL,21,0,softmax_ic,last3,huber@sent,0.1
e2,AAPL,21,0,softmax_ic,last3,lgbm_reg@market,0.1
e2,AAPL,21,0,softmax_ic,last3,lgbm_reg@sent,0.1
e2,AAPL,21,0,softmax_ic,last3,pls@market,0.1
e2,AAPL,21,0,softmax_ic,last3,pls@sent,0.1
e2,AAPL,21,0,softmax_ic,last3,xgb@market,0.1
e2,AAPL,21,0,softmax_ic,last3,xgb@sent,0.1
e2,AAPL,21,1,softmax_ic,last3,elasticnet@market,2.178096015192482e-06
e2,AAPL,21,1,softmax_ic,last3,elasticnet@sent,3.4391090148003683e-06
e2,AAPL,21,1,softmax_ic,last3,huber@market,0.00011831232976463921
e2,AAPL,21,1,softmax_ic,last3,huber@sent,0.00025270991935908056
e2,AAPL,21,1,softmax_ic,last3,lgbm_reg@market,0.009513026168054023
e2,AAPL,21,1,softmax_ic,last3,lgbm_reg@sent,0.05259586432833208
e2,AAPL,21,1,softmax_ic,last3,pls@market,0.017400049108510486
e2,AAPL,21,1,softmax_ic,last3,pls@sent,0.04482428338126309
e2,AAPL,21,1,softmax_ic,last3,xgb@market,0.7569393732091242
e2,AAPL,21,1,softmax_ic,last3,xgb@sent,0.11835076435056253
e2,AAPL,21,2,softmax_ic,last3,elasticnet@market,0.0002842693982579158
e2,AAPL,21,2,softmax_ic,last3,elasticnet@sent,0.0002294254354480788
e2,AAPL,21,2,softmax_ic,last3,huber@market,0.011422189435243884
e2,AAPL,21,2,softmax_ic,last3,huber@sent,0.013416732960401237
e2,AAPL,21,2,softmax_ic,last3,lgbm_reg@market,0.027285304222333443
e2,AAPL,21,2,softmax_ic,last3,lgbm_reg@sent,0.20225201980868496
e2,AAPL,21,2,softmax_ic,last3,pls@market,0.038757814398223386
e2,AAPL,21,2,softmax_ic,last3,pls@sent,0.1684476603840251
e2,AAPL,21,2,softmax_ic,last3,xgb@market,0.4102349300578337
e2,AAPL,21,2,softmax_ic,last3,xgb@sent,0.12766965389954837
e2,AAPL,21,3,softmax_ic,last3,elasticnet@market,0.009920397613844051
e2,AAPL,21,3,softmax_ic,last3,elasticnet@sent,0.008792512275659973
e2,AAPL,21,3,softmax_ic,last3,huber@market,0.11350858837424757
e2,AAPL,21,3,softmax_ic,last3,huber@sent,0.26911590600471125
e2,AAPL,21,3,softmax_ic,last3,lgbm_reg@market,0.01960709844464932
e2,AAPL,21,3,softmax_ic,last3,lgbm_reg@sent,0.06054182556145837
e2,AAPL,21,3,softmax_ic,last3,pls@market,0.022159126265182193
e2,AAPL,21,3,softmax_ic,last3,pls@sent,0.1177257561810706
e2,AAPL,21,3,softmax_ic,last3,xgb@market,0.2422523820902859
e2,AAPL,21,3,softmax_ic,last3,xgb@sent,0.1363764071888907
e2,AAPL,21,4,softmax_ic,last3,elasticnet@market,0.20988625552982035
e2,AAPL,21,4,softmax_ic,last3,elasticnet@sent,0.2892031470094204
e2,AAPL,21,4,softmax_ic,last3,huber@market,0.06594546014467875
e2,AAPL,21,4,softmax_ic,last3,huber@sent,0.10707159996430575
e2,AAPL,21,4,softmax_ic,last3,lgbm_reg@market,0.030141476866984592
e2,AAPL,21,4,softmax_ic,last3,lgbm_reg@sent,0.016182875022060426
e2,AAPL,21,4,softmax_ic,last3,pls@market,0.11669334602184787
e2,AAPL,21,4,softmax_ic,last3,pls@sent,0.13279743030825095
e2,AAPL,21,4,softmax_ic,last3,xgb@market,0.01656213840081075
e2,AAPL,21,4,softmax_ic,last3,xgb@sent,0.015516270731820195
e2,AAPL,21,5,softmax_ic,last3,elasticnet@market,0.02674580530234877
e2,AAPL,21,5,softmax_ic,last3,elasticnet@sent,0.08252526292317537
e2,AAPL,21,5,softmax_ic,last3,huber@market,0.030065943259853487
e2,AAPL,21,5,softmax_ic,last3,huber@sent,0.0934922927332193
e2,AAPL,21,5,softmax_ic,last3,lgbm_reg@market,0.09392535431111887
e2,AAPL,21,5,softmax_ic,last3,lgbm_reg@sent,0.07870202251610126
e2,AAPL,21,5,softmax_ic,last3,pls@market,0.2089304573518682
e2,AAPL,21,5,softmax_ic,last3,pls@sent,0.22100895284250657
e2,AAPL,21,5,softmax_ic,last3,xgb@market,0.0716318038781694
e2,AAPL,21,5,softmax_ic,last3,xgb@sent,0.09297210488163861
e2,AAPL,21,0,best_recent,expanding,elasticnet@market,0.1
e2,AAPL,21,0,best_recent,expanding,elasticnet@sent,0.1
e2,AAPL,21,0,best_recent,expanding,huber@market,0.1
e2,AAPL,21,0,best_recent,expanding,huber@sent,0.1
e2,AAPL,21,0,best_recent,expanding,lgbm_reg@market,0.1
e2,AAPL,21,0,best_recent,expanding,lgbm_reg@sent,0.1
e2,AAPL,21,0,best_recent,expanding,pls@market,0.1
e2,AAPL,21,0,best_recent,expanding,pls@sent,0.1
e2,AAPL,21,0,best_recent,expanding,xgb@market,0.1
e2,AAPL,21,0,best_recent,expanding,xgb@sent,0.1
e2,AAPL,21,1,best_recent,expanding,elasticnet@market,0.0
e2,AAPL,21,1,best_recent,expanding,elasticnet@sent,0.0
e2,AAPL,21,1,best_recent,expanding,huber@market,0.0
e2,AAPL,21,1,best_recent,expanding,huber@sent,0.0
e2,AAPL,21,1,best_recent,expanding,lgbm_reg@market,0.0
e2,AAPL,21,1,best_recent,expanding,lgbm_reg@sent,0.0
e2,AAPL,21,1,best_recent,expanding,pls@market,0.0
e2,AAPL,21,1,best_recent,expanding,pls@sent,0.0
e2,AAPL,21,1,best_recent,expanding,xgb@market,1.0
e2,AAPL,21,1,best_recent,expanding,xgb@sent,0.0
e2,AAPL,21,2,best_recent,expanding,elasticnet@market,0.0
e2,AAPL,21,2,best_recent,expanding,elasticnet@sent,0.0
e2,AAPL,21,2,best_recent,expanding,huber@market,0.0
e2,AAPL,21,2,best_recent,expanding,huber@sent,0.0
e2,AAPL,21,2,best_recent,expanding,lgbm_reg@market,0.0
e2,AAPL,21,2,best_recent,expanding,lgbm_reg@sent,0.0
e2,AAPL,21,2,best_recent,expanding,pls@market,0.0
e2,AAPL,21,2,best_recent,expanding,pls@sent,0.0
e2,AAPL,21,2,best_recent,expanding,xgb@market,1.0
e2,AAPL,21,2,best_recent,expanding,xgb@sent,0.0
e2,AAPL,21,3,best_recent,expanding,elasticnet@market,0.0
e2,AAPL,21,3,best_recent,expanding,elasticnet@sent,0.0
e2,AAPL,21,3,best_recent,expanding,huber@market,0.0
e2,AAPL,21,3,best_recent,expanding,huber@sent,1.0
e2,AAPL,21,3,best_recent,expanding,lgbm_reg@market,0.0
e2,AAPL,21,3,best_recent,expanding,lgbm_reg@sent,0.0
e2,AAPL,21,3,best_recent,expanding,pls@market,0.0
e2,AAPL,21,3,best_recent,expanding,pls@sent,0.0
e2,AAPL,21,3,best_recent,expanding,xgb@market,0.0
e2,AAPL,21,3,best_recent,expanding,xgb@sent,0.0
e2,AAPL,21,4,best_recent,expanding,elasticnet@market,0.0
e2,AAPL,21,4,best_recent,expanding,elasticnet@sent,0.0
e2,AAPL,21,4,best_recent,expanding,huber@market,0.0
e2,AAPL,21,4,best_recent,expanding,huber@sent,1.0
e2,AAPL,21,4,best_recent,expanding,lgbm_reg@market,0.0
e2,AAPL,21,4,best_recent,expanding,lgbm_reg@sent,0.0
e2,AAPL,21,4,best_recent,expanding,pls@market,0.0
e2,AAPL,21,4,best_recent,expanding,pls@sent,0.0
e2,AAPL,21,4,best_recent,expanding,xgb@market,0.0
e2,AAPL,21,4,best_recent,expanding,xgb@sent,0.0
e2,AAPL,21,5,best_recent,expanding,elasticnet@market,0.0
e2,AAPL,21,5,best_recent,expanding,elasticnet@sent,0.0
e2,AAPL,21,5,best_recent,expanding,huber@market,0.0
e2,AAPL,21,5,best_recent,expanding,huber@sent,0.0
e2,AAPL,21,5,best_recent,expanding,lgbm_reg@market,0.0
e2,AAPL,21,5,best_recent,expanding,lgbm_reg@sent,0.0
e2,AAPL,21,5,best_recent,expanding,pls@market,0.0
e2,AAPL,21,5,best_recent,expanding,pls@sent,1.0
e2,AAPL,21,5,best_recent,expanding,xgb@market,0.0
e2,AAPL,21,5,best_recent,expanding,xgb@sent,0.0
e2,AAPL,21,0,best_recent,last3,elasticnet@market,0.1
e2,AAPL,21,0,best_recent,last3,elasticnet@sent,0.1
e2,AAPL,21,0,best_recent,last3,huber@market,0.1
e2,AAPL,21,0,best_recent,last3,huber@sent,0.1
e2,AAPL,21,0,best_recent,last3,lgbm_reg@market,0.1
e2,AAPL,21,0,best_recent,last3,lgbm_reg@sent,0.1
e2,AAPL,21,0,best_recent,last3,pls@market,0.1
e2,AAPL,21,0,best_recent,last3,pls@sent,0.1
e2,AAPL,21,0,best_recent,last3,xgb@market,0.1
e2,AAPL,21,0,best_recent,last3,xgb@sent,0.1
e2,AAPL,21,1,best_recent,last3,elasticnet@market,0.0
e2,AAPL,21,1,best_recent,last3,elasticnet@sent,0.0
e2,AAPL,21,1,best_recent,last3,huber@market,0.0
e2,AAPL,21,1,best_recent,last3,huber@sent,0.0
e2,AAPL,21,1,best_recent,last3,lgbm_reg@market,0.0
e2,AAPL,21,1,best_recent,last3,lgbm_reg@sent,0.0
e2,AAPL,21,1,best_recent,last3,pls@market,0.0
e2,AAPL,21,1,best_recent,last3,pls@sent,0.0
e2,AAPL,21,1,best_recent,last3,xgb@market,1.0
e2,AAPL,21,1,best_recent,last3,xgb@sent,0.0
e2,AAPL,21,2,best_recent,last3,elasticnet@market,0.0
e2,AAPL,21,2,best_recent,last3,elasticnet@sent,0.0
e2,AAPL,21,2,best_recent,last3,huber@market,0.0
e2,AAPL,21,2,best_recent,last3,huber@sent,0.0
e2,AAPL,21,2,best_recent,last3,lgbm_reg@market,0.0
e2,AAPL,21,2,best_recent,last3,lgbm_reg@sent,0.0
e2,AAPL,21,2,best_recent,last3,pls@market,0.0
e2,AAPL,21,2,best_recent,last3,pls@sent,0.0
e2,AAPL,21,2,best_recent,last3,xgb@market,1.0
e2,AAPL,21,2,best_recent,last3,xgb@sent,0.0
e2,AAPL,21,3,best_recent,last3,elasticnet@market,0.0
e2,AAPL,21,3,best_recent,last3,elasticnet@sent,0.0
e2,AAPL,21,3,best_recent,last3,huber@market,0.0
e2,AAPL,21,3,best_recent,last3,huber@sent,1.0
e2,AAPL,21,3,best_recent,last3,lgbm_reg@market,0.0
e2,AAPL,21,3,best_recent,last3,lgbm_reg@sent,0.0
e2,AAPL,21,3,best_recent,last3,pls@market,0.0
e2,AAPL,21,3,best_recent,last3,pls@sent,0.0
e2,AAPL,21,3,best_recent,last3,xgb@market,0.0
e2,AAPL,21,3,best_recent,last3,xgb@sent,0.0
e2,AAPL,21,4,best_recent,last3,elasticnet@market,0.0
e2,AAPL,21,4,best_recent,last3,elasticnet@sent,1.0
e2,AAPL,21,4,best_recent,last3,huber@market,0.0
e2,AAPL,21,4,best_recent,last3,huber@sent,0.0
e2,AAPL,21,4,best_recent,last3,lgbm_reg@market,0.0
e2,AAPL,21,4,best_recent,last3,lgbm_reg@sent,0.0
e2,AAPL,21,4,best_recent,last3,pls@market,0.0
e2,AAPL,21,4,best_recent,last3,pls@sent,0.0
e2,AAPL,21,4,best_recent,last3,xgb@market,0.0
e2,AAPL,21,4,best_recent,last3,xgb@sent,0.0
e2,AAPL,21,5,best_recent,last3,elasticnet@market,0.0
e2,AAPL,21,5,best_recent,last3,elasticnet@sent,0.0
e2,AAPL,21,5,best_recent,last3,huber@market,0.0
e2,AAPL,21,5,best_recent,last3,huber@sent,0.0
e2,AAPL,21,5,best_recent,last3,lgbm_reg@market,0.0
e2,AAPL,21,5,best_recent,last3,lgbm_reg@sent,0.0
e2,AAPL,21,5,best_recent,last3,pls@market,0.0
e2,AAPL,21,5,best_recent,last3,pls@sent,1.0
e2,AAPL,21,5,best_recent,last3,xgb@market,0.0
e2,AAPL,21,5,best_recent,last3,xgb@sent,0.0
e2,AAPL,63,0,equal,expanding,elasticnet@market,0.1
e2,AAPL,63,0,equal,expanding,elasticnet@sent,0.1
e2,AAPL,63,0,equal,expanding,huber@market,0.1
e2,AAPL,63,0,equal,expanding,huber@sent,0.1
e2,AAPL,63,0,equal,expanding,lgbm_reg@market,0.1
e2,AAPL,63,0,equal,expanding,lgbm_reg@sent,0.1
e2,AAPL,63,0,equal,expanding,pls@market,0.1
e2,AAPL,63,0,equal,expanding,pls@sent,0.1
e2,AAPL,63,0,equal,expanding,xgb@market,0.1
e2,AAPL,63,0,equal,expanding,xgb@sent,0.1
e2,AAPL,63,1,equal,expanding,elasticnet@market,0.1
e2,AAPL,63,1,equal,expanding,elasticnet@sent,0.1
e2,AAPL,63,1,equal,expanding,huber@market,0.1
e2,AAPL,63,1,equal,expanding,huber@sent,0.1
e2,AAPL,63,1,equal,expanding,lgbm_reg@market,0.1
e2,AAPL,63,1,equal,expanding,lgbm_reg@sent,0.1
e2,AAPL,63,1,equal,expanding,pls@market,0.1
e2,AAPL,63,1,equal,expanding,pls@sent,0.1
e2,AAPL,63,1,equal,expanding,xgb@market,0.1
e2,AAPL,63,1,equal,expanding,xgb@sent,0.1
e2,AAPL,63,2,equal,expanding,elasticnet@market,0.1
e2,AAPL,63,2,equal,expanding,elasticnet@sent,0.1
e2,AAPL,63,2,equal,expanding,huber@market,0.1
e2,AAPL,63,2,equal,expanding,huber@sent,0.1
e2,AAPL,63,2,equal,expanding,lgbm_reg@market,0.1
e2,AAPL,63,2,equal,expanding,lgbm_reg@sent,0.1
e2,AAPL,63,2,equal,expanding,pls@market,0.1
e2,AAPL,63,2,equal,expanding,pls@sent,0.1
e2,AAPL,63,2,equal,expanding,xgb@market,0.1
e2,AAPL,63,2,equal,expanding,xgb@sent,0.1
e2,AAPL,63,3,equal,expanding,elasticnet@market,0.1
e2,AAPL,63,3,equal,expanding,elasticnet@sent,0.1
e2,AAPL,63,3,equal,expanding,huber@market,0.1
e2,AAPL,63,3,equal,expanding,huber@sent,0.1
e2,AAPL,63,3,equal,expanding,lgbm_reg@market,0.1
e2,AAPL,63,3,equal,expanding,lgbm_reg@sent,0.1
e2,AAPL,63,3,equal,expanding,pls@market,0.1
e2,AAPL,63,3,equal,expanding,pls@sent,0.1
e2,AAPL,63,3,equal,expanding,xgb@market,0.1
e2,AAPL,63,3,equal,expanding,xgb@sent,0.1
e2,AAPL,63,4,equal,expanding,elasticnet@market,0.1
e2,AAPL,63,4,equal,expanding,elasticnet@sent,0.1
e2,AAPL,63,4,equal,expanding,huber@market,0.1
e2,AAPL,63,4,equal,expanding,huber@sent,0.1
e2,AAPL,63,4,equal,expanding,lgbm_reg@market,0.1
e2,AAPL,63,4,equal,expanding,lgbm_reg@sent,0.1
e2,AAPL,63,4,equal,expanding,pls@market,0.1
e2,AAPL,63,4,equal,expanding,pls@sent,0.1
e2,AAPL,63,4,equal,expanding,xgb@market,0.1
e2,AAPL,63,4,equal,expanding,xgb@sent,0.1
e2,AAPL,63,5,equal,expanding,elasticnet@market,0.1
e2,AAPL,63,5,equal,expanding,elasticnet@sent,0.1
e2,AAPL,63,5,equal,expanding,huber@market,0.1
e2,AAPL,63,5,equal,expanding,huber@sent,0.1
e2,AAPL,63,5,equal,expanding,lgbm_reg@market,0.1
e2,AAPL,63,5,equal,expanding,lgbm_reg@sent,0.1
e2,AAPL,63,5,equal,expanding,pls@market,0.1
e2,AAPL,63,5,equal,expanding,pls@sent,0.1
e2,AAPL,63,5,equal,expanding,xgb@market,0.1
e2,AAPL,63,5,equal,expanding,xgb@sent,0.1
e2,AAPL,63,0,inv_mae,expanding,elasticnet@market,0.1
e2,AAPL,63,0,inv_mae,expanding,elasticnet@sent,0.1
e2,AAPL,63,0,inv_mae,expanding,huber@market,0.1
e2,AAPL,63,0,inv_mae,expanding,huber@sent,0.1
e2,AAPL,63,0,inv_mae,expanding,lgbm_reg@market,0.1
e2,AAPL,63,0,inv_mae,expanding,lgbm_reg@sent,0.1
e2,AAPL,63,0,inv_mae,expanding,pls@market,0.1
e2,AAPL,63,0,inv_mae,expanding,pls@sent,0.1
e2,AAPL,63,0,inv_mae,expanding,xgb@market,0.1
e2,AAPL,63,0,inv_mae,expanding,xgb@sent,0.1
e2,AAPL,63,1,inv_mae,expanding,elasticnet@market,0.11467371994602778
e2,AAPL,63,1,inv_mae,expanding,elasticnet@sent,0.12730154229216314
e2,AAPL,63,1,inv_mae,expanding,huber@market,0.0654557569490722
e2,AAPL,63,1,inv_mae,expanding,huber@sent,0.0705897119750103
e2,AAPL,63,1,inv_mae,expanding,lgbm_reg@market,0.09006410738848408
e2,AAPL,63,1,inv_mae,expanding,lgbm_reg@sent,0.09537321372896439
e2,AAPL,63,1,inv_mae,expanding,pls@market,0.08935956103189531
e2,AAPL,63,1,inv_mae,expanding,pls@sent,0.1037364823181343
e2,AAPL,63,1,inv_mae,expanding,xgb@market,0.11557800616655398
e2,AAPL,63,1,inv_mae,expanding,xgb@sent,0.12786789820369449
e2,AAPL,63,2,inv_mae,expanding,elasticnet@market,0.10380863505082291
e2,AAPL,63,2,inv_mae,expanding,elasticnet@sent,0.09326908055856517
e2,AAPL,63,2,inv_mae,expanding,huber@market,0.07578985252498437
e2,AAPL,63,2,inv_mae,expanding,huber@sent,0.06241562091136952
e2,AAPL,63,2,inv_mae,expanding,lgbm_reg@market,0.1118889332644139
e2,AAPL,63,2,inv_mae,expanding,lgbm_reg@sent,0.1095939197072234
e2,AAPL,63,2,inv_mae,expanding,pls@market,0.11297114742848607
e2,AAPL,63,2,inv_mae,expanding,pls@sent,0.10456333799755202
e2,AAPL,63,2,inv_mae,expanding,xgb@market,0.11122850647233949
e2,AAPL,63,2,inv_mae,expanding,xgb@sent,0.11447096608424308
e2,AAPL,63,3,inv_mae,expanding,elasticnet@market,0.08613875597851356
e2,AAPL,63,3,inv_mae,expanding,elasticnet@sent,0.0894559830843109
e2,AAPL,63,3,inv_mae,expanding,huber@market,0.07120850620489783
e2,AAPL,63,3,inv_mae,expanding,huber@sent,0.07518110039769074
e2,AAPL,63,3,inv_mae,expanding,lgbm_reg@market,0.1242232078585549
e2,AAPL,63,3,inv_mae,expanding,lgbm_reg@sent,0.1290202046189945
e2,AAPL,63,3,inv_mae,expanding,pls@market,0.08758844260566741
e2,AAPL,63,3,inv_mae,expanding,pls@sent,0.09319762621809043
e2,AAPL,63,3,inv_mae,expanding,xgb@market,0.1157528699062774
e2,AAPL,63,3,inv_mae,expanding,xgb@sent,0.12823330312700237
e2,AAPL,63,4,inv_mae,expanding,elasticnet@market,0.08959231869207976
e2,AAPL,63,4,inv_mae,expanding,elasticnet@sent,0.09803334026907541
e2,AAPL,63,4,inv_mae,expanding,huber@market,0.0749329726951937
e2,AAPL,63,4,inv_mae,expanding,huber@sent,0.08061962977187717
e2,AAPL,63,4,inv_mae,expanding,lgbm_reg@market,0.11599220131562993
e2,AAPL,63,4,inv_mae,expanding,lgbm_reg@sent,0.12162357222383327
e2,AAPL,63,4,inv_mae,expanding,pls@market,0.09535897013031817
e2,AAPL,63,4,inv_mae,expanding,pls@sent,0.09529969642888225
e2,AAPL,63,4,inv_mae,expanding,xgb@market,0.11001769595733694
e2,AAPL,63,4,inv_mae,expanding,xgb@sent,0.11852960251577348
e2,AAPL,63,5,inv_mae,expanding,elasticnet@market,0.09348226925570992
e2,AAPL,63,5,inv_mae,expanding,elasticnet@sent,0.09133767292532237
e2,AAPL,63,5,inv_mae,expanding,huber@market,0.08080047181983116
e2,AAPL,63,5,inv_mae,expanding,huber@sent,0.07861315170866247
e2,AAPL,63,5,inv_mae,expanding,lgbm_reg@market,0.11261455043571972
e2,AAPL,63,5,inv_mae,expanding,lgbm_reg@sent,0.11790705103890366
e2,AAPL,63,5,inv_mae,expanding,pls@market,0.10110767888402528
e2,AAPL,63,5,inv_mae,expanding,pls@sent,0.10116108683749989
e2,AAPL,63,5,inv_mae,expanding,xgb@market,0.10859431902669132
e2,AAPL,63,5,inv_mae,expanding,xgb@sent,0.11438174806763418
e2,AAPL,63,0,inv_mae,last3,elasticnet@market,0.1
e2,AAPL,63,0,inv_mae,last3,elasticnet@sent,0.1
e2,AAPL,63,0,inv_mae,last3,huber@market,0.1
e2,AAPL,63,0,inv_mae,last3,huber@sent,0.1
e2,AAPL,63,0,inv_mae,last3,lgbm_reg@market,0.1
e2,AAPL,63,0,inv_mae,last3,lgbm_reg@sent,0.1
e2,AAPL,63,0,inv_mae,last3,pls@market,0.1
e2,AAPL,63,0,inv_mae,last3,pls@sent,0.1
e2,AAPL,63,0,inv_mae,last3,xgb@market,0.1
e2,AAPL,63,0,inv_mae,last3,xgb@sent,0.1
e2,AAPL,63,1,inv_mae,last3,elasticnet@market,0.11467371994602778
e2,AAPL,63,1,inv_mae,last3,elasticnet@sent,0.12730154229216314
e2,AAPL,63,1,inv_mae,last3,huber@market,0.0654557569490722
e2,AAPL,63,1,inv_mae,last3,huber@sent,0.0705897119750103
e2,AAPL,63,1,inv_mae,last3,lgbm_reg@market,0.09006410738848408
e2,AAPL,63,1,inv_mae,last3,lgbm_reg@sent,0.09537321372896439
e2,AAPL,63,1,inv_mae,last3,pls@market,0.08935956103189531
e2,AAPL,63,1,inv_mae,last3,pls@sent,0.1037364823181343
e2,AAPL,63,1,inv_mae,last3,xgb@market,0.11557800616655398
e2,AAPL,63,1,inv_mae,last3,xgb@sent,0.12786789820369449
e2,AAPL,63,2,inv_mae,last3,elasticnet@market,0.10380863505082291
e2,AAPL,63,2,inv_mae,last3,elasticnet@sent,0.09326908055856517
e2,AAPL,63,2,inv_mae,last3,huber@market,0.07578985252498437
e2,AAPL,63,2,inv_mae,last3,huber@sent,0.06241562091136952
e2,AAPL,63,2,inv_mae,last3,lgbm_reg@market,0.1118889332644139
e2,AAPL,63,2,inv_mae,last3,lgbm_reg@sent,0.1095939197072234
e2,AAPL,63,2,inv_mae,last3,pls@market,0.11297114742848607
e2,AAPL,63,2,inv_mae,last3,pls@sent,0.10456333799755202
e2,AAPL,63,2,inv_mae,last3,xgb@market,0.11122850647233949
e2,AAPL,63,2,inv_mae,last3,xgb@sent,0.11447096608424308
e2,AAPL,63,3,inv_mae,last3,elasticnet@market,0.08613875597851356
e2,AAPL,63,3,inv_mae,last3,elasticnet@sent,0.0894559830843109
e2,AAPL,63,3,inv_mae,last3,huber@market,0.07120850620489783
e2,AAPL,63,3,inv_mae,last3,huber@sent,0.07518110039769074
e2,AAPL,63,3,inv_mae,last3,lgbm_reg@market,0.1242232078585549
e2,AAPL,63,3,inv_mae,last3,lgbm_reg@sent,0.1290202046189945
e2,AAPL,63,3,inv_mae,last3,pls@market,0.08758844260566741
e2,AAPL,63,3,inv_mae,last3,pls@sent,0.09319762621809043
e2,AAPL,63,3,inv_mae,last3,xgb@market,0.1157528699062774
e2,AAPL,63,3,inv_mae,last3,xgb@sent,0.12823330312700237
e2,AAPL,63,4,inv_mae,last3,elasticnet@market,0.07706341432857082
e2,AAPL,63,4,inv_mae,last3,elasticnet@sent,0.08370204491315605
e2,AAPL,63,4,inv_mae,last3,huber@market,0.07965436135553364
e2,AAPL,63,4,inv_mae,last3,huber@sent,0.08557867248313802
e2,AAPL,63,4,inv_mae,last3,lgbm_reg@market,0.13250302120342958
e2,AAPL,63,4,inv_mae,last3,lgbm_reg@sent,0.1380823568119151
e2,AAPL,63,4,inv_mae,last3,pls@market,0.09726247814494733
e2,AAPL,63,4,inv_mae,last3,pls@sent,0.08933139120246568
e2,AAPL,63,4,inv_mae,last3,xgb@market,0.10516660002736394
e2,AAPL,63,4,inv_mae,last3,xgb@sent,0.11165565952947976
e2,AAPL,63,5,inv_mae,last3,elasticnet@market,0.08526630753329978
e2,AAPL,63,5,inv_mae,last3,elasticnet@sent,0.0891199327263479
e2,AAPL,63,5,inv_mae,last3,huber@market,0.0846364671919973
e2,AAPL,63,5,inv_mae,last3,huber@sent,0.09545191145204812
e2,AAPL,63,5,inv_mae,last3,lgbm_reg@market,0.11238955112106182
e2,AAPL,63,5,inv_mae,last3,lgbm_reg@sent,0.12446742491871611
e2,AAPL,63,5,inv_mae,last3,pls@market,0.09177443697306735
e2,AAPL,63,5,inv_mae,last3,pls@sent,0.09772956932483703
e2,AAPL,63,5,inv_mae,last3,xgb@market,0.10569398921288051
e2,AAPL,63,5,inv_mae,last3,xgb@sent,0.113470409545744
e2,AAPL,63,0,mae_da,expanding,elasticnet@market,0.1
e2,AAPL,63,0,mae_da,expanding,elasticnet@sent,0.1
e2,AAPL,63,0,mae_da,expanding,huber@market,0.1
e2,AAPL,63,0,mae_da,expanding,huber@sent,0.1
e2,AAPL,63,0,mae_da,expanding,lgbm_reg@market,0.1
e2,AAPL,63,0,mae_da,expanding,lgbm_reg@sent,0.1
e2,AAPL,63,0,mae_da,expanding,pls@market,0.1
e2,AAPL,63,0,mae_da,expanding,pls@sent,0.1
e2,AAPL,63,0,mae_da,expanding,xgb@market,0.1
e2,AAPL,63,0,mae_da,expanding,xgb@sent,0.1
e2,AAPL,63,1,mae_da,expanding,elasticnet@market,0.047486900138450125
e2,AAPL,63,1,mae_da,expanding,elasticnet@sent,0.10894669529353188
e2,AAPL,63,1,mae_da,expanding,huber@market,0.0027357652763200196
e2,AAPL,63,1,mae_da,expanding,huber@sent,0.003965834507806421
e2,AAPL,63,1,mae_da,expanding,lgbm_reg@market,0.1863424688778956
e2,AAPL,63,1,mae_da,expanding,lgbm_reg@sent,0.24182710723978776
e2,AAPL,63,1,mae_da,expanding,pls@market,0.10750659126248285
e2,AAPL,63,1,mae_da,expanding,pls@sent,0.0662552031778513
e2,AAPL,63,1,mae_da,expanding,xgb@market,0.13732086588698553
e2,AAPL,63,1,mae_da,expanding,xgb@sent,0.09761256833888851
e2,AAPL,63,2,mae_da,expanding,elasticnet@market,0.13219749223059635
e2,AAPL,63,2,mae_da,expanding,elasticnet@sent,0.030815885268726962
e2,AAPL,63,2,mae_da,expanding,huber@market,0.024028369856824806
e2,AAPL,63,2,mae_da,expanding,huber@sent,0.0013735018629350978
e2,AAPL,63,2,mae_da,expanding,lgbm_reg@market,0.19098939667664805
e2,AAPL,63,2,mae_da,expanding,lgbm_reg@sent,0.17263526263918727
e2,AAPL,63,2,mae_da,expanding,pls@market,0.3590909548137808
e2,AAPL,63,2,mae_da,expanding,pls@sent,0.02473171803969185
e2,AAPL,63,2,mae_da,expanding,xgb@market,0.04877229058316716
e2,AAPL,63,2,mae_da,expanding,xgb@sent,0.015365128028441663
e2,AAPL,63,3,mae_da,expanding,elasticnet@market,0.05506288895697136
e2,AAPL,63,3,mae_da,expanding,elasticnet@sent,0.024739739329937352
e2,AAPL,63,3,mae_da,expanding,huber@market,0.019368117514081313
e2,AAPL,63,3,mae_da,expanding,huber@sent,0.0035680000046431895
e2,AAPL,63,3,mae_da,expanding,lgbm_reg@market,0.3058242194117505
e2,AAPL,63,3,mae_da,expanding,lgbm_reg@sent,0.3785664846078209
e2,AAPL,63,3,mae_da,expanding,pls@market,0.11177776951465147
e2,AAPL,63,3,mae_da,expanding,pls@sent,0.014092737925202372
e2,AAPL,63,3,mae_da,expanding,xgb@market,0.05555187700210383
e2,AAPL,63,3,mae_da,expanding,xgb@sent,0.03144816573283778
e2,AAPL,63,4,mae_da,expanding,elasticnet@market,0.03981053263987326
e2,AAPL,63,4,mae_da,expanding,elasticnet@sent,0.03669561000458902
e2,AAPL,63,4,mae_da,expanding,huber@market,0.007349338996347923
e2,AAPL,63,4,mae_da,expanding,huber@sent,0.00362700137089438
e2,AAPL,63,4,mae_da,expanding,lgbm_reg@market,0.28363704049645444
e2,AAPL,63,4,mae_da,expanding,lgbm_reg@sent,0.3944389731183007
e2,AAPL,63,4,mae_da,expanding,pls@market,0.15455243266615762
e2,AAPL,63,4,mae_da,expanding,pls@sent,0.0118119576246398
e2,AAPL,63,4,mae_da,expanding,xgb@market,0.04424799462643416
e2,AAPL,63,4,mae_da,expanding,xgb@sent,0.02382911845630881
e2,AAPL,63,5,mae_da,expanding,elasticnet@market,0.04492917366499156
e2,AAPL,63,5,mae_da,expanding,elasticnet@sent,0.005736665039926385
e2,AAPL,63,5,mae_da,expanding,huber@market,0.01057450803960002
e2,AAPL,63,5,mae_da,expanding,huber@sent,0.0009525553940914419
e2,AAPL,63,5,mae_da,expanding,lgbm_reg@market,0.23829394364338552
e2,AAPL,63,5,mae_da,expanding,lgbm_reg@sent,0.36929490605608933
e2,AAPL,63,5,mae_da,expanding,pls@market,0.16210692267768445
e2,AAPL,63,5,mae_da,expanding,pls@sent,0.030962711008079038
e2,AAPL,63,5,mae_da,expanding,xgb@market,0.08356619599658735
e2,AAPL,63,5,mae_da,expanding,xgb@sent,0.0535824184795649
e2,AAPL,63,0,mae_da,last3,elasticnet@market,0.1
e2,AAPL,63,0,mae_da,last3,elasticnet@sent,0.1
e2,AAPL,63,0,mae_da,last3,huber@market,0.1
e2,AAPL,63,0,mae_da,last3,huber@sent,0.1
e2,AAPL,63,0,mae_da,last3,lgbm_reg@market,0.1
e2,AAPL,63,0,mae_da,last3,lgbm_reg@sent,0.1
e2,AAPL,63,0,mae_da,last3,pls@market,0.1
e2,AAPL,63,0,mae_da,last3,pls@sent,0.1
e2,AAPL,63,0,mae_da,last3,xgb@market,0.1
e2,AAPL,63,0,mae_da,last3,xgb@sent,0.1
e2,AAPL,63,1,mae_da,last3,elasticnet@market,0.047486900138450125
e2,AAPL,63,1,mae_da,last3,elasticnet@sent,0.10894669529353188
e2,AAPL,63,1,mae_da,last3,huber@market,0.0027357652763200196
e2,AAPL,63,1,mae_da,last3,huber@sent,0.003965834507806421
e2,AAPL,63,1,mae_da,last3,lgbm_reg@market,0.1863424688778956
e2,AAPL,63,1,mae_da,last3,lgbm_reg@sent,0.24182710723978776
e2,AAPL,63,1,mae_da,last3,pls@market,0.10750659126248285
e2,AAPL,63,1,mae_da,last3,pls@sent,0.0662552031778513
e2,AAPL,63,1,mae_da,last3,xgb@market,0.13732086588698553
e2,AAPL,63,1,mae_da,last3,xgb@sent,0.09761256833888851
e2,AAPL,63,2,mae_da,last3,elasticnet@market,0.13219749223059635
e2,AAPL,63,2,mae_da,last3,elasticnet@sent,0.030815885268726962
e2,AAPL,63,2,mae_da,last3,huber@market,0.024028369856824806
e2,AAPL,63,2,mae_da,last3,huber@sent,0.0013735018629350978
e2,AAPL,63,2,mae_da,last3,lgbm_reg@market,0.19098939667664805
e2,AAPL,63,2,mae_da,last3,lgbm_reg@sent,0.17263526263918727
e2,AAPL,63,2,mae_da,last3,pls@market,0.3590909548137808
e2,AAPL,63,2,mae_da,last3,pls@sent,0.02473171803969185
e2,AAPL,63,2,mae_da,last3,xgb@market,0.04877229058316716
e2,AAPL,63,2,mae_da,last3,xgb@sent,0.015365128028441663
e2,AAPL,63,3,mae_da,last3,elasticnet@market,0.05506288895697136
e2,AAPL,63,3,mae_da,last3,elasticnet@sent,0.024739739329937352
e2,AAPL,63,3,mae_da,last3,huber@market,0.019368117514081313
e2,AAPL,63,3,mae_da,last3,huber@sent,0.0035680000046431895
e2,AAPL,63,3,mae_da,last3,lgbm_reg@market,0.3058242194117505
e2,AAPL,63,3,mae_da,last3,lgbm_reg@sent,0.3785664846078209
e2,AAPL,63,3,mae_da,last3,pls@market,0.11177776951465147
e2,AAPL,63,3,mae_da,last3,pls@sent,0.014092737925202372
e2,AAPL,63,3,mae_da,last3,xgb@market,0.05555187700210383
e2,AAPL,63,3,mae_da,last3,xgb@sent,0.03144816573283778
e2,AAPL,63,4,mae_da,last3,elasticnet@market,0.03268230760864722
e2,AAPL,63,4,mae_da,last3,elasticnet@sent,0.019969309948991057
e2,AAPL,63,4,mae_da,last3,huber@market,0.023855318310520717
e2,AAPL,63,4,mae_da,last3,huber@sent,0.00834599298786732
e2,AAPL,63,4,mae_da,last3,lgbm_reg@market,0.3064861597254681
e2,AAPL,63,4,mae_da,last3,lgbm_reg@sent,0.3921053492532447
e2,AAPL,63,4,mae_da,last3,pls@market,0.16822407942411532
e2,AAPL,63,4,mae_da,last3,pls@sent,0.007789218551492676
e2,AAPL,63,4,mae_da,last3,xgb@market,0.026994431329257867
e2,AAPL,63,4,mae_da,last3,xgb@sent,0.013547832860395053
e2,AAPL,63,5,mae_da,last3,elasticnet@market,0.010404915899716958
e2,AAPL,63,5,mae_da,last3,elasticnet@sent,0.002056216759090002
e2,AAPL,63,5,mae_da,last3,huber@market,0.00628716022636993
e2,AAPL,63,5,mae_da,last3,huber@sent,0.0036058456804120226
e2,AAPL,63,5,mae_da,last3,lgbm_reg@market,0.1568711840326772
e2,AAPL,63,5,mae_da,last3,lgbm_reg@sent,0.41038647860750027
e2,AAPL,63,5,mae_da,last3,pls@market,0.031078734763076477
e2,AAPL,63,5,mae_da,last3,pls@sent,0.04341795701417953
e2,AAPL,63,5,mae_da,last3,xgb@market,0.11559298436237495
e2,AAPL,63,5,mae_da,last3,xgb@sent,0.2202985226546027
e2,AAPL,63,0,softmax_ic,expanding,elasticnet@market,0.1
e2,AAPL,63,0,softmax_ic,expanding,elasticnet@sent,0.1
e2,AAPL,63,0,softmax_ic,expanding,huber@market,0.1
e2,AAPL,63,0,softmax_ic,expanding,huber@sent,0.1
e2,AAPL,63,0,softmax_ic,expanding,lgbm_reg@market,0.1
e2,AAPL,63,0,softmax_ic,expanding,lgbm_reg@sent,0.1
e2,AAPL,63,0,softmax_ic,expanding,pls@market,0.1
e2,AAPL,63,0,softmax_ic,expanding,pls@sent,0.1
e2,AAPL,63,0,softmax_ic,expanding,xgb@market,0.1
e2,AAPL,63,0,softmax_ic,expanding,xgb@sent,0.1
e2,AAPL,63,1,softmax_ic,expanding,elasticnet@market,7.466923912304141e-06
e2,AAPL,63,1,softmax_ic,expanding,elasticnet@sent,3.286110022519161e-06
e2,AAPL,63,1,softmax_ic,expanding,huber@market,4.137099645285698e-09
e2,AAPL,63,1,softmax_ic,expanding,huber@sent,2.487315922265684e-07
e2,AAPL,63,1,softmax_ic,expanding,lgbm_reg@market,0.01815865443919093
e2,AAPL,63,1,softmax_ic,expanding,lgbm_reg@sent,0.011809851005221464
e2,AAPL,63,1,softmax_ic,expanding,pls@market,0.0068613728831476
e2,AAPL,63,1,softmax_ic,expanding,pls@sent,0.005158942785645165
e2,AAPL,63,1,softmax_ic,expanding,xgb@market,0.623339206688577
e2,AAPL,63,1,softmax_ic,expanding,xgb@sent,0.33466096629559106
e2,AAPL,63,2,softmax_ic,expanding,elasticnet@market,0.0051464062050552645
e2,AAPL,63,2,softmax_ic,expanding,elasticnet@sent,0.0011694153109490777
e2,AAPL,63,2,softmax_ic,expanding,huber@market,3.7144137727062145e-05
e2,AAPL,63,2,softmax_ic,expanding,huber@sent,0.00023896962353589298
e2,AAPL,63,2,softmax_ic,expanding,lgbm_reg@market,0.03127038835083352
e2,AAPL,63,2,softmax_ic,expanding,lgbm_reg@sent,0.07942641624459085
e2,AAPL,63,2,softmax_ic,expanding,pls@market,0.0023776114832547127
e2,AAPL,63,2,softmax_ic,expanding,pls@sent,0.016606200450652985
e2,AAPL,63,2,softmax_ic,expanding,xgb@market,0.45610829345930676
e2,AAPL,63,2,softmax_ic,expanding,xgb@sent,0.4076191547340939
e2,AAPL,63,3,softmax_ic,expanding,elasticnet@market,0.5967192311529361
e2,AAPL,63,3,softmax_ic,expanding,elasticnet@sent,0.14068222191963464
e2,AAPL,63,3,softmax_ic,expanding,huber@market,0.008538254325451414
e2,AAPL,63,3,softmax_ic,expanding,huber@sent,0.0348730171042653
e2,AAPL,63,3,softmax_ic,expanding,lgbm_reg@market,0.004821805989361023
e2,AAPL,63,3,softmax_ic,expanding,lgbm_reg@sent,0.023863243040894763
e2,AAPL,63,3,softmax_ic,expanding,pls@market,0.00022733682536274554
e2,AAPL,63,3,softmax_ic,expanding,pls@sent,0.00208202752761539
e2,AAPL,63,3,softmax_ic,expanding,xgb@market,0.07791871460207228
e2,AAPL,63,3,softmax_ic,expanding,xgb@sent,0.1102741475124062
e2,AAPL,63,4,softmax_ic,expanding,elasticnet@market,0.40933482478617905
e2,AAPL,63,4,softmax_ic,expanding,elasticnet@sent,0.20196290021502236
e2,AAPL,63,4,softmax_ic,expanding,huber@market,0.01670247965847672
e2,AAPL,63,4,softmax_ic,expanding,huber@sent,0.05631841229949772
e2,AAPL,63,4,softmax_ic,expanding,lgbm_reg@market,0.005320764156992569
e2,AAPL,63,4,softmax_ic,expanding,lgbm_reg@sent,0.024211622798575798
e2,AAPL,63,4,softmax_ic,expanding,pls@market,0.002464445564595533
e2,AAPL,63,4,softmax_ic,expanding,pls@sent,0.021958726339124934
e2,AAPL,63,4,softmax_ic,expanding,xgb@market,0.11640415230000363
e2,AAPL,63,4,softmax_ic,expanding,xgb@sent,0.14532167188153167
e2,AAPL,63,5,softmax_ic,expanding,elasticnet@market,0.12055016289623331
e2,AAPL,63,5,softmax_ic,expanding,elasticnet@sent,0.07579482225410587
e2,AAPL,63,5,softmax_ic,expanding,huber@market,0.014872554234494434
e2,AAPL,63,5,softmax_ic,expanding,huber@sent,0.034790185680839636
e2,AAPL,63,5,softmax_ic,expanding,lgbm_reg@market,0.0334124103022268
e2,AAPL,63,5,softmax_ic,expanding,lgbm_reg@sent,0.09866913588129286
e2,AAPL,63,5,softmax_ic,expanding,pls@market,0.004377853179401798
e2,AAPL,63,5,softmax_ic,expanding,pls@sent,0.035772569649987915
e2,AAPL,63,5,softmax_ic,expanding,xgb@market,0.33012279936222544
e2,AAPL,63,5,softmax_ic,expanding,xgb@sent,0.2516375065591919
e2,AAPL,63,0,softmax_ic,last3,elasticnet@market,0.1
e2,AAPL,63,0,softmax_ic,last3,elasticnet@sent,0.1
e2,AAPL,63,0,softmax_ic,last3,huber@market,0.1
e2,AAPL,63,0,softmax_ic,last3,huber@sent,0.1
e2,AAPL,63,0,softmax_ic,last3,lgbm_reg@market,0.1
e2,AAPL,63,0,softmax_ic,last3,lgbm_reg@sent,0.1
e2,AAPL,63,0,softmax_ic,last3,pls@market,0.1
e2,AAPL,63,0,softmax_ic,last3,pls@sent,0.1
e2,AAPL,63,0,softmax_ic,last3,xgb@market,0.1
e2,AAPL,63,0,softmax_ic,last3,xgb@sent,0.1
e2,AAPL,63,1,softmax_ic,last3,elasticnet@market,7.466923912304141e-06
e2,AAPL,63,1,softmax_ic,last3,elasticnet@sent,3.286110022519161e-06
e2,AAPL,63,1,softmax_ic,last3,huber@market,4.137099645285698e-09
e2,AAPL,63,1,softmax_ic,last3,huber@sent,2.487315922265684e-07
e2,AAPL,63,1,softmax_ic,last3,lgbm_reg@market,0.01815865443919093
e2,AAPL,63,1,softmax_ic,last3,lgbm_reg@sent,0.011809851005221464
e2,AAPL,63,1,softmax_ic,last3,pls@market,0.0068613728831476
e2,AAPL,63,1,softmax_ic,last3,pls@sent,0.005158942785645165
e2,AAPL,63,1,softmax_ic,last3,xgb@market,0.623339206688577
e2,AAPL,63,1,softmax_ic,last3,xgb@sent,0.33466096629559106
e2,AAPL,63,2,softmax_ic,last3,elasticnet@market,0.0051464062050552645
e2,AAPL,63,2,softmax_ic,last3,elasticnet@sent,0.0011694153109490777
e2,AAPL,63,2,softmax_ic,last3,huber@market,3.7144137727062145e-05
e2,AAPL,63,2,softmax_ic,last3,huber@sent,0.00023896962353589298
e2,AAPL,63,2,softmax_ic,last3,lgbm_reg@market,0.03127038835083352
e2,AAPL,63,2,softmax_ic,last3,lgbm_reg@sent,0.07942641624459085
e2,AAPL,63,2,softmax_ic,last3,pls@market,0.0023776114832547127
e2,AAPL,63,2,softmax_ic,last3,pls@sent,0.016606200450652985
e2,AAPL,63,2,softmax_ic,last3,xgb@market,0.45610829345930676
e2,AAPL,63,2,softmax_ic,last3,xgb@sent,0.4076191547340939
e2,AAPL,63,3,softmax_ic,last3,elasticnet@market,0.5967192311529361
e2,AAPL,63,3,softmax_ic,last3,elasticnet@sent,0.14068222191963464
e2,AAPL,63,3,softmax_ic,last3,huber@market,0.008538254325451414
e2,AAPL,63,3,softmax_ic,last3,huber@sent,0.0348730171042653
e2,AAPL,63,3,softmax_ic,last3,lgbm_reg@market,0.004821805989361023
e2,AAPL,63,3,softmax_ic,last3,lgbm_reg@sent,0.023863243040894763
e2,AAPL,63,3,softmax_ic,last3,pls@market,0.00022733682536274554
e2,AAPL,63,3,softmax_ic,last3,pls@sent,0.00208202752761539
e2,AAPL,63,3,softmax_ic,last3,xgb@market,0.07791871460207228
e2,AAPL,63,3,softmax_ic,last3,xgb@sent,0.1102741475124062
e2,AAPL,63,4,softmax_ic,last3,elasticnet@market,0.42734444907562524
e2,AAPL,63,4,softmax_ic,last3,elasticnet@sent,0.16317786195960565
e2,AAPL,63,4,softmax_ic,last3,huber@market,0.20209382250840416
e2,AAPL,63,4,softmax_ic,last3,huber@sent,0.04891105858497671
e2,AAPL,63,4,softmax_ic,last3,lgbm_reg@market,0.03528340346876262
e2,AAPL,63,4,softmax_ic,last3,lgbm_reg@sent,0.05076915983805492
e2,AAPL,63,4,softmax_ic,last3,pls@market,0.018554871663229285
e2,AAPL,63,4,softmax_ic,last3,pls@sent,0.01858960558805019
e2,AAPL,63,4,softmax_ic,last3,xgb@market,0.018618374396299892
e2,AAPL,63,4,softmax_ic,last3,xgb@sent,0.01665739291699154
e2,AAPL,63,5,softmax_ic,last3,elasticnet@market,0.0004545108804580227
e2,AAPL,63,5,softmax_ic,last3,elasticnet@sent,0.000662682918108769
e2,AAPL,63,5,softmax_ic,last3,huber@market,0.0006740280951647925
e2,AAPL,63,5,softmax_ic,last3,huber@sent,0.0008758289360221224
e2,AAPL,63,5,softmax_ic,last3,lgbm_reg@market,0.37957792235333254
e2,AAPL,63,5,softmax_ic,last3,lgbm_reg@sent,0.4523767568998023
e2,AAPL,63,5,softmax_ic,last3,pls@market,0.001044629349350838
e2,AAPL,63,5,softmax_ic,last3,pls@sent,0.002641710328192308
e2,AAPL,63,5,softmax_ic,last3,xgb@market,0.118454286757661
e2,AAPL,63,5,softmax_ic,last3,xgb@sent,0.04323764348190725
e2,AAPL,63,0,best_recent,expanding,elasticnet@market,0.1
e2,AAPL,63,0,best_recent,expanding,elasticnet@sent,0.1
e2,AAPL,63,0,best_recent,expanding,huber@market,0.1
e2,AAPL,63,0,best_recent,expanding,huber@sent,0.1
e2,AAPL,63,0,best_recent,expanding,lgbm_reg@market,0.1
e2,AAPL,63,0,best_recent,expanding,lgbm_reg@sent,0.1
e2,AAPL,63,0,best_recent,expanding,pls@market,0.1
e2,AAPL,63,0,best_recent,expanding,pls@sent,0.1
e2,AAPL,63,0,best_recent,expanding,xgb@market,0.1
e2,AAPL,63,0,best_recent,expanding,xgb@sent,0.1
e2,AAPL,63,1,best_recent,expanding,elasticnet@market,0.0
e2,AAPL,63,1,best_recent,expanding,elasticnet@sent,0.0
e2,AAPL,63,1,best_recent,expanding,huber@market,0.0
e2,AAPL,63,1,best_recent,expanding,huber@sent,0.0
e2,AAPL,63,1,best_recent,expanding,lgbm_reg@market,0.0
e2,AAPL,63,1,best_recent,expanding,lgbm_reg@sent,0.0
e2,AAPL,63,1,best_recent,expanding,pls@market,0.0
e2,AAPL,63,1,best_recent,expanding,pls@sent,0.0
e2,AAPL,63,1,best_recent,expanding,xgb@market,1.0
e2,AAPL,63,1,best_recent,expanding,xgb@sent,0.0
e2,AAPL,63,2,best_recent,expanding,elasticnet@market,0.0
e2,AAPL,63,2,best_recent,expanding,elasticnet@sent,0.0
e2,AAPL,63,2,best_recent,expanding,huber@market,0.0
e2,AAPL,63,2,best_recent,expanding,huber@sent,0.0
e2,AAPL,63,2,best_recent,expanding,lgbm_reg@market,0.0
e2,AAPL,63,2,best_recent,expanding,lgbm_reg@sent,0.0
e2,AAPL,63,2,best_recent,expanding,pls@market,0.0
e2,AAPL,63,2,best_recent,expanding,pls@sent,0.0
e2,AAPL,63,2,best_recent,expanding,xgb@market,1.0
e2,AAPL,63,2,best_recent,expanding,xgb@sent,0.0
e2,AAPL,63,3,best_recent,expanding,elasticnet@market,1.0
e2,AAPL,63,3,best_recent,expanding,elasticnet@sent,0.0
e2,AAPL,63,3,best_recent,expanding,huber@market,0.0
e2,AAPL,63,3,best_recent,expanding,huber@sent,0.0
e2,AAPL,63,3,best_recent,expanding,lgbm_reg@market,0.0
e2,AAPL,63,3,best_recent,expanding,lgbm_reg@sent,0.0
e2,AAPL,63,3,best_recent,expanding,pls@market,0.0
e2,AAPL,63,3,best_recent,expanding,pls@sent,0.0
e2,AAPL,63,3,best_recent,expanding,xgb@market,0.0
e2,AAPL,63,3,best_recent,expanding,xgb@sent,0.0
e2,AAPL,63,4,best_recent,expanding,elasticnet@market,1.0
e2,AAPL,63,4,best_recent,expanding,elasticnet@sent,0.0
e2,AAPL,63,4,best_recent,expanding,huber@market,0.0
e2,AAPL,63,4,best_recent,expanding,huber@sent,0.0
e2,AAPL,63,4,best_recent,expanding,lgbm_reg@market,0.0
e2,AAPL,63,4,best_recent,expanding,lgbm_reg@sent,0.0
e2,AAPL,63,4,best_recent,expanding,pls@market,0.0
e2,AAPL,63,4,best_recent,expanding,pls@sent,0.0
e2,AAPL,63,4,best_recent,expanding,xgb@market,0.0
e2,AAPL,63,4,best_recent,expanding,xgb@sent,0.0
e2,AAPL,63,5,best_recent,expanding,elasticnet@market,0.0
e2,AAPL,63,5,best_recent,expanding,elasticnet@sent,0.0
e2,AAPL,63,5,best_recent,expanding,huber@market,0.0
e2,AAPL,63,5,best_recent,expanding,huber@sent,0.0
e2,AAPL,63,5,best_recent,expanding,lgbm_reg@market,0.0
e2,AAPL,63,5,best_recent,expanding,lgbm_reg@sent,0.0
e2,AAPL,63,5,best_recent,expanding,pls@market,0.0
e2,AAPL,63,5,best_recent,expanding,pls@sent,0.0
e2,AAPL,63,5,best_recent,expanding,xgb@market,1.0
e2,AAPL,63,5,best_recent,expanding,xgb@sent,0.0
e2,AAPL,63,0,best_recent,last3,elasticnet@market,0.1
e2,AAPL,63,0,best_recent,last3,elasticnet@sent,0.1
e2,AAPL,63,0,best_recent,last3,huber@market,0.1
e2,AAPL,63,0,best_recent,last3,huber@sent,0.1
e2,AAPL,63,0,best_recent,last3,lgbm_reg@market,0.1
e2,AAPL,63,0,best_recent,last3,lgbm_reg@sent,0.1
e2,AAPL,63,0,best_recent,last3,pls@market,0.1
e2,AAPL,63,0,best_recent,last3,pls@sent,0.1
e2,AAPL,63,0,best_recent,last3,xgb@market,0.1
e2,AAPL,63,0,best_recent,last3,xgb@sent,0.1
e2,AAPL,63,1,best_recent,last3,elasticnet@market,0.0
e2,AAPL,63,1,best_recent,last3,elasticnet@sent,0.0
e2,AAPL,63,1,best_recent,last3,huber@market,0.0
e2,AAPL,63,1,best_recent,last3,huber@sent,0.0
e2,AAPL,63,1,best_recent,last3,lgbm_reg@market,0.0
e2,AAPL,63,1,best_recent,last3,lgbm_reg@sent,0.0
e2,AAPL,63,1,best_recent,last3,pls@market,0.0
e2,AAPL,63,1,best_recent,last3,pls@sent,0.0
e2,AAPL,63,1,best_recent,last3,xgb@market,1.0
e2,AAPL,63,1,best_recent,last3,xgb@sent,0.0
e2,AAPL,63,2,best_recent,last3,elasticnet@market,0.0
e2,AAPL,63,2,best_recent,last3,elasticnet@sent,0.0
e2,AAPL,63,2,best_recent,last3,huber@market,0.0
e2,AAPL,63,2,best_recent,last3,huber@sent,0.0
e2,AAPL,63,2,best_recent,last3,lgbm_reg@market,0.0
e2,AAPL,63,2,best_recent,last3,lgbm_reg@sent,0.0
e2,AAPL,63,2,best_recent,last3,pls@market,0.0
e2,AAPL,63,2,best_recent,last3,pls@sent,0.0
e2,AAPL,63,2,best_recent,last3,xgb@market,1.0
e2,AAPL,63,2,best_recent,last3,xgb@sent,0.0
e2,AAPL,63,3,best_recent,last3,elasticnet@market,1.0
e2,AAPL,63,3,best_recent,last3,elasticnet@sent,0.0
e2,AAPL,63,3,best_recent,last3,huber@market,0.0
e2,AAPL,63,3,best_recent,last3,huber@sent,0.0
e2,AAPL,63,3,best_recent,last3,lgbm_reg@market,0.0
e2,AAPL,63,3,best_recent,last3,lgbm_reg@sent,0.0
e2,AAPL,63,3,best_recent,last3,pls@market,0.0
e2,AAPL,63,3,best_recent,last3,pls@sent,0.0
e2,AAPL,63,3,best_recent,last3,xgb@market,0.0
e2,AAPL,63,3,best_recent,last3,xgb@sent,0.0
e2,AAPL,63,4,best_recent,last3,elasticnet@market,1.0
e2,AAPL,63,4,best_recent,last3,elasticnet@sent,0.0
e2,AAPL,63,4,best_recent,last3,huber@market,0.0
e2,AAPL,63,4,best_recent,last3,huber@sent,0.0
e2,AAPL,63,4,best_recent,last3,lgbm_reg@market,0.0
e2,AAPL,63,4,best_recent,last3,lgbm_reg@sent,0.0
e2,AAPL,63,4,best_recent,last3,pls@market,0.0
e2,AAPL,63,4,best_recent,last3,pls@sent,0.0
e2,AAPL,63,4,best_recent,last3,xgb@market,0.0
e2,AAPL,63,4,best_recent,last3,xgb@sent,0.0
e2,AAPL,63,5,best_recent,last3,elasticnet@market,0.0
e2,AAPL,63,5,best_recent,last3,elasticnet@sent,0.0
e2,AAPL,63,5,best_recent,last3,huber@market,0.0
e2,AAPL,63,5,best_recent,last3,huber@sent,0.0
e2,AAPL,63,5,best_recent,last3,lgbm_reg@market,0.0
e2,AAPL,63,5,best_recent,last3,lgbm_reg@sent,1.0
e2,AAPL,63,5,best_recent,last3,pls@market,0.0
e2,AAPL,63,5,best_recent,last3,pls@sent,0.0
e2,AAPL,63,5,best_recent,last3,xgb@market,0.0
e2,AAPL,63,5,best_recent,last3,xgb@sent,0.0
e2,JPM,5,0,equal,expanding,elasticnet@market,0.1
e2,JPM,5,0,equal,expanding,elasticnet@sent,0.1
e2,JPM,5,0,equal,expanding,huber@market,0.1
e2,JPM,5,0,equal,expanding,huber@sent,0.1
e2,JPM,5,0,equal,expanding,lgbm_reg@market,0.1
e2,JPM,5,0,equal,expanding,lgbm_reg@sent,0.1
e2,JPM,5,0,equal,expanding,pls@market,0.1
e2,JPM,5,0,equal,expanding,pls@sent,0.1
e2,JPM,5,0,equal,expanding,xgb@market,0.1
e2,JPM,5,0,equal,expanding,xgb@sent,0.1
e2,JPM,5,1,equal,expanding,elasticnet@market,0.1
e2,JPM,5,1,equal,expanding,elasticnet@sent,0.1
e2,JPM,5,1,equal,expanding,huber@market,0.1
e2,JPM,5,1,equal,expanding,huber@sent,0.1
e2,JPM,5,1,equal,expanding,lgbm_reg@market,0.1
e2,JPM,5,1,equal,expanding,lgbm_reg@sent,0.1
e2,JPM,5,1,equal,expanding,pls@market,0.1
e2,JPM,5,1,equal,expanding,pls@sent,0.1
e2,JPM,5,1,equal,expanding,xgb@market,0.1
e2,JPM,5,1,equal,expanding,xgb@sent,0.1
e2,JPM,5,2,equal,expanding,elasticnet@market,0.1
e2,JPM,5,2,equal,expanding,elasticnet@sent,0.1
e2,JPM,5,2,equal,expanding,huber@market,0.1
e2,JPM,5,2,equal,expanding,huber@sent,0.1
e2,JPM,5,2,equal,expanding,lgbm_reg@market,0.1
e2,JPM,5,2,equal,expanding,lgbm_reg@sent,0.1
e2,JPM,5,2,equal,expanding,pls@market,0.1
e2,JPM,5,2,equal,expanding,pls@sent,0.1
e2,JPM,5,2,equal,expanding,xgb@market,0.1
e2,JPM,5,2,equal,expanding,xgb@sent,0.1
e2,JPM,5,3,equal,expanding,elasticnet@market,0.1
e2,JPM,5,3,equal,expanding,elasticnet@sent,0.1
e2,JPM,5,3,equal,expanding,huber@market,0.1
e2,JPM,5,3,equal,expanding,huber@sent,0.1
e2,JPM,5,3,equal,expanding,lgbm_reg@market,0.1
e2,JPM,5,3,equal,expanding,lgbm_reg@sent,0.1
e2,JPM,5,3,equal,expanding,pls@market,0.1
e2,JPM,5,3,equal,expanding,pls@sent,0.1
e2,JPM,5,3,equal,expanding,xgb@market,0.1
e2,JPM,5,3,equal,expanding,xgb@sent,0.1
e2,JPM,5,4,equal,expanding,elasticnet@market,0.1
e2,JPM,5,4,equal,expanding,elasticnet@sent,0.1
e2,JPM,5,4,equal,expanding,huber@market,0.1
e2,JPM,5,4,equal,expanding,huber@sent,0.1
e2,JPM,5,4,equal,expanding,lgbm_reg@market,0.1
e2,JPM,5,4,equal,expanding,lgbm_reg@sent,0.1
e2,JPM,5,4,equal,expanding,pls@market,0.1
e2,JPM,5,4,equal,expanding,pls@sent,0.1
e2,JPM,5,4,equal,expanding,xgb@market,0.1
e2,JPM,5,4,equal,expanding,xgb@sent,0.1
e2,JPM,5,5,equal,expanding,elasticnet@market,0.1
e2,JPM,5,5,equal,expanding,elasticnet@sent,0.1
e2,JPM,5,5,equal,expanding,huber@market,0.1
e2,JPM,5,5,equal,expanding,huber@sent,0.1
e2,JPM,5,5,equal,expanding,lgbm_reg@market,0.1
e2,JPM,5,5,equal,expanding,lgbm_reg@sent,0.1
e2,JPM,5,5,equal,expanding,pls@market,0.1
e2,JPM,5,5,equal,expanding,pls@sent,0.1
e2,JPM,5,5,equal,expanding,xgb@market,0.1
e2,JPM,5,5,equal,expanding,xgb@sent,0.1
e2,JPM,5,0,inv_mae,expanding,elasticnet@market,0.1
e2,JPM,5,0,inv_mae,expanding,elasticnet@sent,0.1
e2,JPM,5,0,inv_mae,expanding,huber@market,0.1
e2,JPM,5,0,inv_mae,expanding,huber@sent,0.1
e2,JPM,5,0,inv_mae,expanding,lgbm_reg@market,0.1
e2,JPM,5,0,inv_mae,expanding,lgbm_reg@sent,0.1
e2,JPM,5,0,inv_mae,expanding,pls@market,0.1
e2,JPM,5,0,inv_mae,expanding,pls@sent,0.1
e2,JPM,5,0,inv_mae,expanding,xgb@market,0.1
e2,JPM,5,0,inv_mae,expanding,xgb@sent,0.1
e2,JPM,5,1,inv_mae,expanding,elasticnet@market,0.08860632250397428
e2,JPM,5,1,inv_mae,expanding,elasticnet@sent,0.09039875569486
e2,JPM,5,1,inv_mae,expanding,huber@market,0.07292961647721649
e2,JPM,5,1,inv_mae,expanding,huber@sent,0.07911079975232015
e2,JPM,5,1,inv_mae,expanding,lgbm_reg@market,0.13003418860195598
e2,JPM,5,1,inv_mae,expanding,lgbm_reg@sent,0.12774418978330712
e2,JPM,5,1,inv_mae,expanding,pls@market,0.11387112471492129
e2,JPM,5,1,inv_mae,expanding,pls@sent,0.11475485588133637
e2,JPM,5,1,inv_mae,expanding,xgb@market,0.08939930230123233
e2,JPM,5,1,inv_mae,expanding,xgb@sent,0.09315084428887609
e2,JPM,5,2,inv_mae,expanding,elasticnet@market,0.08237821715177067
e2,JPM,5,2,inv_mae,expanding,elasticnet@sent,0.08526180976550048
e2,JPM,5,2,inv_mae,expanding,huber@market,0.0698032516573847
e2,JPM,5,2,inv_mae,expanding,huber@sent,0.07617549234244643
e2,JPM,5,2,inv_mae,expanding,lgbm_reg@market,0.1303808028743241
e2,JPM,5,2,inv_mae,expanding,lgbm_reg@sent,0.13039877804712155
e2,JPM,5,2,inv_mae,expanding,pls@market,0.11074544594834798
e2,JPM,5,2,inv_mae,expanding,pls@sent,0.10996454788811687
e2,JPM,5,2,inv_mae,expanding,xgb@market,0.1028728311875913
e2,JPM,5,2,inv_mae,expanding,xgb@sent,0.10201882313739584
e2,JPM,5,3,inv_mae,expanding,elasticnet@market,0.08430433448799494
e2,JPM,5,3,inv_mae,expanding,elasticnet@sent,0.0777793989005542
e2,JPM,5,3,inv_mae,expanding,huber@market,0.0823242685787713
e2,JPM,5,3,inv_mae,expanding,huber@sent,0.08051366741668135
e2,JPM,5,3,inv_mae,expanding,lgbm_reg@market,0.12289167501105831
e2,JPM,5,3,inv_mae,expanding,lgbm_reg@sent,0.12337908035860433
e2,JPM,5,3,inv_mae,expanding,pls@market,0.11096395787537153
e2,JPM,5,3,inv_mae,expanding,pls@sent,0.10628663440596764
e2,JPM,5,3,inv_mae,expanding,xgb@market,0.10578760296227842
e2,JPM,5,3,inv_mae,expanding,xgb@sent,0.10576938000271806
e2,JPM,5,4,inv_mae,expanding,elasticnet@market,0.08432073574132064
e2,JPM,5,4,inv_mae,expanding,elasticnet@sent,0.07734735538479781
e2,JPM,5,4,inv_mae,expanding,huber@market,0.08356346067510738
e2,JPM,5,4,inv_mae,expanding,huber@sent,0.08068656315600108
e2,JPM,5,4,inv_mae,expanding,lgbm_reg@market,0.12249014740794639
e2,JPM,5,4,inv_mae,expanding,lgbm_reg@sent,0.12258033503468713
e2,JPM,5,4,inv_mae,expanding,pls@market,0.10966156296125006
e2,JPM,5,4,inv_mae,expanding,pls@sent,0.105536758955942
e2,JPM,5,4,inv_mae,expanding,xgb@market,0.10743275656268819
e2,JPM,5,4,inv_mae,expanding,xgb@sent,0.10638032412025936
e2,JPM,5,5,inv_mae,expanding,elasticnet@market,0.0831824875837962
e2,JPM,5,5,inv_mae,expanding,elasticnet@sent,0.07687347987439729
e2,JPM,5,5,inv_mae,expanding,huber@market,0.08508951209882208
e2,JPM,5,5,inv_mae,expanding,huber@sent,0.08219680242246762
e2,JPM,5,5,inv_mae,expanding,lgbm_reg@market,0.12164199414965318
e2,JPM,5,5,inv_mae,expanding,lgbm_reg@sent,0.12210339130041946
e2,JPM,5,5,inv_mae,expanding,pls@market,0.10570446687134477
e2,JPM,5,5,inv_mae,expanding,pls@sent,0.10378536935974353
e2,JPM,5,5,inv_mae,expanding,xgb@market,0.11022057015994671
e2,JPM,5,5,inv_mae,expanding,xgb@sent,0.10920192617940917
e2,JPM,5,0,inv_mae,last3,elasticnet@market,0.1
e2,JPM,5,0,inv_mae,last3,elasticnet@sent,0.1
e2,JPM,5,0,inv_mae,last3,huber@market,0.1
e2,JPM,5,0,inv_mae,last3,huber@sent,0.1
e2,JPM,5,0,inv_mae,last3,lgbm_reg@market,0.1
e2,JPM,5,0,inv_mae,last3,lgbm_reg@sent,0.1
e2,JPM,5,0,inv_mae,last3,pls@market,0.1
e2,JPM,5,0,inv_mae,last3,pls@sent,0.1
e2,JPM,5,0,inv_mae,last3,xgb@market,0.1
e2,JPM,5,0,inv_mae,last3,xgb@sent,0.1
e2,JPM,5,1,inv_mae,last3,elasticnet@market,0.08860632250397428
e2,JPM,5,1,inv_mae,last3,elasticnet@sent,0.09039875569486
e2,JPM,5,1,inv_mae,last3,huber@market,0.07292961647721649
e2,JPM,5,1,inv_mae,last3,huber@sent,0.07911079975232015
e2,JPM,5,1,inv_mae,last3,lgbm_reg@market,0.13003418860195598
e2,JPM,5,1,inv_mae,last3,lgbm_reg@sent,0.12774418978330712
e2,JPM,5,1,inv_mae,last3,pls@market,0.11387112471492129
e2,JPM,5,1,inv_mae,last3,pls@sent,0.11475485588133637
e2,JPM,5,1,inv_mae,last3,xgb@market,0.08939930230123233
e2,JPM,5,1,inv_mae,last3,xgb@sent,0.09315084428887609
e2,JPM,5,2,inv_mae,last3,elasticnet@market,0.08237821715177067
e2,JPM,5,2,inv_mae,last3,elasticnet@sent,0.08526180976550048
e2,JPM,5,2,inv_mae,last3,huber@market,0.0698032516573847
e2,JPM,5,2,inv_mae,last3,huber@sent,0.07617549234244643
e2,JPM,5,2,inv_mae,last3,lgbm_reg@market,0.1303808028743241
e2,JPM,5,2,inv_mae,last3,lgbm_reg@sent,0.13039877804712155
e2,JPM,5,2,inv_mae,last3,pls@market,0.11074544594834798
e2,JPM,5,2,inv_mae,last3,pls@sent,0.10996454788811687
e2,JPM,5,2,inv_mae,last3,xgb@market,0.1028728311875913
e2,JPM,5,2,inv_mae,last3,xgb@sent,0.10201882313739584
e2,JPM,5,3,inv_mae,last3,elasticnet@market,0.08430433448799494
e2,JPM,5,3,inv_mae,last3,elasticnet@sent,0.0777793989005542
e2,JPM,5,3,inv_mae,last3,huber@market,0.0823242685787713
e2,JPM,5,3,inv_mae,last3,huber@sent,0.08051366741668135
e2,JPM,5,3,inv_mae,last3,lgbm_reg@market,0.12289167501105831
e2,JPM,5,3,inv_mae,last3,lgbm_reg@sent,0.12337908035860433
e2,JPM,5,3,inv_mae,last3,pls@market,0.11096395787537153
e2,JPM,5,3,inv_mae,last3,pls@sent,0.10628663440596764
e2,JPM,5,3,inv_mae,last3,xgb@market,0.10578760296227842
e2,JPM,5,3,inv_mae,last3,xgb@sent,0.10576938000271806
e2,JPM,5,4,inv_mae,last3,elasticnet@market,0.08158006452687497
e2,JPM,5,4,inv_mae,last3,elasticnet@sent,0.07070554353329994
e2,JPM,5,4,inv_mae,last3,huber@market,0.0897848112866858
e2,JPM,5,4,inv_mae,last3,huber@sent,0.08110729860099786
e2,JPM,5,4,inv_mae,last3,lgbm_reg@market,0.11785433267173653
e2,JPM,5,4,inv_mae,last3,lgbm_reg@sent,0.11913496731707097
e2,JPM,5,4,inv_mae,last3,pls@market,0.10678893695698341
e2,JPM,5,4,inv_mae,last3,pls@sent,0.10023690245208813
e2,JPM,5,4,inv_mae,last3,xgb@market,0.11872797243197661
e2,JPM,5,4,inv_mae,last3,xgb@sent,0.11407917022228588
e2,JPM,5,5,inv_mae,last3,elasticnet@market,0.08325917003362969
e2,JPM,5,5,inv_mae,last3,elasticnet@sent,0.06999105562030854
e2,JPM,5,5,inv_mae,last3,huber@market,0.10084636956759947
e2,JPM,5,5,inv_mae,last3,huber@sent,0.08717122717108682
e2,JPM,5,5,inv_mae,last3,lgbm_reg@market,0.11390418174045526
e2,JPM,5,5,inv_mae,last3,lgbm_reg@sent,0.11468215627688223
e2,JPM,5,5,inv_mae,last3,pls@market,0.10087457830624018
e2,JPM,5,5,inv_mae,last3,pls@sent,0.09811864327318327
e2,JPM,5,5,inv_mae,last3,xgb@market,0.11616120885025401
e2,JPM,5,5,inv_mae,last3,xgb@sent,0.11499140916036059
e2,JPM,5,0,mae_da,expanding,elasticnet@market,0.1
e2,JPM,5,0,mae_da,expanding,elasticnet@sent,0.1
e2,JPM,5,0,mae_da,expanding,huber@market,0.1
e2,JPM,5,0,mae_da,expanding,huber@sent,0.1
e2,JPM,5,0,mae_da,expanding,lgbm_reg@market,0.1
e2,JPM,5,0,mae_da,expanding,lgbm_reg@sent,0.1
e2,JPM,5,0,mae_da,expanding,pls@market,0.1
e2,JPM,5,0,mae_da,expanding,pls@sent,0.1
e2,JPM,5,0,mae_da,expanding,xgb@market,0.1
e2,JPM,5,0,mae_da,expanding,xgb@sent,0.1
e2,JPM,5,1,mae_da,expanding,elasticnet@market,0.07432922957505114
e2,JPM,5,1,mae_da,expanding,elasticnet@sent,0.022020756690901682
e2,JPM,5,1,mae_da,expanding,huber@market,0.003935604782512911
e2,JPM,5,1,mae_da,expanding,huber@sent,0.0028128029543050856
e2,JPM,5,1,mae_da,expanding,lgbm_reg@market,0.5416954400099343
e2,JPM,5,1,mae_da,expanding,lgbm_reg@sent,0.03505283352524853
e2,JPM,5,1,mae_da,expanding,pls@market,0.12569874129148065
e2,JPM,5,1,mae_da,expanding,pls@sent,0.059043768781200885
e2,JPM,5,1,mae_da,expanding,xgb@market,0.10167997141960693
e2,JPM,5,1,mae_da,expanding,xgb@sent,0.03373085096975792
e2,JPM,5,2,mae_da,expanding,elasticnet@market,0.006174638182681483
e2,JPM,5,2,mae_da,expanding,elasticnet@sent,0.0067673659020233
e2,JPM,5,2,mae_da,expanding,huber@market,0.0016125706701644255
e2,JPM,5,2,mae_da,expanding,huber@sent,0.001990963282493142
e2,JPM,5,2,mae_da,expanding,lgbm_reg@market,0.3895280068256648
e2,JPM,5,2,mae_da,expanding,lgbm_reg@sent,0.33121819577441886
e2,JPM,5,2,mae_da,expanding,pls@market,0.022164606424497836
e2,JPM,5,2,mae_da,expanding,pls@sent,0.04460195985867939
e2,JPM,5,2,mae_da,expanding,xgb@market,0.15266799315192706
e2,JPM,5,2,mae_da,expanding,xgb@sent,0.043273699927449755
e2,JPM,5,3,mae_da,expanding,elasticnet@market,0.008141230237872148
e2,JPM,5,3,mae_da,expanding,elasticnet@sent,0.004174601134807272
e2,JPM,5,3,mae_da,expanding,huber@market,0.006467813770567121
e2,JPM,5,3,mae_da,expanding,huber@sent,0.0016179298208893226
e2,JPM,5,3,mae_da,expanding,lgbm_reg@market,0.2827403216876989
e2,JPM,5,3,mae_da,expanding,lgbm_reg@sent,0.14862727019241354
e2,JPM,5,3,mae_da,expanding,pls@market,0.032601157360282414
e2,JPM,5,3,mae_da,expanding,pls@sent,0.04185146370438224
e2,JPM,5,3,mae_da,expanding,xgb@market,0.3538595861103698
e2,JPM,5,3,mae_da,expanding,xgb@sent,0.11991862598071719
e2,JPM,5,4,mae_da,expanding,elasticnet@market,0.006481545971720619
e2,JPM,5,4,mae_da,expanding,elasticnet@sent,0.0016239610240033845
e2,JPM,5,4,mae_da,expanding,huber@market,0.006125753076572797
e2,JPM,5,4,mae_da,expanding,huber@sent,0.0017630666834922125
e2,JPM,5,4,mae_da,expanding,lgbm_reg@market,0.32206048865650155
e2,JPM,5,4,mae_da,expanding,lgbm_reg@sent,0.20296360958474707
e2,JPM,5,4,mae_da,expanding,pls@market,0.05558151123012373
e2,JPM,5,4,mae_da,expanding,pls@sent,0.06146565962973388
e2,JPM,5,4,mae_da,expanding,xgb@market,0.2292527225543842
e2,JPM,5,4,mae_da,expanding,xgb@sent,0.1126816815887205
e2,JPM,5,5,mae_da,expanding,elasticnet@market,0.003922369188800568
e2,JPM,5,5,mae_da,expanding,elasticnet@sent,0.0012988736194487279
e2,JPM,5,5,mae_da,expanding,huber@market,0.007188406576192336
e2,JPM,5,5,mae_da,expanding,huber@sent,0.0035376121833722964
e2,JPM,5,5,mae_da,expanding,lgbm_reg@market,0.23742211660171403
e2,JPM,5,5,mae_da,expanding,lgbm_reg@sent,0.2118692754956553
e2,JPM,5,5,mae_da,expanding,pls@market,0.02666858420640979
e2,JPM,5,5,mae_da,expanding,pls@sent,0.04839607928046129
e2,JPM,5,5,mae_da,expanding,xgb@market,0.24863753454915183
e2,JPM,5,5,mae_da,expanding,xgb@sent,0.21105914829879382
e2,JPM,5,0,mae_da,last3,elasticnet@market,0.1
e2,JPM,5,0,mae_da,last3,elasticnet@sent,0.1
e2,JPM,5,0,mae_da,last3,huber@market,0.1
e2,JPM,5,0,mae_da,last3,huber@sent,0.1
e2,JPM,5,0,mae_da,last3,lgbm_reg@market,0.1
e2,JPM,5,0,mae_da,last3,lgbm_reg@sent,0.1
e2,JPM,5,0,mae_da,last3,pls@market,0.1
e2,JPM,5,0,mae_da,last3,pls@sent,0.1
e2,JPM,5,0,mae_da,last3,xgb@market,0.1
e2,JPM,5,0,mae_da,last3,xgb@sent,0.1
e2,JPM,5,1,mae_da,last3,elasticnet@market,0.07432922957505114
e2,JPM,5,1,mae_da,last3,elasticnet@sent,0.022020756690901682
e2,JPM,5,1,mae_da,last3,huber@market,0.003935604782512911
e2,JPM,5,1,mae_da,last3,huber@sent,0.0028128029543050856
e2,JPM,5,1,mae_da,last3,lgbm_reg@market,0.5416954400099343
e2,JPM,5,1,mae_da,last3,lgbm_reg@sent,0.03505283352524853
e2,JPM,5,1,mae_da,last3,pls@market,0.12569874129148065
e2,JPM,5,1,mae_da,last3,pls@sent,0.059043768781200885
e2,JPM,5,1,mae_da,last3,xgb@market,0.10167997141960693
e2,JPM,5,1,mae_da,last3,xgb@sent,0.03373085096975792
e2,JPM,5,2,mae_da,last3,elasticnet@market,0.006174638182681483
e2,JPM,5,2,mae_da,last3,elasticnet@sent,0.0067673659020233
e2,JPM,5,2,mae_da,last3,huber@market,0.0016125706701644255
e2,JPM,5,2,mae_da,last3,huber@sent,0.001990963282493142
e2,JPM,5,2,mae_da,last3,lgbm_reg@market,0.3895280068256648
e2,JPM,5,2,mae_da,last3,lgbm_reg@sent,0.33121819577441886
e2,JPM,5,2,mae_da,last3,pls@market,0.022164606424497836
e2,JPM,5,2,mae_da,last3,pls@sent,0.04460195985867939
e2,JPM,5,2,mae_da,last3,xgb@market,0.15266799315192706
e2,JPM,5,2,mae_da,last3,xgb@sent,0.043273699927449755
e2,JPM,5,3,mae_da,last3,elasticnet@market,0.008141230237872148
e2,JPM,5,3,mae_da,last3,elasticnet@sent,0.004174601134807272
e2,JPM,5,3,mae_da,last3,huber@market,0.006467813770567121
e2,JPM,5,3,mae_da,last3,huber@sent,0.0016179298208893226
e2,JPM,5,3,mae_da,last3,lgbm_reg@market,0.2827403216876989
e2,JPM,5,3,mae_da,last3,lgbm_reg@sent,0.14862727019241354
e2,JPM,5,3,mae_da,last3,pls@market,0.032601157360282414
e2,JPM,5,3,mae_da,last3,pls@sent,0.04185146370438224
e2,JPM,5,3,mae_da,last3,xgb@market,0.3538595861103698
e2,JPM,5,3,mae_da,last3,xgb@sent,0.11991862598071719
e2,JPM,5,4,mae_da,last3,elasticnet@market,0.0043787647645116634
e2,JPM,5,4,mae_da,last3,elasticnet@sent,0.000985397878485824
e2,JPM,5,4,mae_da,last3,huber@market,0.01073580932651552
e2,JPM,5,4,mae_da,last3,huber@sent,0.002319036362299365
e2,JPM,5,4,mae_da,last3,lgbm_reg@market,0.20196091935233945
e2,JPM,5,4,mae_da,last3,lgbm_reg@sent,0.2137478363168958
e2,JPM,5,4,mae_da,last3,pls@market,0.04167030374254292
e2,JPM,5,4,mae_da,last3,pls@sent,0.04880129503265261
e2,JPM,5,4,mae_da,last3,xgb@market,0.3136429905865575
e2,JPM,5,4,mae_da,last3,xgb@sent,0.16175764663719933
e2,JPM,5,5,mae_da,last3,elasticnet@market,0.0035938591817393853
e2,JPM,5,5,mae_da,last3,elasticnet@sent,0.0005334405504100221
e2,JPM,5,5,mae_da,last3,huber@market,0.02772949651978802
e2,JPM,5,5,mae_da,last3,huber@sent,0.006458791685120242
e2,JPM,5,5,mae_da,last3,lgbm_reg@market,0.11587081563297284
e2,JPM,5,5,mae_da,last3,lgbm_reg@sent,0.10805118697134666
e2,JPM,5,5,mae_da,last3,pls@market,0.023117973420879453
e2,JPM,5,5,mae_da,last3,pls@sent,0.03641940197667866
e2,JPM,5,5,mae_da,last3,xgb@market,0.2813255101458426
e2,JPM,5,5,mae_da,last3,xgb@sent,0.39689952391522215
e2,JPM,5,0,softmax_ic,expanding,elasticnet@market,0.1
e2,JPM,5,0,softmax_ic,expanding,elasticnet@sent,0.1
e2,JPM,5,0,softmax_ic,expanding,huber@market,0.1
e2,JPM,5,0,softmax_ic,expanding,huber@sent,0.1
e2,JPM,5,0,softmax_ic,expanding,lgbm_reg@market,0.1
e2,JPM,5,0,softmax_ic,expanding,lgbm_reg@sent,0.1
e2,JPM,5,0,softmax_ic,expanding,pls@market,0.1
e2,JPM,5,0,softmax_ic,expanding,pls@sent,0.1
e2,JPM,5,0,softmax_ic,expanding,xgb@market,0.1
e2,JPM,5,0,softmax_ic,expanding,xgb@sent,0.1
e2,JPM,5,1,softmax_ic,expanding,elasticnet@market,0.24296676504638381
e2,JPM,5,1,softmax_ic,expanding,elasticnet@sent,0.21019319753892304
e2,JPM,5,1,softmax_ic,expanding,huber@market,0.21532703039059312
e2,JPM,5,1,softmax_ic,expanding,huber@sent,0.21318059446665547
e2,JPM,5,1,softmax_ic,expanding,lgbm_reg@market,0.012807265712477011
e2,JPM,5,1,softmax_ic,expanding,lgbm_reg@sent,0.0020247999506836155
e2,JPM,5,1,softmax_ic,expanding,pls@market,0.024680492551189773
e2,JPM,5,1,softmax_ic,expanding,pls@sent,0.010403234844338128
e2,JPM,5,1,softmax_ic,expanding,xgb@market,0.02433486994554708
e2,JPM,5,1,softmax_ic,expanding,xgb@sent,0.044081749553208906
e2,JPM,5,2,softmax_ic,expanding,elasticnet@market,0.08739716133172111
e2,JPM,5,2,softmax_ic,expanding,elasticnet@sent,0.09203885082111173
e2,JPM,5,2,softmax_ic,expanding,huber@market,0.07452739733740951
e2,JPM,5,2,softmax_ic,expanding,huber@sent,0.06630897023487482
e2,JPM,5,2,softmax_ic,expanding,lgbm_reg@market,0.19922182489603754
e2,JPM,5,2,softmax_ic,expanding,lgbm_reg@sent,0.09551927035207201
e2,JPM,5,2,softmax_ic,expanding,pls@market,0.04133744372902435
e2,JPM,5,2,softmax_ic,expanding,pls@sent,0.02054816689551841
e2,JPM,5,2,softmax_ic,expanding,xgb@market,0.18985736305242545
e2,JPM,5,2,softmax_ic,expanding,xgb@sent,0.13324355134980523
e2,JPM,5,3,softmax_ic,expanding,elasticnet@market,0.12247720099275441
e2,JPM,5,3,softmax_ic,expanding,elasticnet@sent,0.09494413931337735
e2,JPM,5,3,softmax_ic,expanding,huber@market,0.07780347303112219
e2,JPM,5,3,softmax_ic,expanding,huber@sent,0.06305817453544352
e2,JPM,5,3,softmax_ic,expanding,lgbm_reg@market,0.029050862634569234
e2,JPM,5,3,softmax_ic,expanding,lgbm_reg@sent,0.016798220429825723
e2,JPM,5,3,softmax_ic,expanding,pls@market,0.057989546196571706
e2,JPM,5,3,softmax_ic,expanding,pls@sent,0.03156565426550392
e2,JPM,5,3,softmax_ic,expanding,xgb@market,0.24945259565694922
e2,JPM,5,3,softmax_ic,expanding,xgb@sent,0.2568601329438827
e2,JPM,5,4,softmax_ic,expanding,elasticnet@market,0.10329624019908873
e2,JPM,5,4,softmax_ic,expanding,elasticnet@sent,0.06044104053129809
e2,JPM,5,4,softmax_ic,expanding,huber@market,0.06955322232780385
e2,JPM,5,4,softmax_ic,expanding,huber@sent,0.042435435431816625
e2,JPM,5,4,softmax_ic,expanding,lgbm_reg@market,0.06079806283743498
e2,JPM,5,4,softmax_ic,expanding,lgbm_reg@sent,0.03944898121251186
e2,JPM,5,4,softmax_ic,expanding,pls@market,0.05695871997881972
e2,JPM,5,4,softmax_ic,expanding,pls@sent,0.02915285904036833
e2,JPM,5,4,softmax_ic,expanding,xgb@market,0.2947056408840063
e2,JPM,5,4,softmax_ic,expanding,xgb@sent,0.24320979755685146
e2,JPM,5,5,softmax_ic,expanding,elasticnet@market,0.0781276802591265
e2,JPM,5,5,softmax_ic,expanding,elasticnet@sent,0.04369066113409054
e2,JPM,5,5,softmax_ic,expanding,huber@market,0.06008035097832523
e2,JPM,5,5,softmax_ic,expanding,huber@sent,0.035760475367340845
e2,JPM,5,5,softmax_ic,expanding,lgbm_reg@market,0.06501052083357338
e2,JPM,5,5,softmax_ic,expanding,lgbm_reg@sent,0.0476652261966838
e2,JPM,5,5,softmax_ic,expanding,pls@market,0.04403988336854108
e2,JPM,5,5,softmax_ic,expanding,pls@sent,0.025358626971109244
e2,JPM,5,5,softmax_ic,expanding,xgb@market,0.3406052821017474
e2,JPM,5,5,softmax_ic,expanding,xgb@sent,0.2596612927894621
e2,JPM,5,0,softmax_ic,last3,elasticnet@market,0.1
e2,JPM,5,0,softmax_ic,last3,elasticnet@sent,0.1
e2,JPM,5,0,softmax_ic,last3,huber@market,0.1
e2,JPM,5,0,softmax_ic,last3,huber@sent,0.1
e2,JPM,5,0,softmax_ic,last3,lgbm_reg@market,0.1
e2,JPM,5,0,softmax_ic,last3,lgbm_reg@sent,0.1
e2,JPM,5,0,softmax_ic,last3,pls@market,0.1
e2,JPM,5,0,softmax_ic,last3,pls@sent,0.1
e2,JPM,5,0,softmax_ic,last3,xgb@market,0.1
e2,JPM,5,0,softmax_ic,last3,xgb@sent,0.1
e2,JPM,5,1,softmax_ic,last3,elasticnet@market,0.24296676504638381
e2,JPM,5,1,softmax_ic,last3,elasticnet@sent,0.21019319753892304
e2,JPM,5,1,softmax_ic,last3,huber@market,0.21532703039059312
e2,JPM,5,1,softmax_ic,last3,huber@sent,0.21318059446665547
e2,JPM,5,1,softmax_ic,last3,lgbm_reg@market,0.012807265712477011
e2,JPM,5,1,softmax_ic,last3,lgbm_reg@sent,0.0020247999506836155
e2,JPM,5,1,softmax_ic,last3,pls@market,0.024680492551189773
e2,JPM,5,1,softmax_ic,last3,pls@sent,0.010403234844338128
e2,JPM,5,1,softmax_ic,last3,xgb@market,0.02433486994554708
e2,JPM,5,1,softmax_ic,last3,xgb@sent,0.044081749553208906
e2,JPM,5,2,softmax_ic,last3,elasticnet@market,0.08739716133172111
e2,JPM,5,2,softmax_ic,last3,elasticnet@sent,0.09203885082111173
e2,JPM,5,2,softmax_ic,last3,huber@market,0.07452739733740951
e2,JPM,5,2,softmax_ic,last3,huber@sent,0.06630897023487482
e2,JPM,5,2,softmax_ic,last3,lgbm_reg@market,0.19922182489603754
e2,JPM,5,2,softmax_ic,last3,lgbm_reg@sent,0.09551927035207201
e2,JPM,5,2,softmax_ic,last3,pls@market,0.04133744372902435
e2,JPM,5,2,softmax_ic,last3,pls@sent,0.02054816689551841
e2,JPM,5,2,softmax_ic,last3,xgb@market,0.18985736305242545
e2,JPM,5,2,softmax_ic,last3,xgb@sent,0.13324355134980523
e2,JPM,5,3,softmax_ic,last3,elasticnet@market,0.12247720099275441
e2,JPM,5,3,softmax_ic,last3,elasticnet@sent,0.09494413931337735
e2,JPM,5,3,softmax_ic,last3,huber@market,0.07780347303112219
e2,JPM,5,3,softmax_ic,last3,huber@sent,0.06305817453544352
e2,JPM,5,3,softmax_ic,last3,lgbm_reg@market,0.029050862634569234
e2,JPM,5,3,softmax_ic,last3,lgbm_reg@sent,0.016798220429825723
e2,JPM,5,3,softmax_ic,last3,pls@market,0.057989546196571706
e2,JPM,5,3,softmax_ic,last3,pls@sent,0.03156565426550392
e2,JPM,5,3,softmax_ic,last3,xgb@market,0.24945259565694922
e2,JPM,5,3,softmax_ic,last3,xgb@sent,0.2568601329438827
e2,JPM,5,4,softmax_ic,last3,elasticnet@market,0.03911962793590247
e2,JPM,5,4,softmax_ic,last3,elasticnet@sent,0.01700372255784367
e2,JPM,5,4,softmax_ic,last3,huber@market,0.03353324978193359
e2,JPM,5,4,softmax_ic,last3,huber@sent,0.014511892339586037
e2,JPM,5,4,softmax_ic,last3,lgbm_reg@market,0.051895653100307644
e2,JPM,5,4,softmax_ic,last3,lgbm_reg@sent,0.0579738577581531
e2,JPM,5,4,softmax_ic,last3,pls@market,0.043100788150570155
e2,JPM,5,4,softmax_ic,last3,pls@sent,0.01784361134969838
e2,JPM,5,4,softmax_ic,last3,xgb@market,0.43064101349970635
e2,JPM,5,4,softmax_ic,last3,xgb@sent,0.2943765835262987
e2,JPM,5,5,softmax_ic,last3,elasticnet@market,0.04203178712268583
e2,JPM,5,5,softmax_ic,last3,elasticnet@sent,0.016347606528305258
e2,JPM,5,5,softmax_ic,last3,huber@market,0.0416746849338876
e2,JPM,5,5,softmax_ic,last3,huber@sent,0.01570483163446003
e2,JPM,5,5,softmax_ic,last3,lgbm_reg@market,0.02430117933717741
e2,JPM,5,5,softmax_ic,last3,lgbm_reg@sent,0.023227067502291032
e2,JPM,5,5,softmax_ic,last3,pls@market,0.03735893130063057
e2,JPM,5,5,softmax_ic,last3,pls@sent,0.021643491515008433
e2,JPM,5,5,softmax_ic,last3,xgb@market,0.4187537433006725
e2,JPM,5,5,softmax_ic,last3,xgb@sent,0.3589566768248813
e2,JPM,5,0,best_recent,expanding,elasticnet@market,0.1
e2,JPM,5,0,best_recent,expanding,elasticnet@sent,0.1
e2,JPM,5,0,best_recent,expanding,huber@market,0.1
e2,JPM,5,0,best_recent,expanding,huber@sent,0.1
e2,JPM,5,0,best_recent,expanding,lgbm_reg@market,0.1
e2,JPM,5,0,best_recent,expanding,lgbm_reg@sent,0.1
e2,JPM,5,0,best_recent,expanding,pls@market,0.1
e2,JPM,5,0,best_recent,expanding,pls@sent,0.1
e2,JPM,5,0,best_recent,expanding,xgb@market,0.1
e2,JPM,5,0,best_recent,expanding,xgb@sent,0.1
e2,JPM,5,1,best_recent,expanding,elasticnet@market,1.0
e2,JPM,5,1,best_recent,expanding,elasticnet@sent,0.0
e2,JPM,5,1,best_recent,expanding,huber@market,0.0
e2,JPM,5,1,best_recent,expanding,huber@sent,0.0
e2,JPM,5,1,best_recent,expanding,lgbm_reg@market,0.0
e2,JPM,5,1,best_recent,expanding,lgbm_reg@sent,0.0
e2,JPM,5,1,best_recent,expanding,pls@market,0.0
e2,JPM,5,1,best_recent,expanding,pls@sent,0.0
e2,JPM,5,1,best_recent,expanding,xgb@market,0.0
e2,JPM,5,1,best_recent,expanding,xgb@sent,0.0
e2,JPM,5,2,best_recent,expanding,elasticnet@market,0.0
e2,JPM,5,2,best_recent,expanding,elasticnet@sent,0.0
e2,JPM,5,2,best_recent,expanding,huber@market,0.0
e2,JPM,5,2,best_recent,expanding,huber@sent,0.0
e2,JPM,5,2,best_recent,expanding,lgbm_reg@market,1.0
e2,JPM,5,2,best_recent,expanding,lgbm_reg@sent,0.0
e2,JPM,5,2,best_recent,expanding,pls@market,0.0
e2,JPM,5,2,best_recent,expanding,pls@sent,0.0
e2,JPM,5,2,best_recent,expanding,xgb@market,0.0
e2,JPM,5,2,best_recent,expanding,xgb@sent,0.0
e2,JPM,5,3,best_recent,expanding,elasticnet@market,0.0
e2,JPM,5,3,best_recent,expanding,elasticnet@sent,0.0
e2,JPM,5,3,best_recent,expanding,huber@market,0.0
e2,JPM,5,3,best_recent,expanding,huber@sent,0.0
e2,JPM,5,3,best_recent,expanding,lgbm_reg@market,0.0
e2,JPM,5,3,best_recent,expanding,lgbm_reg@sent,0.0
e2,JPM,5,3,best_recent,expanding,pls@market,0.0
e2,JPM,5,3,best_recent,expanding,pls@sent,0.0
e2,JPM,5,3,best_recent,expanding,xgb@market,0.0
e2,JPM,5,3,best_recent,expanding,xgb@sent,1.0
e2,JPM,5,4,best_recent,expanding,elasticnet@market,0.0
e2,JPM,5,4,best_recent,expanding,elasticnet@sent,0.0
e2,JPM,5,4,best_recent,expanding,huber@market,0.0
e2,JPM,5,4,best_recent,expanding,huber@sent,0.0
e2,JPM,5,4,best_recent,expanding,lgbm_reg@market,0.0
e2,JPM,5,4,best_recent,expanding,lgbm_reg@sent,0.0
e2,JPM,5,4,best_recent,expanding,pls@market,0.0
e2,JPM,5,4,best_recent,expanding,pls@sent,0.0
e2,JPM,5,4,best_recent,expanding,xgb@market,1.0
e2,JPM,5,4,best_recent,expanding,xgb@sent,0.0
e2,JPM,5,5,best_recent,expanding,elasticnet@market,0.0
e2,JPM,5,5,best_recent,expanding,elasticnet@sent,0.0
e2,JPM,5,5,best_recent,expanding,huber@market,0.0
e2,JPM,5,5,best_recent,expanding,huber@sent,0.0
e2,JPM,5,5,best_recent,expanding,lgbm_reg@market,0.0
e2,JPM,5,5,best_recent,expanding,lgbm_reg@sent,0.0
e2,JPM,5,5,best_recent,expanding,pls@market,0.0
e2,JPM,5,5,best_recent,expanding,pls@sent,0.0
e2,JPM,5,5,best_recent,expanding,xgb@market,1.0
e2,JPM,5,5,best_recent,expanding,xgb@sent,0.0
e2,JPM,5,0,best_recent,last3,elasticnet@market,0.1
e2,JPM,5,0,best_recent,last3,elasticnet@sent,0.1
e2,JPM,5,0,best_recent,last3,huber@market,0.1
e2,JPM,5,0,best_recent,last3,huber@sent,0.1
e2,JPM,5,0,best_recent,last3,lgbm_reg@market,0.1
e2,JPM,5,0,best_recent,last3,lgbm_reg@sent,0.1
e2,JPM,5,0,best_recent,last3,pls@market,0.1
e2,JPM,5,0,best_recent,last3,pls@sent,0.1
e2,JPM,5,0,best_recent,last3,xgb@market,0.1
e2,JPM,5,0,best_recent,last3,xgb@sent,0.1
e2,JPM,5,1,best_recent,last3,elasticnet@market,1.0
e2,JPM,5,1,best_recent,last3,elasticnet@sent,0.0
e2,JPM,5,1,best_recent,last3,huber@market,0.0
e2,JPM,5,1,best_recent,last3,huber@sent,0.0
e2,JPM,5,1,best_recent,last3,lgbm_reg@market,0.0
e2,JPM,5,1,best_recent,last3,lgbm_reg@sent,0.0
e2,JPM,5,1,best_recent,last3,pls@market,0.0
e2,JPM,5,1,best_recent,last3,pls@sent,0.0
e2,JPM,5,1,best_recent,last3,xgb@market,0.0
e2,JPM,5,1,best_recent,last3,xgb@sent,0.0
e2,JPM,5,2,best_recent,last3,elasticnet@market,0.0
e2,JPM,5,2,best_recent,last3,elasticnet@sent,0.0
e2,JPM,5,2,best_recent,last3,huber@market,0.0
e2,JPM,5,2,best_recent,last3,huber@sent,0.0
e2,JPM,5,2,best_recent,last3,lgbm_reg@market,1.0
e2,JPM,5,2,best_recent,last3,lgbm_reg@sent,0.0
e2,JPM,5,2,best_recent,last3,pls@market,0.0
e2,JPM,5,2,best_recent,last3,pls@sent,0.0
e2,JPM,5,2,best_recent,last3,xgb@market,0.0
e2,JPM,5,2,best_recent,last3,xgb@sent,0.0
e2,JPM,5,3,best_recent,last3,elasticnet@market,0.0
e2,JPM,5,3,best_recent,last3,elasticnet@sent,0.0
e2,JPM,5,3,best_recent,last3,huber@market,0.0
e2,JPM,5,3,best_recent,last3,huber@sent,0.0
e2,JPM,5,3,best_recent,last3,lgbm_reg@market,0.0
e2,JPM,5,3,best_recent,last3,lgbm_reg@sent,0.0
e2,JPM,5,3,best_recent,last3,pls@market,0.0
e2,JPM,5,3,best_recent,last3,pls@sent,0.0
e2,JPM,5,3,best_recent,last3,xgb@market,0.0
e2,JPM,5,3,best_recent,last3,xgb@sent,1.0
e2,JPM,5,4,best_recent,last3,elasticnet@market,0.0
e2,JPM,5,4,best_recent,last3,elasticnet@sent,0.0
e2,JPM,5,4,best_recent,last3,huber@market,0.0
e2,JPM,5,4,best_recent,last3,huber@sent,0.0
e2,JPM,5,4,best_recent,last3,lgbm_reg@market,0.0
e2,JPM,5,4,best_recent,last3,lgbm_reg@sent,0.0
e2,JPM,5,4,best_recent,last3,pls@market,0.0
e2,JPM,5,4,best_recent,last3,pls@sent,0.0
e2,JPM,5,4,best_recent,last3,xgb@market,1.0
e2,JPM,5,4,best_recent,last3,xgb@sent,0.0
e2,JPM,5,5,best_recent,last3,elasticnet@market,0.0
e2,JPM,5,5,best_recent,last3,elasticnet@sent,0.0
e2,JPM,5,5,best_recent,last3,huber@market,0.0
e2,JPM,5,5,best_recent,last3,huber@sent,0.0
e2,JPM,5,5,best_recent,last3,lgbm_reg@market,0.0
e2,JPM,5,5,best_recent,last3,lgbm_reg@sent,0.0
e2,JPM,5,5,best_recent,last3,pls@market,0.0
e2,JPM,5,5,best_recent,last3,pls@sent,0.0
e2,JPM,5,5,best_recent,last3,xgb@market,1.0
e2,JPM,5,5,best_recent,last3,xgb@sent,0.0
e2,JPM,21,0,equal,expanding,elasticnet@market,0.1
e2,JPM,21,0,equal,expanding,elasticnet@sent,0.1
e2,JPM,21,0,equal,expanding,huber@market,0.1
e2,JPM,21,0,equal,expanding,huber@sent,0.1
e2,JPM,21,0,equal,expanding,lgbm_reg@market,0.1
e2,JPM,21,0,equal,expanding,lgbm_reg@sent,0.1
e2,JPM,21,0,equal,expanding,pls@market,0.1
e2,JPM,21,0,equal,expanding,pls@sent,0.1
e2,JPM,21,0,equal,expanding,xgb@market,0.1
e2,JPM,21,0,equal,expanding,xgb@sent,0.1
e2,JPM,21,1,equal,expanding,elasticnet@market,0.1
e2,JPM,21,1,equal,expanding,elasticnet@sent,0.1
e2,JPM,21,1,equal,expanding,huber@market,0.1
e2,JPM,21,1,equal,expanding,huber@sent,0.1
e2,JPM,21,1,equal,expanding,lgbm_reg@market,0.1
e2,JPM,21,1,equal,expanding,lgbm_reg@sent,0.1
e2,JPM,21,1,equal,expanding,pls@market,0.1
e2,JPM,21,1,equal,expanding,pls@sent,0.1
e2,JPM,21,1,equal,expanding,xgb@market,0.1
e2,JPM,21,1,equal,expanding,xgb@sent,0.1
e2,JPM,21,2,equal,expanding,elasticnet@market,0.1
e2,JPM,21,2,equal,expanding,elasticnet@sent,0.1
e2,JPM,21,2,equal,expanding,huber@market,0.1
e2,JPM,21,2,equal,expanding,huber@sent,0.1
e2,JPM,21,2,equal,expanding,lgbm_reg@market,0.1
e2,JPM,21,2,equal,expanding,lgbm_reg@sent,0.1
e2,JPM,21,2,equal,expanding,pls@market,0.1
e2,JPM,21,2,equal,expanding,pls@sent,0.1
e2,JPM,21,2,equal,expanding,xgb@market,0.1
e2,JPM,21,2,equal,expanding,xgb@sent,0.1
e2,JPM,21,3,equal,expanding,elasticnet@market,0.1
e2,JPM,21,3,equal,expanding,elasticnet@sent,0.1
e2,JPM,21,3,equal,expanding,huber@market,0.1
e2,JPM,21,3,equal,expanding,huber@sent,0.1
e2,JPM,21,3,equal,expanding,lgbm_reg@market,0.1
e2,JPM,21,3,equal,expanding,lgbm_reg@sent,0.1
e2,JPM,21,3,equal,expanding,pls@market,0.1
e2,JPM,21,3,equal,expanding,pls@sent,0.1
e2,JPM,21,3,equal,expanding,xgb@market,0.1
e2,JPM,21,3,equal,expanding,xgb@sent,0.1
e2,JPM,21,4,equal,expanding,elasticnet@market,0.1
e2,JPM,21,4,equal,expanding,elasticnet@sent,0.1
e2,JPM,21,4,equal,expanding,huber@market,0.1
e2,JPM,21,4,equal,expanding,huber@sent,0.1
e2,JPM,21,4,equal,expanding,lgbm_reg@market,0.1
e2,JPM,21,4,equal,expanding,lgbm_reg@sent,0.1
e2,JPM,21,4,equal,expanding,pls@market,0.1
e2,JPM,21,4,equal,expanding,pls@sent,0.1
e2,JPM,21,4,equal,expanding,xgb@market,0.1
e2,JPM,21,4,equal,expanding,xgb@sent,0.1
e2,JPM,21,5,equal,expanding,elasticnet@market,0.1
e2,JPM,21,5,equal,expanding,elasticnet@sent,0.1
e2,JPM,21,5,equal,expanding,huber@market,0.1
e2,JPM,21,5,equal,expanding,huber@sent,0.1
e2,JPM,21,5,equal,expanding,lgbm_reg@market,0.1
e2,JPM,21,5,equal,expanding,lgbm_reg@sent,0.1
e2,JPM,21,5,equal,expanding,pls@market,0.1
e2,JPM,21,5,equal,expanding,pls@sent,0.1
e2,JPM,21,5,equal,expanding,xgb@market,0.1
e2,JPM,21,5,equal,expanding,xgb@sent,0.1
e2,JPM,21,0,inv_mae,expanding,elasticnet@market,0.1
e2,JPM,21,0,inv_mae,expanding,elasticnet@sent,0.1
e2,JPM,21,0,inv_mae,expanding,huber@market,0.1
e2,JPM,21,0,inv_mae,expanding,huber@sent,0.1
e2,JPM,21,0,inv_mae,expanding,lgbm_reg@market,0.1
e2,JPM,21,0,inv_mae,expanding,lgbm_reg@sent,0.1
e2,JPM,21,0,inv_mae,expanding,pls@market,0.1
e2,JPM,21,0,inv_mae,expanding,pls@sent,0.1
e2,JPM,21,0,inv_mae,expanding,xgb@market,0.1
e2,JPM,21,0,inv_mae,expanding,xgb@sent,0.1
e2,JPM,21,1,inv_mae,expanding,elasticnet@market,0.03975346572226848
e2,JPM,21,1,inv_mae,expanding,elasticnet@sent,0.042380243292037226
e2,JPM,21,1,inv_mae,expanding,huber@market,0.029113007129645065
e2,JPM,21,1,inv_mae,expanding,huber@sent,0.02978696600028553
e2,JPM,21,1,inv_mae,expanding,lgbm_reg@market,0.1663719520229747
e2,JPM,21,1,inv_mae,expanding,lgbm_reg@sent,0.16309179608983662
e2,JPM,21,1,inv_mae,expanding,pls@market,0.13474437967439862
e2,JPM,21,1,inv_mae,expanding,pls@sent,0.12639524013026002
e2,JPM,21,1,inv_mae,expanding,xgb@market,0.1261735150531575
e2,JPM,21,1,inv_mae,expanding,xgb@sent,0.1421894348851362
e2,JPM,21,2,inv_mae,expanding,elasticnet@market,0.038237822448564614
e2,JPM,21,2,inv_mae,expanding,elasticnet@sent,0.0422116291199647
e2,JPM,21,2,inv_mae,expanding,huber@market,0.03717299933624568
e2,JPM,21,2,inv_mae,expanding,huber@sent,0.04007312479818503
e2,JPM,21,2,inv_mae,expanding,lgbm_reg@market,0.16128433438165424
e2,JPM,21,2,inv_mae,expanding,lgbm_reg@sent,0.16118583579681267
e2,JPM,21,2,inv_mae,expanding,pls@market,0.12775114883487151
e2,JPM,21,2,inv_mae,expanding,pls@sent,0.13286674845342444
e2,JPM,21,2,inv_mae,expanding,xgb@market,0.12168095571454257
e2,JPM,21,2,inv_mae,expanding,xgb@sent,0.1375354011157345
e2,JPM,21,3,inv_mae,expanding,elasticnet@market,0.0483171498084351
e2,JPM,21,3,inv_mae,expanding,elasticnet@sent,0.049638436731634365
e2,JPM,21,3,inv_mae,expanding,huber@market,0.0527906545368424
e2,JPM,21,3,inv_mae,expanding,huber@sent,0.05054591313530139
e2,JPM,21,3,inv_mae,expanding,lgbm_reg@market,0.14996875043567068
e2,JPM,21,3,inv_mae,expanding,lgbm_reg@sent,0.14818721413752686
e2,JPM,21,3,inv_mae,expanding,pls@market,0.1365759808258269
e2,JPM,21,3,inv_mae,expanding,pls@sent,0.1349021913091533
e2,JPM,21,3,inv_mae,expanding,xgb@market,0.10973283453081399
e2,JPM,21,3,inv_mae,expanding,xgb@sent,0.11934087454879508
e2,JPM,21,4,inv_mae,expanding,elasticnet@market,0.053741057729830344
e2,JPM,21,4,inv_mae,expanding,elasticnet@sent,0.050879351305435354
e2,JPM,21,4,inv_mae,expanding,huber@market,0.05959482454537366
e2,JPM,21,4,inv_mae,expanding,huber@sent,0.05312583203469376
e2,JPM,21,4,inv_mae,expanding,lgbm_reg@market,0.14585228321313923
e2,JPM,21,4,inv_mae,expanding,lgbm_reg@sent,0.14615168999044387
e2,JPM,21,4,inv_mae,expanding,pls@market,0.1283631130517451
e2,JPM,21,4,inv_mae,expanding,pls@sent,0.12271577360178049
e2,JPM,21,4,inv_mae,expanding,xgb@market,0.11605161188202372
e2,JPM,21,4,inv_mae,expanding,xgb@sent,0.12352446264553446
e2,JPM,21,5,inv_mae,expanding,elasticnet@market,0.056908226787912373
e2,JPM,21,5,inv_mae,expanding,elasticnet@sent,0.05375230935987772
e2,JPM,21,5,inv_mae,expanding,huber@market,0.06478521362997011
e2,JPM,21,5,inv_mae,expanding,huber@sent,0.05788277943770327
e2,JPM,21,5,inv_mae,expanding,lgbm_reg@market,0.1403221251771025
e2,JPM,21,5,inv_mae,expanding,lgbm_reg@sent,0.14341890392611537
e2,JPM,21,5,inv_mae,expanding,pls@market,0.11964296596065985
e2,JPM,21,5,inv_mae,expanding,pls@sent,0.12701463807129704
e2,JPM,21,5,inv_mae,expanding,xgb@market,0.11624508288190148
e2,JPM,21,5,inv_mae,expanding,xgb@sent,0.12002775476746026
e2,JPM,21,0,inv_mae,last3,elasticnet@market,0.1
e2,JPM,21,0,inv_mae,last3,elasticnet@sent,0.1
e2,JPM,21,0,inv_mae,last3,huber@market,0.1
e2,JPM,21,0,inv_mae,last3,huber@sent,0.1
e2,JPM,21,0,inv_mae,last3,lgbm_reg@market,0.1
e2,JPM,21,0,inv_mae,last3,lgbm_reg@sent,0.1
e2,JPM,21,0,inv_mae,last3,pls@market,0.1
e2,JPM,21,0,inv_mae,last3,pls@sent,0.1
e2,JPM,21,0,inv_mae,last3,xgb@market,0.1
e2,JPM,21,0,inv_mae,last3,xgb@sent,0.1
e2,JPM,21,1,inv_mae,last3,elasticnet@market,0.03975346572226848
e2,JPM,21,1,inv_mae,last3,elasticnet@sent,0.042380243292037226
e2,JPM,21,1,inv_mae,last3,huber@market,0.029113007129645065
e2,JPM,21,1,inv_mae,last3,huber@sent,0.02978696600028553
e2,JPM,21,1,inv_mae,last3,lgbm_reg@market,0.1663719520229747
e2,JPM,21,1,inv_mae,last3,lgbm_reg@sent,0.16309179608983662
e2,JPM,21,1,inv_mae,last3,pls@market,0.13474437967439862
e2,JPM,21,1,inv_mae,last3,pls@sent,0.12639524013026002
e2,JPM,21,1,inv_mae,last3,xgb@market,0.1261735150531575
e2,JPM,21,1,inv_mae,last3,xgb@sent,0.1421894348851362
e2,JPM,21,2,inv_mae,last3,elasticnet@market,0.038237822448564614
e2,JPM,21,2,inv_mae,last3,elasticnet@sent,0.0422116291199647
e2,JPM,21,2,inv_mae,last3,huber@market,0.03717299933624568
e2,JPM,21,2,inv_mae,last3,huber@sent,0.04007312479818503
e2,JPM,21,2,inv_mae,last3,lgbm_reg@market,0.16128433438165424
e2,JPM,21,2,inv_mae,last3,lgbm_reg@sent,0.16118583579681267
e2,JPM,21,2,inv_mae,last3,pls@market,0.12775114883487151
e2,JPM,21,2,inv_mae,last3,pls@sent,0.13286674845342444
e2,JPM,21,2,inv_mae,last3,xgb@market,0.12168095571454257
e2,JPM,21,2,inv_mae,last3,xgb@sent,0.1375354011157345
e2,JPM,21,3,inv_mae,last3,elasticnet@market,0.0483171498084351
e2,JPM,21,3,inv_mae,last3,elasticnet@sent,0.049638436731634365
e2,JPM,21,3,inv_mae,last3,huber@market,0.0527906545368424
e2,JPM,21,3,inv_mae,last3,huber@sent,0.05054591313530139
e2,JPM,21,3,inv_mae,last3,lgbm_reg@market,0.14996875043567068
e2,JPM,21,3,inv_mae,last3,lgbm_reg@sent,0.14818721413752686
e2,JPM,21,3,inv_mae,last3,pls@market,0.1365759808258269
e2,JPM,21,3,inv_mae,last3,pls@sent,0.1349021913091533
e2,JPM,21,3,inv_mae,last3,xgb@market,0.10973283453081399
e2,JPM,21,3,inv_mae,last3,xgb@sent,0.11934087454879508
e2,JPM,21,4,inv_mae,last3,elasticnet@market,0.061392651275539493
e2,JPM,21,4,inv_mae,last3,elasticnet@sent,0.05434639403647784
e2,JPM,21,4,inv_mae,last3,huber@market,0.0884405293646614
e2,JPM,21,4,inv_mae,last3,huber@sent,0.07192041682781761
e2,JPM,21,4,inv_mae,last3,lgbm_reg@market,0.13225078609075508
e2,JPM,21,4,inv_mae,last3,lgbm_reg@sent,0.13396419598709636
e2,JPM,21,4,inv_mae,last3,pls@market,0.12131545757653699
e2,JPM,21,4,inv_mae,last3,pls@sent,0.11710152931791216
e2,JPM,21,4,inv_mae,last3,xgb@market,0.10776050012048886
e2,JPM,21,4,inv_mae,last3,xgb@sent,0.1115075394027143
e2,JPM,21,5,inv_mae,last3,elasticnet@market,0.07635463622670675
e2,JPM,21,5,inv_mae,last3,elasticnet@sent,0.06270279997276866
e2,JPM,21,5,inv_mae,last3,huber@market,0.1012781154104999
e2,JPM,21,5,inv_mae,last3,huber@sent,0.07554467266572243
e2,JPM,21,5,inv_mae,last3,lgbm_reg@market,0.12096025527972158
e2,JPM,21,5,inv_mae,last3,lgbm_reg@sent,0.1256788179302252
e2,JPM,21,5,inv_mae,last3,pls@market,0.1089181441314394
e2,JPM,21,5,inv_mae,last3,pls@sent,0.11743782208560648
e2,JPM,21,5,inv_mae,last3,xgb@market,0.10742663927765186
e2,JPM,21,5,inv_mae,last3,xgb@sent,0.10369809701965783
e2,JPM,21,0,mae_da,expanding,elasticnet@market,0.1
e2,JPM,21,0,mae_da,expanding,elasticnet@sent,0.1
e2,JPM,21,0,mae_da,expanding,huber@market,0.1
e2,JPM,21,0,mae_da,expanding,huber@sent,0.1
e2,JPM,21,0,mae_da,expanding,lgbm_reg@market,0.1
e2,JPM,21,0,mae_da,expanding,lgbm_reg@sent,0.1
e2,JPM,21,0,mae_da,expanding,pls@market,0.1
e2,JPM,21,0,mae_da,expanding,pls@sent,0.1
e2,JPM,21,0,mae_da,expanding,xgb@market,0.1
e2,JPM,21,0,mae_da,expanding,xgb@sent,0.1
e2,JPM,21,1,mae_da,expanding,elasticnet@market,0.009179393421021946
e2,JPM,21,1,mae_da,expanding,elasticnet@sent,0.012165679114212687
e2,JPM,21,1,mae_da,expanding,huber@market,0.0034711512843456243
e2,JPM,21,1,mae_da,expanding,huber@sent,0.003304343154780109
e2,JPM,21,1,mae_da,expanding,lgbm_reg@market,0.24720632972312376
e2,JPM,21,1,mae_da,expanding,lgbm_reg@sent,0.20214062662754007
e2,JPM,21,1,mae_da,expanding,pls@market,0.02479314648522997
e2,JPM,21,1,mae_da,expanding,pls@sent,0.012284193321579808
e2,JPM,21,1,mae_da,expanding,xgb@market,0.16334699993870097
e2,JPM,21,1,mae_da,expanding,xgb@sent,0.3221081369294651
e2,JPM,21,2,mae_da,expanding,elasticnet@market,0.0026434627081408624
e2,JPM,21,2,mae_da,expanding,elasticnet@sent,0.0037785216642229166
e2,JPM,21,2,mae_da,expanding,huber@market,0.001771452309668639
e2,JPM,21,2,mae_da,expanding,huber@sent,0.0034324325810939993
e2,JPM,21,2,mae_da,expanding,lgbm_reg@market,0.3180475386935854
e2,JPM,21,2,mae_da,expanding,lgbm_reg@sent,0.27902164802869034
e2,JPM,21,2,mae_da,expanding,pls@market,0.05792959283807021
e2,JPM,21,2,mae_da,expanding,pls@sent,0.07597893000260833
e2,JPM,21,2,mae_da,expanding,xgb@market,0.08349243662291876
e2,JPM,21,2,mae_da,expanding,xgb@sent,0.17390398455100056
e2,JPM,21,3,mae_da,expanding,elasticnet@market,0.002621681542836886
e2,JPM,21,3,mae_da,expanding,elasticnet@sent,0.003920356376757746
e2,JPM,21,3,mae_da,expanding,huber@market,0.0018947333540238979
e2,JPM,21,3,mae_da,expanding,huber@sent,0.003211722116069368
e2,JPM,21,3,mae_da,expanding,lgbm_reg@market,0.2903923170464538
e2,JPM,21,3,mae_da,expanding,lgbm_reg@sent,0.24585151347857
e2,JPM,21,3,mae_da,expanding,pls@market,0.1440431118531912
e2,JPM,21,3,mae_da,expanding,pls@sent,0.14781044646981994
e2,JPM,21,3,mae_da,expanding,xgb@market,0.05344179021123559
e2,JPM,21,3,mae_da,expanding,xgb@sent,0.10681232755104159
e2,JPM,21,4,mae_da,expanding,elasticnet@market,0.004345616178477675
e2,JPM,21,4,mae_da,expanding,elasticnet@sent,0.0019383999765765613
e2,JPM,21,4,mae_da,expanding,huber@market,0.004435108421298631
e2,JPM,21,4,mae_da,expanding,huber@sent,0.0018082165129505612
e2,JPM,21,4,mae_da,expanding,lgbm_reg@market,0.2511698945606657
e2,JPM,21,4,mae_da,expanding,lgbm_reg@sent,0.23739462485133261
e2,JPM,21,4,mae_da,expanding,pls@market,0.19366336814145899
e2,JPM,21,4,mae_da,expanding,pls@sent,0.11900999738531694
e2,JPM,21,4,mae_da,expanding,xgb@market,0.08561019514035141
e2,JPM,21,4,mae_da,expanding,xgb@sent,0.10062457883157086
e2,JPM,21,5,mae_da,expanding,elasticnet@market,0.0038534590816238427
e2,JPM,21,5,mae_da,expanding,elasticnet@sent,0.0017262684378723248
e2,JPM,21,5,mae_da,expanding,huber@market,0.004512813604731477
e2,JPM,21,5,mae_da,expanding,huber@sent,0.0020705241960470386
e2,JPM,21,5,mae_da,expanding,lgbm_reg@market,0.2523010923372344
e2,JPM,21,5,mae_da,expanding,lgbm_reg@sent,0.30654119479119246
e2,JPM,21,5,mae_da,expanding,pls@market,0.10963179721084344
e2,JPM,21,5,mae_da,expanding,pls@sent,0.17362531784784976
e2,JPM,21,5,mae_da,expanding,xgb@market,0.07223335295203216
e2,JPM,21,5,mae_da,expanding,xgb@sent,0.0735041795405731
e2,JPM,21,0,mae_da,last3,elasticnet@market,0.1
e2,JPM,21,0,mae_da,last3,elasticnet@sent,0.1
e2,JPM,21,0,mae_da,last3,huber@market,0.1
e2,JPM,21,0,mae_da,last3,huber@sent,0.1
e2,JPM,21,0,mae_da,last3,lgbm_reg@market,0.1
e2,JPM,21,0,mae_da,last3,lgbm_reg@sent,0.1
e2,JPM,21,0,mae_da,last3,pls@market,0.1
e2,JPM,21,0,mae_da,last3,pls@sent,0.1
e2,JPM,21,0,mae_da,last3,xgb@market,0.1
e2,JPM,21,0,mae_da,last3,xgb@sent,0.1
e2,JPM,21,1,mae_da,last3,elasticnet@market,0.009179393421021946
e2,JPM,21,1,mae_da,last3,elasticnet@sent,0.012165679114212687
e2,JPM,21,1,mae_da,last3,huber@market,0.0034711512843456243
e2,JPM,21,1,mae_da,last3,huber@sent,0.003304343154780109
e2,JPM,21,1,mae_da,last3,lgbm_reg@market,0.24720632972312376
e2,JPM,21,1,mae_da,last3,lgbm_reg@sent,0.20214062662754007
e2,JPM,21,1,mae_da,last3,pls@market,0.02479314648522997
e2,JPM,21,1,mae_da,last3,pls@sent,0.012284193321579808
e2,JPM,21,1,mae_da,last3,xgb@market,0.16334699993870097
e2,JPM,21,1,mae_da,last3,xgb@sent,0.3221081369294651
e2,JPM,21,2,mae_da,last3,elasticnet@market,0.0026434627081408624
e2,JPM,21,2,mae_da,last3,elasticnet@sent,0.0037785216642229166
e2,JPM,21,2,mae_da,last3,huber@market,0.001771452309668639
e2,JPM,21,2,mae_da,last3,huber@sent,0.0034324325810939993
e2,JPM,21,2,mae_da,last3,lgbm_reg@market,0.3180475386935854
e2,JPM,21,2,mae_da,last3,lgbm_reg@sent,0.27902164802869034
e2,JPM,21,2,mae_da,last3,pls@market,0.05792959283807021
e2,JPM,21,2,mae_da,last3,pls@sent,0.07597893000260833
e2,JPM,21,2,mae_da,last3,xgb@market,0.08349243662291876
e2,JPM,21,2,mae_da,last3,xgb@sent,0.17390398455100056
e2,JPM,21,3,mae_da,last3,elasticnet@market,0.002621681542836886
e2,JPM,21,3,mae_da,last3,elasticnet@sent,0.003920356376757746
e2,JPM,21,3,mae_da,last3,huber@market,0.0018947333540238979
e2,JPM,21,3,mae_da,last3,huber@sent,0.003211722116069368
e2,JPM,21,3,mae_da,last3,lgbm_reg@market,0.2903923170464538
e2,JPM,21,3,mae_da,last3,lgbm_reg@sent,0.24585151347857
e2,JPM,21,3,mae_da,last3,pls@market,0.1440431118531912
e2,JPM,21,3,mae_da,last3,pls@sent,0.14781044646981994
e2,JPM,21,3,mae_da,last3,xgb@market,0.05344179021123559
e2,JPM,21,3,mae_da,last3,xgb@sent,0.10681232755104159
e2,JPM,21,4,mae_da,last3,elasticnet@market,0.0037622820744437862
e2,JPM,21,4,mae_da,last3,elasticnet@sent,0.0011259893025731716
e2,JPM,21,4,mae_da,last3,huber@market,0.011642892271103647
e2,JPM,21,4,mae_da,last3,huber@sent,0.003200589612473121
e2,JPM,21,4,mae_da,last3,lgbm_reg@market,0.1800346859894801
e2,JPM,21,4,mae_da,last3,lgbm_reg@sent,0.18687331318978626
e2,JPM,21,4,mae_da,last3,pls@market,0.29273141149636067
e2,JPM,21,4,mae_da,last3,pls@sent,0.21727618042055521
e2,JPM,21,4,mae_da,last3,xgb@market,0.053142886265101254
e2,JPM,21,4,mae_da,last3,xgb@sent,0.050209769378122646
e2,JPM,21,5,mae_da,last3,elasticnet@market,0.010482327596957716
e2,JPM,21,5,mae_da,last3,elasticnet@sent,0.0009595849920722716
e2,JPM,21,5,mae_da,last3,huber@market,0.039782413383712543
e2,JPM,21,5,mae_da,last3,huber@sent,0.0022241847986569996
e2,JPM,21,5,mae_da,last3,lgbm_reg@market,0.11855482399191254
e2,JPM,21,5,mae_da,last3,lgbm_reg@sent,0.21680246384824184
e2,JPM,21,5,mae_da,last3,pls@market,0.18504020552792735
e2,JPM,21,5,mae_da,last3,pls@sent,0.3556323996369244
e2,JPM,21,5,mae_da,last3,xgb@market,0.0513627667755512
e2,JPM,21,5,mae_da,last3,xgb@sent,0.019158829448043035
e2,JPM,21,0,softmax_ic,expanding,elasticnet@market,0.1
e2,JPM,21,0,softmax_ic,expanding,elasticnet@sent,0.1
e2,JPM,21,0,softmax_ic,expanding,huber@market,0.1
e2,JPM,21,0,softmax_ic,expanding,huber@sent,0.1
e2,JPM,21,0,softmax_ic,expanding,lgbm_reg@market,0.1
e2,JPM,21,0,softmax_ic,expanding,lgbm_reg@sent,0.1
e2,JPM,21,0,softmax_ic,expanding,pls@market,0.1
e2,JPM,21,0,softmax_ic,expanding,pls@sent,0.1
e2,JPM,21,0,softmax_ic,expanding,xgb@market,0.1
e2,JPM,21,0,softmax_ic,expanding,xgb@sent,0.1
e2,JPM,21,1,softmax_ic,expanding,elasticnet@market,0.047226786124001906
e2,JPM,21,1,softmax_ic,expanding,elasticnet@sent,0.06731076611979186
e2,JPM,21,1,softmax_ic,expanding,huber@market,0.008766444503642548
e2,JPM,21,1,softmax_ic,expanding,huber@sent,0.007646590407071668
e2,JPM,21,1,softmax_ic,expanding,lgbm_reg@market,0.0665254129594426
e2,JPM,21,1,softmax_ic,expanding,lgbm_reg@sent,0.04957134230293103
e2,JPM,21,1,softmax_ic,expanding,pls@market,0.17318621649707705
e2,JPM,21,1,softmax_ic,expanding,pls@sent,0.12477833960324593
e2,JPM,21,1,softmax_ic,expanding,xgb@market,0.1433649227459648
e2,JPM,21,1,softmax_ic,expanding,xgb@sent,0.31162317873683065
e2,JPM,21,2,softmax_ic,expanding,elasticnet@market,0.02385582742703605
e2,JPM,21,2,softmax_ic,expanding,elasticnet@sent,0.041201532145691645
e2,JPM,21,2,softmax_ic,expanding,huber@market,0.009665500955011936
e2,JPM,21,2,softmax_ic,expanding,huber@sent,0.01336734123235136
e2,JPM,21,2,softmax_ic,expanding,lgbm_reg@market,0.10537370495584157
e2,JPM,21,2,softmax_ic,expanding,lgbm_reg@sent,0.08823068914246598
e2,JPM,21,2,softmax_ic,expanding,pls@market,0.13376756262048076
e2,JPM,21,2,softmax_ic,expanding,pls@sent,0.17944448168744745
e2,JPM,21,2,softmax_ic,expanding,xgb@market,0.14317752526308974
e2,JPM,21,2,softmax_ic,expanding,xgb@sent,0.2619158345705835
e2,JPM,21,3,softmax_ic,expanding,elasticnet@market,0.043720901233908455
e2,JPM,21,3,softmax_ic,expanding,elasticnet@sent,0.0631412630996545
e2,JPM,21,3,softmax_ic,expanding,huber@market,0.01826436013889132
e2,JPM,21,3,softmax_ic,expanding,huber@sent,0.01932586664167743
e2,JPM,21,3,softmax_ic,expanding,lgbm_reg@market,0.02226628583446229
e2,JPM,21,3,softmax_ic,expanding,lgbm_reg@sent,0.01762376538347823
e2,JPM,21,3,softmax_ic,expanding,pls@market,0.35737396391960247
e2,JPM,21,3,softmax_ic,expanding,pls@sent,0.25425672666127624
e2,JPM,21,3,softmax_ic,expanding,xgb@market,0.08996445744661795
e2,JPM,21,3,softmax_ic,expanding,xgb@sent,0.11406240964043114
e2,JPM,21,4,softmax_ic,expanding,elasticnet@market,0.07028255282936925
e2,JPM,21,4,softmax_ic,expanding,elasticnet@sent,0.046621872629864405
e2,JPM,21,4,softmax_ic,expanding,huber@market,0.0327240094954391
e2,JPM,21,4,softmax_ic,expanding,huber@sent,0.014470551188257531
e2,JPM,21,4,softmax_ic,expanding,lgbm_reg@market,0.05183634636540802
e2,JPM,21,4,softmax_ic,expanding,lgbm_reg@sent,0.04619017974719411
e2,JPM,21,4,softmax_ic,expanding,pls@market,0.3102023511797068
e2,JPM,21,4,softmax_ic,expanding,pls@sent,0.16383580879795512
e2,JPM,21,4,softmax_ic,expanding,xgb@market,0.12488266802251359
e2,JPM,21,4,softmax_ic,expanding,xgb@sent,0.1389536597442921
e2,JPM,21,5,softmax_ic,expanding,elasticnet@market,0.06816254976882678
e2,JPM,21,5,softmax_ic,expanding,elasticnet@sent,0.04658567655547379
e2,JPM,21,5,softmax_ic,expanding,huber@market,0.04383365463590119
e2,JPM,21,5,softmax_ic,expanding,huber@sent,0.01940394092007664
e2,JPM,21,5,softmax_ic,expanding,lgbm_reg@market,0.06742653232670452
e2,JPM,21,5,softmax_ic,expanding,lgbm_reg@sent,0.0633760580035586
e2,JPM,21,5,softmax_ic,expanding,pls@market,0.20419872632912656
e2,JPM,21,5,softmax_ic,expanding,pls@sent,0.22854722004629033
e2,JPM,21,5,softmax_ic,expanding,xgb@market,0.1453653733184709
e2,JPM,21,5,softmax_ic,expanding,xgb@sent,0.11310026809557074
e2,JPM,21,0,softmax_ic,last3,elasticnet@market,0.1
e2,JPM,21,0,softmax_ic,last3,elasticnet@sent,0.1
e2,JPM,21,0,softmax_ic,last3,huber@market,0.1
e2,JPM,21,0,softmax_ic,last3,huber@sent,0.1
e2,JPM,21,0,softmax_ic,last3,lgbm_reg@market,0.1
e2,JPM,21,0,softmax_ic,last3,lgbm_reg@sent,0.1
e2,JPM,21,0,softmax_ic,last3,pls@market,0.1
e2,JPM,21,0,softmax_ic,last3,pls@sent,0.1
e2,JPM,21,0,softmax_ic,last3,xgb@market,0.1
e2,JPM,21,0,softmax_ic,last3,xgb@sent,0.1
e2,JPM,21,1,softmax_ic,last3,elasticnet@market,0.047226786124001906
e2,JPM,21,1,softmax_ic,last3,elasticnet@sent,0.06731076611979186
e2,JPM,21,1,softmax_ic,last3,huber@market,0.008766444503642548
e2,JPM,21,1,softmax_ic,last3,huber@sent,0.007646590407071668
e2,JPM,21,1,softmax_ic,last3,lgbm_reg@market,0.0665254129594426
e2,JPM,21,1,softmax_ic,last3,lgbm_reg@sent,0.04957134230293103
e2,JPM,21,1,softmax_ic,last3,pls@market,0.17318621649707705
e2,JPM,21,1,softmax_ic,last3,pls@sent,0.12477833960324593
e2,JPM,21,1,softmax_ic,last3,xgb@market,0.1433649227459648
e2,JPM,21,1,softmax_ic,last3,xgb@sent,0.31162317873683065
e2,JPM,21,2,softmax_ic,last3,elasticnet@market,0.02385582742703605
e2,JPM,21,2,softmax_ic,last3,elasticnet@sent,0.041201532145691645
e2,JPM,21,2,softmax_ic,last3,huber@market,0.009665500955011936
e2,JPM,21,2,softmax_ic,last3,huber@sent,0.01336734123235136
e2,JPM,21,2,softmax_ic,last3,lgbm_reg@market,0.10537370495584157
e2,JPM,21,2,softmax_ic,last3,lgbm_reg@sent,0.08823068914246598
e2,JPM,21,2,softmax_ic,last3,pls@market,0.13376756262048076
e2,JPM,21,2,softmax_ic,last3,pls@sent,0.17944448168744745
e2,JPM,21,2,softmax_ic,last3,xgb@market,0.14317752526308974
e2,JPM,21,2,softmax_ic,last3,xgb@sent,0.2619158345705835
e2,JPM,21,3,softmax_ic,last3,elasticnet@market,0.043720901233908455
e2,JPM,21,3,softmax_ic,last3,elasticnet@sent,0.0631412630996545
e2,JPM,21,3,softmax_ic,last3,huber@market,0.01826436013889132
e2,JPM,21,3,softmax_ic,last3,huber@sent,0.01932586664167743
e2,JPM,21,3,softmax_ic,last3,lgbm_reg@market,0.02226628583446229
e2,JPM,21,3,softmax_ic,last3,lgbm_reg@sent,0.01762376538347823
e2,JPM,21,3,softmax_ic,last3,pls@market,0.35737396391960247
e2,JPM,21,3,softmax_ic,last3,pls@sent,0.25425672666127624
e2,JPM,21,3,softmax_ic,last3,xgb@market,0.08996445744661795
e2,JPM,21,3,softmax_ic,last3,xgb@sent,0.11406240964043114
e2,JPM,21,4,softmax_ic,last3,elasticnet@market,0.0552056544409218
e2,JPM,21,4,softmax_ic,last3,elasticnet@sent,0.02836768095715754
e2,JPM,21,4,softmax_ic,last3,huber@market,0.0462495991363912
e2,JPM,21,4,softmax_ic,last3,huber@sent,0.015610815409727306
e2,JPM,21,4,softmax_ic,last3,lgbm_reg@market,0.026225022581970216
e2,JPM,21,4,softmax_ic,last3,lgbm_reg@sent,0.024857335090441777
e2,JPM,21,4,softmax_ic,last3,pls@market,0.46722369955973414
e2,JPM,21,4,softmax_ic,last3,pls@sent,0.23029664782688472
e2,JPM,21,4,softmax_ic,last3,xgb@market,0.059631126118757205
e2,JPM,21,4,softmax_ic,last3,xgb@sent,0.046332418878014245
e2,JPM,21,5,softmax_ic,last3,elasticnet@market,0.06422362077152535
e2,JPM,21,5,softmax_ic,last3,elasticnet@sent,0.026657688658238372
e2,JPM,21,5,softmax_ic,last3,huber@market,0.078999006772389
e2,JPM,21,5,softmax_ic,last3,huber@sent,0.019221791992255585
e2,JPM,21,5,softmax_ic,last3,lgbm_reg@market,0.05645376738361672
e2,JPM,21,5,softmax_ic,last3,lgbm_reg@sent,0.052062570674608635
e2,JPM,21,5,softmax_ic,last3,pls@market,0.2564618321742527
e2,JPM,21,5,softmax_ic,last3,pls@sent,0.2321828113254108
e2,JPM,21,5,softmax_ic,last3,xgb@market,0.15223545731958235
e2,JPM,21,5,softmax_ic,last3,xgb@sent,0.06150145292812036
e2,JPM,21,0,best_recent,expanding,elasticnet@market,0.1
e2,JPM,21,0,best_recent,expanding,elasticnet@sent,0.1
e2,JPM,21,0,best_recent,expanding,huber@market,0.1
e2,JPM,21,0,best_recent,expanding,huber@sent,0.1
e2,JPM,21,0,best_recent,expanding,lgbm_reg@market,0.1
e2,JPM,21,0,best_recent,expanding,lgbm_reg@sent,0.1
e2,JPM,21,0,best_recent,expanding,pls@market,0.1
e2,JPM,21,0,best_recent,expanding,pls@sent,0.1
e2,JPM,21,0,best_recent,expanding,xgb@market,0.1
e2,JPM,21,0,best_recent,expanding,xgb@sent,0.1
e2,JPM,21,1,best_recent,expanding,elasticnet@market,0.0
e2,JPM,21,1,best_recent,expanding,elasticnet@sent,0.0
e2,JPM,21,1,best_recent,expanding,huber@market,0.0
e2,JPM,21,1,best_recent,expanding,huber@sent,0.0
e2,JPM,21,1,best_recent,expanding,lgbm_reg@market,0.0
e2,JPM,21,1,best_recent,expanding,lgbm_reg@sent,0.0
e2,JPM,21,1,best_recent,expanding,pls@market,0.0
e2,JPM,21,1,best_recent,expanding,pls@sent,0.0
e2,JPM,21,1,best_recent,expanding,xgb@market,0.0
e2,JPM,21,1,best_recent,expanding,xgb@sent,1.0
e2,JPM,21,2,best_recent,expanding,elasticnet@market,0.0
e2,JPM,21,2,best_recent,expanding,elasticnet@sent,0.0
e2,JPM,21,2,best_recent,expanding,huber@market,0.0
e2,JPM,21,2,best_recent,expanding,huber@sent,0.0
e2,JPM,21,2,best_recent,expanding,lgbm_reg@market,0.0
e2,JPM,21,2,best_recent,expanding,lgbm_reg@sent,0.0
e2,JPM,21,2,best_recent,expanding,pls@market,0.0
e2,JPM,21,2,best_recent,expanding,pls@sent,0.0
e2,JPM,21,2,best_recent,expanding,xgb@market,0.0
e2,JPM,21,2,best_recent,expanding,xgb@sent,1.0
e2,JPM,21,3,best_recent,expanding,elasticnet@market,0.0
e2,JPM,21,3,best_recent,expanding,elasticnet@sent,0.0
e2,JPM,21,3,best_recent,expanding,huber@market,0.0
e2,JPM,21,3,best_recent,expanding,huber@sent,0.0
e2,JPM,21,3,best_recent,expanding,lgbm_reg@market,0.0
e2,JPM,21,3,best_recent,expanding,lgbm_reg@sent,0.0
e2,JPM,21,3,best_recent,expanding,pls@market,1.0
e2,JPM,21,3,best_recent,expanding,pls@sent,0.0
e2,JPM,21,3,best_recent,expanding,xgb@market,0.0
e2,JPM,21,3,best_recent,expanding,xgb@sent,0.0
e2,JPM,21,4,best_recent,expanding,elasticnet@market,0.0
e2,JPM,21,4,best_recent,expanding,elasticnet@sent,0.0
e2,JPM,21,4,best_recent,expanding,huber@market,0.0
e2,JPM,21,4,best_recent,expanding,huber@sent,0.0
e2,JPM,21,4,best_recent,expanding,lgbm_reg@market,0.0
e2,JPM,21,4,best_recent,expanding,lgbm_reg@sent,0.0
e2,JPM,21,4,best_recent,expanding,pls@market,1.0
e2,JPM,21,4,best_recent,expanding,pls@sent,0.0
e2,JPM,21,4,best_recent,expanding,xgb@market,0.0
e2,JPM,21,4,best_recent,expanding,xgb@sent,0.0
e2,JPM,21,5,best_recent,expanding,elasticnet@market,0.0
e2,JPM,21,5,best_recent,expanding,elasticnet@sent,0.0
e2,JPM,21,5,best_recent,expanding,huber@market,0.0
e2,JPM,21,5,best_recent,expanding,huber@sent,0.0
e2,JPM,21,5,best_recent,expanding,lgbm_reg@market,0.0
e2,JPM,21,5,best_recent,expanding,lgbm_reg@sent,0.0
e2,JPM,21,5,best_recent,expanding,pls@market,0.0
e2,JPM,21,5,best_recent,expanding,pls@sent,1.0
e2,JPM,21,5,best_recent,expanding,xgb@market,0.0
e2,JPM,21,5,best_recent,expanding,xgb@sent,0.0
e2,JPM,21,0,best_recent,last3,elasticnet@market,0.1
e2,JPM,21,0,best_recent,last3,elasticnet@sent,0.1
e2,JPM,21,0,best_recent,last3,huber@market,0.1
e2,JPM,21,0,best_recent,last3,huber@sent,0.1
e2,JPM,21,0,best_recent,last3,lgbm_reg@market,0.1
e2,JPM,21,0,best_recent,last3,lgbm_reg@sent,0.1
e2,JPM,21,0,best_recent,last3,pls@market,0.1
e2,JPM,21,0,best_recent,last3,pls@sent,0.1
e2,JPM,21,0,best_recent,last3,xgb@market,0.1
e2,JPM,21,0,best_recent,last3,xgb@sent,0.1
e2,JPM,21,1,best_recent,last3,elasticnet@market,0.0
e2,JPM,21,1,best_recent,last3,elasticnet@sent,0.0
e2,JPM,21,1,best_recent,last3,huber@market,0.0
e2,JPM,21,1,best_recent,last3,huber@sent,0.0
e2,JPM,21,1,best_recent,last3,lgbm_reg@market,0.0
e2,JPM,21,1,best_recent,last3,lgbm_reg@sent,0.0
e2,JPM,21,1,best_recent,last3,pls@market,0.0
e2,JPM,21,1,best_recent,last3,pls@sent,0.0
e2,JPM,21,1,best_recent,last3,xgb@market,0.0
e2,JPM,21,1,best_recent,last3,xgb@sent,1.0
e2,JPM,21,2,best_recent,last3,elasticnet@market,0.0
e2,JPM,21,2,best_recent,last3,elasticnet@sent,0.0
e2,JPM,21,2,best_recent,last3,huber@market,0.0
e2,JPM,21,2,best_recent,last3,huber@sent,0.0
e2,JPM,21,2,best_recent,last3,lgbm_reg@market,0.0
e2,JPM,21,2,best_recent,last3,lgbm_reg@sent,0.0
e2,JPM,21,2,best_recent,last3,pls@market,0.0
e2,JPM,21,2,best_recent,last3,pls@sent,0.0
e2,JPM,21,2,best_recent,last3,xgb@market,0.0
e2,JPM,21,2,best_recent,last3,xgb@sent,1.0
e2,JPM,21,3,best_recent,last3,elasticnet@market,0.0
e2,JPM,21,3,best_recent,last3,elasticnet@sent,0.0
e2,JPM,21,3,best_recent,last3,huber@market,0.0
e2,JPM,21,3,best_recent,last3,huber@sent,0.0
e2,JPM,21,3,best_recent,last3,lgbm_reg@market,0.0
e2,JPM,21,3,best_recent,last3,lgbm_reg@sent,0.0
e2,JPM,21,3,best_recent,last3,pls@market,1.0
e2,JPM,21,3,best_recent,last3,pls@sent,0.0
e2,JPM,21,3,best_recent,last3,xgb@market,0.0
e2,JPM,21,3,best_recent,last3,xgb@sent,0.0
e2,JPM,21,4,best_recent,last3,elasticnet@market,0.0
e2,JPM,21,4,best_recent,last3,elasticnet@sent,0.0
e2,JPM,21,4,best_recent,last3,huber@market,0.0
e2,JPM,21,4,best_recent,last3,huber@sent,0.0
e2,JPM,21,4,best_recent,last3,lgbm_reg@market,0.0
e2,JPM,21,4,best_recent,last3,lgbm_reg@sent,0.0
e2,JPM,21,4,best_recent,last3,pls@market,1.0
e2,JPM,21,4,best_recent,last3,pls@sent,0.0
e2,JPM,21,4,best_recent,last3,xgb@market,0.0
e2,JPM,21,4,best_recent,last3,xgb@sent,0.0
e2,JPM,21,5,best_recent,last3,elasticnet@market,0.0
e2,JPM,21,5,best_recent,last3,elasticnet@sent,0.0
e2,JPM,21,5,best_recent,last3,huber@market,0.0
e2,JPM,21,5,best_recent,last3,huber@sent,0.0
e2,JPM,21,5,best_recent,last3,lgbm_reg@market,0.0
e2,JPM,21,5,best_recent,last3,lgbm_reg@sent,0.0
e2,JPM,21,5,best_recent,last3,pls@market,1.0
e2,JPM,21,5,best_recent,last3,pls@sent,0.0
e2,JPM,21,5,best_recent,last3,xgb@market,0.0
e2,JPM,21,5,best_recent,last3,xgb@sent,0.0
e2,JPM,63,0,equal,expanding,elasticnet@market,0.1
e2,JPM,63,0,equal,expanding,elasticnet@sent,0.1
e2,JPM,63,0,equal,expanding,huber@market,0.1
e2,JPM,63,0,equal,expanding,huber@sent,0.1
e2,JPM,63,0,equal,expanding,lgbm_reg@market,0.1
e2,JPM,63,0,equal,expanding,lgbm_reg@sent,0.1
e2,JPM,63,0,equal,expanding,pls@market,0.1
e2,JPM,63,0,equal,expanding,pls@sent,0.1
e2,JPM,63,0,equal,expanding,xgb@market,0.1
e2,JPM,63,0,equal,expanding,xgb@sent,0.1
e2,JPM,63,1,equal,expanding,elasticnet@market,0.1
e2,JPM,63,1,equal,expanding,elasticnet@sent,0.1
e2,JPM,63,1,equal,expanding,huber@market,0.1
e2,JPM,63,1,equal,expanding,huber@sent,0.1
e2,JPM,63,1,equal,expanding,lgbm_reg@market,0.1
e2,JPM,63,1,equal,expanding,lgbm_reg@sent,0.1
e2,JPM,63,1,equal,expanding,pls@market,0.1
e2,JPM,63,1,equal,expanding,pls@sent,0.1
e2,JPM,63,1,equal,expanding,xgb@market,0.1
e2,JPM,63,1,equal,expanding,xgb@sent,0.1
e2,JPM,63,2,equal,expanding,elasticnet@market,0.1
e2,JPM,63,2,equal,expanding,elasticnet@sent,0.1
e2,JPM,63,2,equal,expanding,huber@market,0.1
e2,JPM,63,2,equal,expanding,huber@sent,0.1
e2,JPM,63,2,equal,expanding,lgbm_reg@market,0.1
e2,JPM,63,2,equal,expanding,lgbm_reg@sent,0.1
e2,JPM,63,2,equal,expanding,pls@market,0.1
e2,JPM,63,2,equal,expanding,pls@sent,0.1
e2,JPM,63,2,equal,expanding,xgb@market,0.1
e2,JPM,63,2,equal,expanding,xgb@sent,0.1
e2,JPM,63,3,equal,expanding,elasticnet@market,0.1
e2,JPM,63,3,equal,expanding,elasticnet@sent,0.1
e2,JPM,63,3,equal,expanding,huber@market,0.1
e2,JPM,63,3,equal,expanding,huber@sent,0.1
e2,JPM,63,3,equal,expanding,lgbm_reg@market,0.1
e2,JPM,63,3,equal,expanding,lgbm_reg@sent,0.1
e2,JPM,63,3,equal,expanding,pls@market,0.1
e2,JPM,63,3,equal,expanding,pls@sent,0.1
e2,JPM,63,3,equal,expanding,xgb@market,0.1
e2,JPM,63,3,equal,expanding,xgb@sent,0.1
e2,JPM,63,4,equal,expanding,elasticnet@market,0.1
e2,JPM,63,4,equal,expanding,elasticnet@sent,0.1
e2,JPM,63,4,equal,expanding,huber@market,0.1
e2,JPM,63,4,equal,expanding,huber@sent,0.1
e2,JPM,63,4,equal,expanding,lgbm_reg@market,0.1
e2,JPM,63,4,equal,expanding,lgbm_reg@sent,0.1
e2,JPM,63,4,equal,expanding,pls@market,0.1
e2,JPM,63,4,equal,expanding,pls@sent,0.1
e2,JPM,63,4,equal,expanding,xgb@market,0.1
e2,JPM,63,4,equal,expanding,xgb@sent,0.1
e2,JPM,63,5,equal,expanding,elasticnet@market,0.1
e2,JPM,63,5,equal,expanding,elasticnet@sent,0.1
e2,JPM,63,5,equal,expanding,huber@market,0.1
e2,JPM,63,5,equal,expanding,huber@sent,0.1
e2,JPM,63,5,equal,expanding,lgbm_reg@market,0.1
e2,JPM,63,5,equal,expanding,lgbm_reg@sent,0.1
e2,JPM,63,5,equal,expanding,pls@market,0.1
e2,JPM,63,5,equal,expanding,pls@sent,0.1
e2,JPM,63,5,equal,expanding,xgb@market,0.1
e2,JPM,63,5,equal,expanding,xgb@sent,0.1
e2,JPM,63,0,inv_mae,expanding,elasticnet@market,0.1
e2,JPM,63,0,inv_mae,expanding,elasticnet@sent,0.1
e2,JPM,63,0,inv_mae,expanding,huber@market,0.1
e2,JPM,63,0,inv_mae,expanding,huber@sent,0.1
e2,JPM,63,0,inv_mae,expanding,lgbm_reg@market,0.1
e2,JPM,63,0,inv_mae,expanding,lgbm_reg@sent,0.1
e2,JPM,63,0,inv_mae,expanding,pls@market,0.1
e2,JPM,63,0,inv_mae,expanding,pls@sent,0.1
e2,JPM,63,0,inv_mae,expanding,xgb@market,0.1
e2,JPM,63,0,inv_mae,expanding,xgb@sent,0.1
e2,JPM,63,1,inv_mae,expanding,elasticnet@market,0.0459029969222775
e2,JPM,63,1,inv_mae,expanding,elasticnet@sent,0.042997585553100966
e2,JPM,63,1,inv_mae,expanding,huber@market,0.0475057355708222
e2,JPM,63,1,inv_mae,expanding,huber@sent,0.049020898438250575
e2,JPM,63,1,inv_mae,expanding,lgbm_reg@market,0.16254106832681559
e2,JPM,63,1,inv_mae,expanding,lgbm_reg@sent,0.16589728323088232
e2,JPM,63,1,inv_mae,expanding,pls@market,0.08860599094889866
e2,JPM,63,1,inv_mae,expanding,pls@sent,0.08835086204487025
e2,JPM,63,1,inv_mae,expanding,xgb@market,0.15648000558638514
e2,JPM,63,1,inv_mae,expanding,xgb@sent,0.15269757337769665
e2,JPM,63,2,inv_mae,expanding,elasticnet@market,0.04099278256181284
e2,JPM,63,2,inv_mae,expanding,elasticnet@sent,0.04391383377390114
e2,JPM,63,2,inv_mae,expanding,huber@market,0.05169284131316408
e2,JPM,63,2,inv_mae,expanding,huber@sent,0.05521380099384721
e2,JPM,63,2,inv_mae,expanding,lgbm_reg@market,0.16266668150288435
e2,JPM,63,2,inv_mae,expanding,lgbm_reg@sent,0.1660411944117182
e2,JPM,63,2,inv_mae,expanding,pls@market,0.08987402641466014
e2,JPM,63,2,inv_mae,expanding,pls@sent,0.09586969077063727
e2,JPM,63,2,inv_mae,expanding,xgb@market,0.1505746454462907
e2,JPM,63,2,inv_mae,expanding,xgb@sent,0.14316050281108403
e2,JPM,63,3,inv_mae,expanding,elasticnet@market,0.04247758447968743
e2,JPM,63,3,inv_mae,expanding,elasticnet@sent,0.039840870724879816
e2,JPM,63,3,inv_mae,expanding,huber@market,0.04600669538538079
e2,JPM,63,3,inv_mae,expanding,huber@sent,0.041705518403873175
e2,JPM,63,3,inv_mae,expanding,lgbm_reg@market,0.17400649785780845
e2,JPM,63,3,inv_mae,expanding,lgbm_reg@sent,0.17735084601048573
e2,JPM,63,3,inv_mae,expanding,pls@market,0.11537511002872136
e2,JPM,63,3,inv_mae,expanding,pls@sent,0.11278442120271828
e2,JPM,63,3,inv_mae,expanding,xgb@market,0.12658550737037716
e2,JPM,63,3,inv_mae,expanding,xgb@sent,0.12386694853606776
e2,JPM,63,4,inv_mae,expanding,elasticnet@market,0.05096759128496086
e2,JPM,63,4,inv_mae,expanding,elasticnet@sent,0.03854540679302177
e2,JPM,63,4,inv_mae,expanding,huber@market,0.05489942397648113
e2,JPM,63,4,inv_mae,expanding,huber@sent,0.03898935197780075
e2,JPM,63,4,inv_mae,expanding,lgbm_reg@market,0.17305434174779274
e2,JPM,63,4,inv_mae,expanding,lgbm_reg@sent,0.17568195297255212
e2,JPM,63,4,inv_mae,expanding,pls@market,0.11281536170970943
e2,JPM,63,4,inv_mae,expanding,pls@sent,0.10590343667274224
e2,JPM,63,4,inv_mae,expanding,xgb@market,0.12715316906006574
e2,JPM,63,4,inv_mae,expanding,xgb@sent,0.12198996380487309
e2,JPM,63,5,inv_mae,expanding,elasticnet@market,0.057082907336813545
e2,JPM,63,5,inv_mae,expanding,elasticnet@sent,0.04295356625870863
e2,JPM,63,5,inv_mae,expanding,huber@market,0.06335004802547284
e2,JPM,63,5,inv_mae,expanding,huber@sent,0.04539729803055259
e2,JPM,63,5,inv_mae,expanding,lgbm_reg@market,0.16069939734903105
e2,JPM,63,5,inv_mae,expanding,lgbm_reg@sent,0.1633029370486112
e2,JPM,63,5,inv_mae,expanding,pls@market,0.12557346915760326
e2,JPM,63,5,inv_mae,expanding,pls@sent,0.1220973284975952
e2,JPM,63,5,inv_mae,expanding,xgb@market,0.1112990139550148
e2,JPM,63,5,inv_mae,expanding,xgb@sent,0.10824403434059698
e2,JPM,63,0,inv_mae,last3,elasticnet@market,0.1
e2,JPM,63,0,inv_mae,last3,elasticnet@sent,0.1
e2,JPM,63,0,inv_mae,last3,huber@market,0.1
e2,JPM,63,0,inv_mae,last3,huber@sent,0.1
e2,JPM,63,0,inv_mae,last3,lgbm_reg@market,0.1
e2,JPM,63,0,inv_mae,last3,lgbm_reg@sent,0.1
e2,JPM,63,0,inv_mae,last3,pls@market,0.1
e2,JPM,63,0,inv_mae,last3,pls@sent,0.1
e2,JPM,63,0,inv_mae,last3,xgb@market,0.1
e2,JPM,63,0,inv_mae,last3,xgb@sent,0.1
e2,JPM,63,1,inv_mae,last3,elasticnet@market,0.0459029969222775
e2,JPM,63,1,inv_mae,last3,elasticnet@sent,0.042997585553100966
e2,JPM,63,1,inv_mae,last3,huber@market,0.0475057355708222
e2,JPM,63,1,inv_mae,last3,huber@sent,0.049020898438250575
e2,JPM,63,1,inv_mae,last3,lgbm_reg@market,0.16254106832681559
e2,JPM,63,1,inv_mae,last3,lgbm_reg@sent,0.16589728323088232
e2,JPM,63,1,inv_mae,last3,pls@market,0.08860599094889866
e2,JPM,63,1,inv_mae,last3,pls@sent,0.08835086204487025
e2,JPM,63,1,inv_mae,last3,xgb@market,0.15648000558638514
e2,JPM,63,1,inv_mae,last3,xgb@sent,0.15269757337769665
e2,JPM,63,2,inv_mae,last3,elasticnet@market,0.04099278256181284
e2,JPM,63,2,inv_mae,last3,elasticnet@sent,0.04391383377390114
e2,JPM,63,2,inv_mae,last3,huber@market,0.05169284131316408
e2,JPM,63,2,inv_mae,last3,huber@sent,0.05521380099384721
e2,JPM,63,2,inv_mae,last3,lgbm_reg@market,0.16266668150288435
e2,JPM,63,2,inv_mae,last3,lgbm_reg@sent,0.1660411944117182
e2,JPM,63,2,inv_mae,last3,pls@market,0.08987402641466014
e2,JPM,63,2,inv_mae,last3,pls@sent,0.09586969077063727
e2,JPM,63,2,inv_mae,last3,xgb@market,0.1505746454462907
e2,JPM,63,2,inv_mae,last3,xgb@sent,0.14316050281108403
e2,JPM,63,3,inv_mae,last3,elasticnet@market,0.04247758447968743
e2,JPM,63,3,inv_mae,last3,elasticnet@sent,0.039840870724879816
e2,JPM,63,3,inv_mae,last3,huber@market,0.04600669538538079
e2,JPM,63,3,inv_mae,last3,huber@sent,0.041705518403873175
e2,JPM,63,3,inv_mae,last3,lgbm_reg@market,0.17400649785780845
e2,JPM,63,3,inv_mae,last3,lgbm_reg@sent,0.17735084601048573
e2,JPM,63,3,inv_mae,last3,pls@market,0.11537511002872136
e2,JPM,63,3,inv_mae,last3,pls@sent,0.11278442120271828
e2,JPM,63,3,inv_mae,last3,xgb@market,0.12658550737037716
e2,JPM,63,3,inv_mae,last3,xgb@sent,0.12386694853606776
e2,JPM,63,4,inv_mae,last3,elasticnet@market,0.05325603983061913
e2,JPM,63,4,inv_mae,last3,elasticnet@sent,0.03584906051883587
e2,JPM,63,4,inv_mae,last3,huber@market,0.058690801352945375
e2,JPM,63,4,inv_mae,last3,huber@sent,0.034113335231481356
e2,JPM,63,4,inv_mae,last3,lgbm_reg@market,0.17660433095124697
e2,JPM,63,4,inv_mae,last3,lgbm_reg@sent,0.17875025294190813
e2,JPM,63,4,inv_mae,last3,pls@market,0.12766885598837477
e2,JPM,63,4,inv_mae,last3,pls@sent,0.11564460120916657
e2,JPM,63,4,inv_mae,last3,xgb@market,0.11245200953811653
e2,JPM,63,4,inv_mae,last3,xgb@sent,0.1069707124373053
e2,JPM,63,5,inv_mae,last3,elasticnet@market,0.07237170194766775
e2,JPM,63,5,inv_mae,last3,elasticnet@sent,0.04036959390722766
e2,JPM,63,5,inv_mae,last3,huber@market,0.07166623176999024
e2,JPM,63,5,inv_mae,last3,huber@sent,0.03744366339246744
e2,JPM,63,5,inv_mae,last3,lgbm_reg@market,0.15221212358920924
e2,JPM,63,5,inv_mae,last3,lgbm_reg@sent,0.15413828288587603
e2,JPM,63,5,inv_mae,last3,pls@market,0.1597013855346794
e2,JPM,63,5,inv_mae,last3,pls@sent,0.14284538787582104
e2,JPM,63,5,inv_mae,last3,xgb@market,0.08513707566373696
e2,JPM,63,5,inv_mae,last3,xgb@sent,0.08411455343332426
e2,JPM,63,0,mae_da,expanding,elasticnet@market,0.1
e2,JPM,63,0,mae_da,expanding,elasticnet@sent,0.1
e2,JPM,63,0,mae_da,expanding,huber@market,0.1
e2,JPM,63,0,mae_da,expanding,huber@sent,0.1
e2,JPM,63,0,mae_da,expanding,lgbm_reg@market,0.1
e2,JPM,63,0,mae_da,expanding,lgbm_reg@sent,0.1
e2,JPM,63,0,mae_da,expanding,pls@market,0.1
e2,JPM,63,0,mae_da,expanding,pls@sent,0.1
e2,JPM,63,0,mae_da,expanding,xgb@market,0.1
e2,JPM,63,0,mae_da,expanding,xgb@sent,0.1
e2,JPM,63,1,mae_da,expanding,elasticnet@market,0.004227263540150609
e2,JPM,63,1,mae_da,expanding,elasticnet@sent,0.0036810301863630327
e2,JPM,63,1,mae_da,expanding,huber@market,0.002499058444829056
e2,JPM,63,1,mae_da,expanding,huber@sent,0.0038366650478292253
e2,JPM,63,1,mae_da,expanding,lgbm_reg@market,0.20583527590199038
e2,JPM,63,1,mae_da,expanding,lgbm_reg@sent,0.23560495463637887
e2,JPM,63,1,mae_da,expanding,pls@market,0.011343954215602305
e2,JPM,63,1,mae_da,expanding,pls@sent,0.012521386427569713
e2,JPM,63,1,mae_da,expanding,xgb@market,0.26515730799561543
e2,JPM,63,1,mae_da,expanding,xgb@sent,0.25529310360367147
e2,JPM,63,2,mae_da,expanding,elasticnet@market,0.0025992466930538217
e2,JPM,63,2,mae_da,expanding,elasticnet@sent,0.002855657427912813
e2,JPM,63,2,mae_da,expanding,huber@market,0.0034067479352752517
e2,JPM,63,2,mae_da,expanding,huber@sent,0.004466765444839296
e2,JPM,63,2,mae_da,expanding,lgbm_reg@market,0.24372816414354292
e2,JPM,63,2,mae_da,expanding,lgbm_reg@sent,0.28779804175821105
e2,JPM,63,2,mae_da,expanding,pls@market,0.014189151716139083
e2,JPM,63,2,mae_da,expanding,pls@sent,0.015058316641479427
e2,JPM,63,2,mae_da,expanding,xgb@market,0.24182684206126914
e2,JPM,63,2,mae_da,expanding,xgb@sent,0.18407106617827715
e2,JPM,63,3,mae_da,expanding,elasticnet@market,0.003676532242626986
e2,JPM,63,3,mae_da,expanding,elasticnet@sent,0.002917714582415577
e2,JPM,63,3,mae_da,expanding,huber@market,0.0033536600809646253
e2,JPM,63,3,mae_da,expanding,huber@sent,0.00306740376243309
e2,JPM,63,3,mae_da,expanding,lgbm_reg@market,0.26943772016270084
e2,JPM,63,3,mae_da,expanding,lgbm_reg@sent,0.3197428865017783
e2,JPM,63,3,mae_da,expanding,pls@market,0.02764558062275096
e2,JPM,63,3,mae_da,expanding,pls@sent,0.022158843298125664
e2,JPM,63,3,mae_da,expanding,xgb@market,0.19651687827395814
e2,JPM,63,3,mae_da,expanding,xgb@sent,0.15148278047224586
e2,JPM,63,4,mae_da,expanding,elasticnet@market,0.007162408512230774
e2,JPM,63,4,mae_da,expanding,elasticnet@sent,0.001569448733133834
e2,JPM,63,4,mae_da,expanding,huber@market,0.005599016232905905
e2,JPM,63,4,mae_da,expanding,huber@sent,0.0017124994126203488
e2,JPM,63,4,mae_da,expanding,lgbm_reg@market,0.2935908441419782
e2,JPM,63,4,mae_da,expanding,lgbm_reg@sent,0.3403250436970504
e2,JPM,63,4,mae_da,expanding,pls@market,0.038016770857908735
e2,JPM,63,4,mae_da,expanding,pls@sent,0.021387904195518236
e2,JPM,63,4,mae_da,expanding,xgb@market,0.16706671266351467
e2,JPM,63,4,mae_da,expanding,xgb@sent,0.12356935155313878
e2,JPM,63,5,mae_da,expanding,elasticnet@market,0.007809389116339415
e2,JPM,63,5,mae_da,expanding,elasticnet@sent,0.0011519645178671512
e2,JPM,63,5,mae_da,expanding,huber@market,0.0062435339549481664
e2,JPM,63,5,mae_da,expanding,huber@sent,0.0017864774231396642
e2,JPM,63,5,mae_da,expanding,lgbm_reg@market,0.2879043627272377
e2,JPM,63,5,mae_da,expanding,lgbm_reg@sent,0.336214898103349
e2,JPM,63,5,mae_da,expanding,pls@market,0.08073356515980232
e2,JPM,63,5,mae_da,expanding,pls@sent,0.05233202267244221
e2,JPM,63,5,mae_da,expanding,xgb@market,0.13084615692888169
e2,JPM,63,5,mae_da,expanding,xgb@sent,0.09497762939599272
e2,JPM,63,0,mae_da,last3,elasticnet@market,0.1
e2,JPM,63,0,mae_da,last3,elasticnet@sent,0.1
e2,JPM,63,0,mae_da,last3,huber@market,0.1
e2,JPM,63,0,mae_da,last3,huber@sent,0.1
e2,JPM,63,0,mae_da,last3,lgbm_reg@market,0.1
e2,JPM,63,0,mae_da,last3,lgbm_reg@sent,0.1
e2,JPM,63,0,mae_da,last3,pls@market,0.1
e2,JPM,63,0,mae_da,last3,pls@sent,0.1
e2,JPM,63,0,mae_da,last3,xgb@market,0.1
e2,JPM,63,0,mae_da,last3,xgb@sent,0.1
e2,JPM,63,1,mae_da,last3,elasticnet@market,0.004227263540150609
e2,JPM,63,1,mae_da,last3,elasticnet@sent,0.0036810301863630327
e2,JPM,63,1,mae_da,last3,huber@market,0.002499058444829056
e2,JPM,63,1,mae_da,last3,huber@sent,0.0038366650478292253
e2,JPM,63,1,mae_da,last3,lgbm_reg@market,0.20583527590199038
e2,JPM,63,1,mae_da,last3,lgbm_reg@sent,0.23560495463637887
e2,JPM,63,1,mae_da,last3,pls@market,0.011343954215602305
e2,JPM,63,1,mae_da,last3,pls@sent,0.012521386427569713
e2,JPM,63,1,mae_da,last3,xgb@market,0.26515730799561543
e2,JPM,63,1,mae_da,last3,xgb@sent,0.25529310360367147
e2,JPM,63,2,mae_da,last3,elasticnet@market,0.0025992466930538217
e2,JPM,63,2,mae_da,last3,elasticnet@sent,0.002855657427912813
e2,JPM,63,2,mae_da,last3,huber@market,0.0034067479352752517
e2,JPM,63,2,mae_da,last3,huber@sent,0.004466765444839296
e2,JPM,63,2,mae_da,last3,lgbm_reg@market,0.24372816414354292
e2,JPM,63,2,mae_da,last3,lgbm_reg@sent,0.28779804175821105
e2,JPM,63,2,mae_da,last3,pls@market,0.014189151716139083
e2,JPM,63,2,mae_da,last3,pls@sent,0.015058316641479427
e2,JPM,63,2,mae_da,last3,xgb@market,0.24182684206126914
e2,JPM,63,2,mae_da,last3,xgb@sent,0.18407106617827715
e2,JPM,63,3,mae_da,last3,elasticnet@market,0.003676532242626986
e2,JPM,63,3,mae_da,last3,elasticnet@sent,0.002917714582415577
e2,JPM,63,3,mae_da,last3,huber@market,0.0033536600809646253
e2,JPM,63,3,mae_da,last3,huber@sent,0.00306740376243309
e2,JPM,63,3,mae_da,last3,lgbm_reg@market,0.26943772016270084
e2,JPM,63,3,mae_da,last3,lgbm_reg@sent,0.3197428865017783
e2,JPM,63,3,mae_da,last3,pls@market,0.02764558062275096
e2,JPM,63,3,mae_da,last3,pls@sent,0.022158843298125664
e2,JPM,63,3,mae_da,last3,xgb@market,0.19651687827395814
e2,JPM,63,3,mae_da,last3,xgb@sent,0.15148278047224586
e2,JPM,63,4,mae_da,last3,elasticnet@market,0.012845543702999333
e2,JPM,63,4,mae_da,last3,elasticnet@sent,0.0009512133473386911
e2,JPM,63,4,mae_da,last3,huber@market,0.014456532618412002
e2,JPM,63,4,mae_da,last3,huber@sent,0.001275093410267827
e2,JPM,63,4,mae_da,last3,lgbm_reg@market,0.30902805915335807
e2,JPM,63,4,mae_da,last3,lgbm_reg@sent,0.3549240821596411
e2,JPM,63,4,mae_da,last3,pls@market,0.12267249396756891
e2,JPM,63,4,mae_da,last3,pls@sent,0.037489690565632915
e2,JPM,63,4,mae_da,last3,xgb@market,0.09228526121901942
e2,JPM,63,4,mae_da,last3,xgb@sent,0.05407202985576164
e2,JPM,63,5,mae_da,last3,elasticnet@market,0.027237037916715733
e2,JPM,63,5,mae_da,last3,elasticnet@sent,0.000814779619497547
e2,JPM,63,5,mae_da,last3,huber@market,0.015100278473853432
e2,JPM,63,5,mae_da,last3,huber@sent,0.00126866065286503
e2,JPM,63,5,mae_da,last3,lgbm_reg@market,0.16525607805835466
e2,JPM,63,5,mae_da,last3,lgbm_reg@sent,0.18119145312207602
e2,JPM,63,5,mae_da,last3,pls@market,0.3735829471763052
e2,JPM,63,5,mae_da,last3,pls@sent,0.1634751934317968
e2,JPM,63,5,mae_da,last3,xgb@market,0.04112952692855234
e2,JPM,63,5,mae_da,last3,xgb@sent,0.030944044619983263
e2,JPM,63,0,softmax_ic,expanding,elasticnet@market,0.1
e2,JPM,63,0,softmax_ic,expanding,elasticnet@sent,0.1
e2,JPM,63,0,softmax_ic,expanding,huber@market,0.1
e2,JPM,63,0,softmax_ic,expanding,huber@sent,0.1
e2,JPM,63,0,softmax_ic,expanding,lgbm_reg@market,0.1
e2,JPM,63,0,softmax_ic,expanding,lgbm_reg@sent,0.1
e2,JPM,63,0,softmax_ic,expanding,pls@market,0.1
e2,JPM,63,0,softmax_ic,expanding,pls@sent,0.1
e2,JPM,63,0,softmax_ic,expanding,xgb@market,0.1
e2,JPM,63,0,softmax_ic,expanding,xgb@sent,0.1
e2,JPM,63,1,softmax_ic,expanding,elasticnet@market,0.025087807477840274
e2,JPM,63,1,softmax_ic,expanding,elasticnet@sent,0.057945781715651706
e2,JPM,63,1,softmax_ic,expanding,huber@market,0.00458380651524634
e2,JPM,63,1,softmax_ic,expanding,huber@sent,0.006841696879359848
e2,JPM,63,1,softmax_ic,expanding,lgbm_reg@market,0.07931062576193859
e2,JPM,63,1,softmax_ic,expanding,lgbm_reg@sent,0.13575484750691172
e2,JPM,63,1,softmax_ic,expanding,pls@market,0.19163006222318474
e2,JPM,63,1,softmax_ic,expanding,pls@sent,0.4272902939047541
e2,JPM,63,1,softmax_ic,expanding,xgb@market,0.05303955809287611
e2,JPM,63,1,softmax_ic,expanding,xgb@sent,0.01851551992223654
e2,JPM,63,2,softmax_ic,expanding,elasticnet@market,0.008373023370379118
e2,JPM,63,2,softmax_ic,expanding,elasticnet@sent,0.010097211733326499
e2,JPM,63,2,softmax_ic,expanding,huber@market,0.0005194436107067757
e2,JPM,63,2,softmax_ic,expanding,huber@sent,0.0007931528708912641
e2,JPM,63,2,softmax_ic,expanding,lgbm_reg@market,0.08084565689265705
e2,JPM,63,2,softmax_ic,expanding,lgbm_reg@sent,0.07587687010402772
e2,JPM,63,2,softmax_ic,expanding,pls@market,0.004412575628887305
e2,JPM,63,2,softmax_ic,expanding,pls@sent,0.004382452821837632
e2,JPM,63,2,softmax_ic,expanding,xgb@market,0.6502533495605852
e2,JPM,63,2,softmax_ic,expanding,xgb@sent,0.1644462634067015
e2,JPM,63,3,softmax_ic,expanding,elasticnet@market,0.03553679225529659
e2,JPM,63,3,softmax_ic,expanding,elasticnet@sent,0.029755644711677375
e2,JPM,63,3,softmax_ic,expanding,huber@market,0.004611674862984431
e2,JPM,63,3,softmax_ic,expanding,huber@sent,0.005626789595569291
e2,JPM,63,3,softmax_ic,expanding,lgbm_reg@market,0.056762342649485965
e2,JPM,63,3,softmax_ic,expanding,lgbm_reg@sent,0.0598583650970317
e2,JPM,63,3,softmax_ic,expanding,pls@market,0.031914582234988324
e2,JPM,63,3,softmax_ic,expanding,pls@sent,0.020665109644459913
e2,JPM,63,3,softmax_ic,expanding,xgb@market,0.5104880569853691
e2,JPM,63,3,softmax_ic,expanding,xgb@sent,0.2447806419631372
e2,JPM,63,4,softmax_ic,expanding,elasticnet@market,0.09814442517652981
e2,JPM,63,4,softmax_ic,expanding,elasticnet@sent,0.019931044986942297
e2,JPM,63,4,softmax_ic,expanding,huber@market,0.024543335213857605
e2,JPM,63,4,softmax_ic,expanding,huber@sent,0.005757221759157059
e2,JPM,63,4,softmax_ic,expanding,lgbm_reg@market,0.1750980208888492
e2,JPM,63,4,softmax_ic,expanding,lgbm_reg@sent,0.1776041107952157
e2,JPM,63,4,softmax_ic,expanding,pls@market,0.060170117312114045
e2,JPM,63,4,softmax_ic,expanding,pls@sent,0.01903467819899198
e2,JPM,63,4,softmax_ic,expanding,xgb@market,0.2780714701181737
e2,JPM,63,4,softmax_ic,expanding,xgb@sent,0.14164557555016866
e2,JPM,63,5,softmax_ic,expanding,elasticnet@market,0.08975542819861881
e2,JPM,63,5,softmax_ic,expanding,elasticnet@sent,0.020365746988285912
e2,JPM,63,5,softmax_ic,expanding,huber@market,0.03584584305396031
e2,JPM,63,5,softmax_ic,expanding,huber@sent,0.008268291691054306
e2,JPM,63,5,softmax_ic,expanding,lgbm_reg@market,0.20293621503140238
e2,JPM,63,5,softmax_ic,expanding,lgbm_reg@sent,0.21172583761873412
e2,JPM,63,5,softmax_ic,expanding,pls@market,0.06426596525520056
e2,JPM,63,5,softmax_ic,expanding,pls@sent,0.03237720920348535
e2,JPM,63,5,softmax_ic,expanding,xgb@market,0.2075451449466457
e2,JPM,63,5,softmax_ic,expanding,xgb@sent,0.12691431801261244
e2,JPM,63,0,softmax_ic,last3,elasticnet@market,0.1
e2,JPM,63,0,softmax_ic,last3,elasticnet@sent,0.1
e2,JPM,63,0,softmax_ic,last3,huber@market,0.1
e2,JPM,63,0,softmax_ic,last3,huber@sent,0.1
e2,JPM,63,0,softmax_ic,last3,lgbm_reg@market,0.1
e2,JPM,63,0,softmax_ic,last3,lgbm_reg@sent,0.1
e2,JPM,63,0,softmax_ic,last3,pls@market,0.1
e2,JPM,63,0,softmax_ic,last3,pls@sent,0.1
e2,JPM,63,0,softmax_ic,last3,xgb@market,0.1
e2,JPM,63,0,softmax_ic,last3,xgb@sent,0.1
e2,JPM,63,1,softmax_ic,last3,elasticnet@market,0.025087807477840274
e2,JPM,63,1,softmax_ic,last3,elasticnet@sent,0.057945781715651706
e2,JPM,63,1,softmax_ic,last3,huber@market,0.00458380651524634
e2,JPM,63,1,softmax_ic,last3,huber@sent,0.006841696879359848
e2,JPM,63,1,softmax_ic,last3,lgbm_reg@market,0.07931062576193859
e2,JPM,63,1,softmax_ic,last3,lgbm_reg@sent,0.13575484750691172
e2,JPM,63,1,softmax_ic,last3,pls@market,0.19163006222318474
e2,JPM,63,1,softmax_ic,last3,pls@sent,0.4272902939047541
e2,JPM,63,1,softmax_ic,last3,xgb@market,0.05303955809287611
e2,JPM,63,1,softmax_ic,last3,xgb@sent,0.01851551992223654
e2,JPM,63,2,softmax_ic,last3,elasticnet@market,0.008373023370379118
e2,JPM,63,2,softmax_ic,last3,elasticnet@sent,0.010097211733326499
e2,JPM,63,2,softmax_ic,last3,huber@market,0.0005194436107067757
e2,JPM,63,2,softmax_ic,last3,huber@sent,0.0007931528708912641
e2,JPM,63,2,softmax_ic,last3,lgbm_reg@market,0.08084565689265705
e2,JPM,63,2,softmax_ic,last3,lgbm_reg@sent,0.07587687010402772
e2,JPM,63,2,softmax_ic,last3,pls@market,0.004412575628887305
e2,JPM,63,2,softmax_ic,last3,pls@sent,0.004382452821837632
e2,JPM,63,2,softmax_ic,last3,xgb@market,0.6502533495605852
e2,JPM,63,2,softmax_ic,last3,xgb@sent,0.1644462634067015
e2,JPM,63,3,softmax_ic,last3,elasticnet@market,0.03553679225529659
e2,JPM,63,3,softmax_ic,last3,elasticnet@sent,0.029755644711677375
e2,JPM,63,3,softmax_ic,last3,huber@market,0.004611674862984431
e2,JPM,63,3,softmax_ic,last3,huber@sent,0.005626789595569291
e2,JPM,63,3,softmax_ic,last3,lgbm_reg@market,0.056762342649485965
e2,JPM,63,3,softmax_ic,last3,lgbm_reg@sent,0.0598583650970317
e2,JPM,63,3,softmax_ic,last3,pls@market,0.031914582234988324
e2,JPM,63,3,softmax_ic,last3,pls@sent,0.020665109644459913
e2,JPM,63,3,softmax_ic,last3,xgb@market,0.5104880569853691
e2,JPM,63,3,softmax_ic,last3,xgb@sent,0.2447806419631372
e2,JPM,63,4,softmax_ic,last3,elasticnet@market,0.1833986889629117
e2,JPM,63,4,softmax_ic,last3,elasticnet@sent,0.014600859529301331
e2,JPM,63,4,softmax_ic,last3,huber@market,0.17185005146685298
e2,JPM,63,4,softmax_ic,last3,huber@sent,0.011077693567564785
e2,JPM,63,4,softmax_ic,last3,lgbm_reg@market,0.1543137575406935
e2,JPM,63,4,softmax_ic,last3,lgbm_reg@sent,0.13264046597917936
e2,JPM,63,4,softmax_ic,last3,pls@market,0.14851857498558282
e2,JPM,63,4,softmax_ic,last3,pls@sent,0.02393005135190574
e2,JPM,63,4,softmax_ic,last3,xgb@market,0.10157342208012336
e2,JPM,63,4,softmax_ic,last3,xgb@sent,0.05809643453588429
e2,JPM,63,5,softmax_ic,last3,elasticnet@market,0.028720054322009653
e2,JPM,63,5,softmax_ic,last3,elasticnet@sent,0.008306629315664667
e2,JPM,63,5,softmax_ic,last3,huber@market,0.03064910704091874
e2,JPM,63,5,softmax_ic,last3,huber@sent,0.00734477816679582
e2,JPM,63,5,softmax_ic,last3,lgbm_reg@market,0.29459940653653355
e2,JPM,63,5,softmax_ic,last3,lgbm_reg@sent,0.3265147443602863
e2,JPM,63,5,softmax_ic,last3,pls@market,0.04685633108036375
e2,JPM,63,5,softmax_ic,last3,pls@sent,0.018494136264293446
e2,JPM,63,5,softmax_ic,last3,xgb@market,0.12054705046259045
e2,JPM,63,5,softmax_ic,last3,xgb@sent,0.11796776245054348
e2,JPM,63,0,best_recent,expanding,elasticnet@market,0.1
e2,JPM,63,0,best_recent,expanding,elasticnet@sent,0.1
e2,JPM,63,0,best_recent,expanding,huber@market,0.1
e2,JPM,63,0,best_recent,expanding,huber@sent,0.1
e2,JPM,63,0,best_recent,expanding,lgbm_reg@market,0.1
e2,JPM,63,0,best_recent,expanding,lgbm_reg@sent,0.1
e2,JPM,63,0,best_recent,expanding,pls@market,0.1
e2,JPM,63,0,best_recent,expanding,pls@sent,0.1
e2,JPM,63,0,best_recent,expanding,xgb@market,0.1
e2,JPM,63,0,best_recent,expanding,xgb@sent,0.1
e2,JPM,63,1,best_recent,expanding,elasticnet@market,0.0
e2,JPM,63,1,best_recent,expanding,elasticnet@sent,0.0
e2,JPM,63,1,best_recent,expanding,huber@market,0.0
e2,JPM,63,1,best_recent,expanding,huber@sent,0.0
e2,JPM,63,1,best_recent,expanding,lgbm_reg@market,0.0
e2,JPM,63,1,best_recent,expanding,lgbm_reg@sent,0.0
e2,JPM,63,1,best_recent,expanding,pls@market,0.0
e2,JPM,63,1,best_recent,expanding,pls@sent,1.0
e2,JPM,63,1,best_recent,expanding,xgb@market,0.0
e2,JPM,63,1,best_recent,expanding,xgb@sent,0.0
e2,JPM,63,2,best_recent,expanding,elasticnet@market,0.0
e2,JPM,63,2,best_recent,expanding,elasticnet@sent,0.0
e2,JPM,63,2,best_recent,expanding,huber@market,0.0
e2,JPM,63,2,best_recent,expanding,huber@sent,0.0
e2,JPM,63,2,best_recent,expanding,lgbm_reg@market,0.0
e2,JPM,63,2,best_recent,expanding,lgbm_reg@sent,0.0
e2,JPM,63,2,best_recent,expanding,pls@market,0.0
e2,JPM,63,2,best_recent,expanding,pls@sent,0.0
e2,JPM,63,2,best_recent,expanding,xgb@market,1.0
e2,JPM,63,2,best_recent,expanding,xgb@sent,0.0
e2,JPM,63,3,best_recent,expanding,elasticnet@market,0.0
e2,JPM,63,3,best_recent,expanding,elasticnet@sent,0.0
e2,JPM,63,3,best_recent,expanding,huber@market,0.0
e2,JPM,63,3,best_recent,expanding,huber@sent,0.0
e2,JPM,63,3,best_recent,expanding,lgbm_reg@market,0.0
e2,JPM,63,3,best_recent,expanding,lgbm_reg@sent,0.0
e2,JPM,63,3,best_recent,expanding,pls@market,0.0
e2,JPM,63,3,best_recent,expanding,pls@sent,0.0
e2,JPM,63,3,best_recent,expanding,xgb@market,1.0
e2,JPM,63,3,best_recent,expanding,xgb@sent,0.0
e2,JPM,63,4,best_recent,expanding,elasticnet@market,0.0
e2,JPM,63,4,best_recent,expanding,elasticnet@sent,0.0
e2,JPM,63,4,best_recent,expanding,huber@market,0.0
e2,JPM,63,4,best_recent,expanding,huber@sent,0.0
e2,JPM,63,4,best_recent,expanding,lgbm_reg@market,0.0
e2,JPM,63,4,best_recent,expanding,lgbm_reg@sent,0.0
e2,JPM,63,4,best_recent,expanding,pls@market,0.0
e2,JPM,63,4,best_recent,expanding,pls@sent,0.0
e2,JPM,63,4,best_recent,expanding,xgb@market,1.0
e2,JPM,63,4,best_recent,expanding,xgb@sent,0.0
e2,JPM,63,5,best_recent,expanding,elasticnet@market,0.0
e2,JPM,63,5,best_recent,expanding,elasticnet@sent,0.0
e2,JPM,63,5,best_recent,expanding,huber@market,0.0
e2,JPM,63,5,best_recent,expanding,huber@sent,0.0
e2,JPM,63,5,best_recent,expanding,lgbm_reg@market,0.0
e2,JPM,63,5,best_recent,expanding,lgbm_reg@sent,1.0
e2,JPM,63,5,best_recent,expanding,pls@market,0.0
e2,JPM,63,5,best_recent,expanding,pls@sent,0.0
e2,JPM,63,5,best_recent,expanding,xgb@market,0.0
e2,JPM,63,5,best_recent,expanding,xgb@sent,0.0
e2,JPM,63,0,best_recent,last3,elasticnet@market,0.1
e2,JPM,63,0,best_recent,last3,elasticnet@sent,0.1
e2,JPM,63,0,best_recent,last3,huber@market,0.1
e2,JPM,63,0,best_recent,last3,huber@sent,0.1
e2,JPM,63,0,best_recent,last3,lgbm_reg@market,0.1
e2,JPM,63,0,best_recent,last3,lgbm_reg@sent,0.1
e2,JPM,63,0,best_recent,last3,pls@market,0.1
e2,JPM,63,0,best_recent,last3,pls@sent,0.1
e2,JPM,63,0,best_recent,last3,xgb@market,0.1
e2,JPM,63,0,best_recent,last3,xgb@sent,0.1
e2,JPM,63,1,best_recent,last3,elasticnet@market,0.0
e2,JPM,63,1,best_recent,last3,elasticnet@sent,0.0
e2,JPM,63,1,best_recent,last3,huber@market,0.0
e2,JPM,63,1,best_recent,last3,huber@sent,0.0
e2,JPM,63,1,best_recent,last3,lgbm_reg@market,0.0
e2,JPM,63,1,best_recent,last3,lgbm_reg@sent,0.0
e2,JPM,63,1,best_recent,last3,pls@market,0.0
e2,JPM,63,1,best_recent,last3,pls@sent,1.0
e2,JPM,63,1,best_recent,last3,xgb@market,0.0
e2,JPM,63,1,best_recent,last3,xgb@sent,0.0
e2,JPM,63,2,best_recent,last3,elasticnet@market,0.0
e2,JPM,63,2,best_recent,last3,elasticnet@sent,0.0
e2,JPM,63,2,best_recent,last3,huber@market,0.0
e2,JPM,63,2,best_recent,last3,huber@sent,0.0
e2,JPM,63,2,best_recent,last3,lgbm_reg@market,0.0
e2,JPM,63,2,best_recent,last3,lgbm_reg@sent,0.0
e2,JPM,63,2,best_recent,last3,pls@market,0.0
e2,JPM,63,2,best_recent,last3,pls@sent,0.0
e2,JPM,63,2,best_recent,last3,xgb@market,1.0
e2,JPM,63,2,best_recent,last3,xgb@sent,0.0
e2,JPM,63,3,best_recent,last3,elasticnet@market,0.0
e2,JPM,63,3,best_recent,last3,elasticnet@sent,0.0
e2,JPM,63,3,best_recent,last3,huber@market,0.0
e2,JPM,63,3,best_recent,last3,huber@sent,0.0
e2,JPM,63,3,best_recent,last3,lgbm_reg@market,0.0
e2,JPM,63,3,best_recent,last3,lgbm_reg@sent,0.0
e2,JPM,63,3,best_recent,last3,pls@market,0.0
e2,JPM,63,3,best_recent,last3,pls@sent,0.0
e2,JPM,63,3,best_recent,last3,xgb@market,1.0
e2,JPM,63,3,best_recent,last3,xgb@sent,0.0
e2,JPM,63,4,best_recent,last3,elasticnet@market,1.0
e2,JPM,63,4,best_recent,last3,elasticnet@sent,0.0
e2,JPM,63,4,best_recent,last3,huber@market,0.0
e2,JPM,63,4,best_recent,last3,huber@sent,0.0
e2,JPM,63,4,best_recent,last3,lgbm_reg@market,0.0
e2,JPM,63,4,best_recent,last3,lgbm_reg@sent,0.0
e2,JPM,63,4,best_recent,last3,pls@market,0.0
e2,JPM,63,4,best_recent,last3,pls@sent,0.0
e2,JPM,63,4,best_recent,last3,xgb@market,0.0
e2,JPM,63,4,best_recent,last3,xgb@sent,0.0
e2,JPM,63,5,best_recent,last3,elasticnet@market,0.0
e2,JPM,63,5,best_recent,last3,elasticnet@sent,0.0
e2,JPM,63,5,best_recent,last3,huber@market,0.0
e2,JPM,63,5,best_recent,last3,huber@sent,0.0
e2,JPM,63,5,best_recent,last3,lgbm_reg@market,0.0
e2,JPM,63,5,best_recent,last3,lgbm_reg@sent,1.0
e2,JPM,63,5,best_recent,last3,pls@market,0.0
e2,JPM,63,5,best_recent,last3,pls@sent,0.0
e2,JPM,63,5,best_recent,last3,xgb@market,0.0
e2,JPM,63,5,best_recent,last3,xgb@sent,0.0
e2,MSFT,5,0,equal,expanding,elasticnet@market,0.1
e2,MSFT,5,0,equal,expanding,elasticnet@sent,0.1
e2,MSFT,5,0,equal,expanding,huber@market,0.1
e2,MSFT,5,0,equal,expanding,huber@sent,0.1
e2,MSFT,5,0,equal,expanding,lgbm_reg@market,0.1
e2,MSFT,5,0,equal,expanding,lgbm_reg@sent,0.1
e2,MSFT,5,0,equal,expanding,pls@market,0.1
e2,MSFT,5,0,equal,expanding,pls@sent,0.1
e2,MSFT,5,0,equal,expanding,xgb@market,0.1
e2,MSFT,5,0,equal,expanding,xgb@sent,0.1
e2,MSFT,5,1,equal,expanding,elasticnet@market,0.1
e2,MSFT,5,1,equal,expanding,elasticnet@sent,0.1
e2,MSFT,5,1,equal,expanding,huber@market,0.1
e2,MSFT,5,1,equal,expanding,huber@sent,0.1
e2,MSFT,5,1,equal,expanding,lgbm_reg@market,0.1
e2,MSFT,5,1,equal,expanding,lgbm_reg@sent,0.1
e2,MSFT,5,1,equal,expanding,pls@market,0.1
e2,MSFT,5,1,equal,expanding,pls@sent,0.1
e2,MSFT,5,1,equal,expanding,xgb@market,0.1
e2,MSFT,5,1,equal,expanding,xgb@sent,0.1
e2,MSFT,5,2,equal,expanding,elasticnet@market,0.1
e2,MSFT,5,2,equal,expanding,elasticnet@sent,0.1
e2,MSFT,5,2,equal,expanding,huber@market,0.1
e2,MSFT,5,2,equal,expanding,huber@sent,0.1
e2,MSFT,5,2,equal,expanding,lgbm_reg@market,0.1
e2,MSFT,5,2,equal,expanding,lgbm_reg@sent,0.1
e2,MSFT,5,2,equal,expanding,pls@market,0.1
e2,MSFT,5,2,equal,expanding,pls@sent,0.1
e2,MSFT,5,2,equal,expanding,xgb@market,0.1
e2,MSFT,5,2,equal,expanding,xgb@sent,0.1
e2,MSFT,5,3,equal,expanding,elasticnet@market,0.1
e2,MSFT,5,3,equal,expanding,elasticnet@sent,0.1
e2,MSFT,5,3,equal,expanding,huber@market,0.1
e2,MSFT,5,3,equal,expanding,huber@sent,0.1
e2,MSFT,5,3,equal,expanding,lgbm_reg@market,0.1
e2,MSFT,5,3,equal,expanding,lgbm_reg@sent,0.1
e2,MSFT,5,3,equal,expanding,pls@market,0.1
e2,MSFT,5,3,equal,expanding,pls@sent,0.1
e2,MSFT,5,3,equal,expanding,xgb@market,0.1
e2,MSFT,5,3,equal,expanding,xgb@sent,0.1
e2,MSFT,5,4,equal,expanding,elasticnet@market,0.1
e2,MSFT,5,4,equal,expanding,elasticnet@sent,0.1
e2,MSFT,5,4,equal,expanding,huber@market,0.1
e2,MSFT,5,4,equal,expanding,huber@sent,0.1
e2,MSFT,5,4,equal,expanding,lgbm_reg@market,0.1
e2,MSFT,5,4,equal,expanding,lgbm_reg@sent,0.1
e2,MSFT,5,4,equal,expanding,pls@market,0.1
e2,MSFT,5,4,equal,expanding,pls@sent,0.1
e2,MSFT,5,4,equal,expanding,xgb@market,0.1
e2,MSFT,5,4,equal,expanding,xgb@sent,0.1
e2,MSFT,5,5,equal,expanding,elasticnet@market,0.1
e2,MSFT,5,5,equal,expanding,elasticnet@sent,0.1
e2,MSFT,5,5,equal,expanding,huber@market,0.1
e2,MSFT,5,5,equal,expanding,huber@sent,0.1
e2,MSFT,5,5,equal,expanding,lgbm_reg@market,0.1
e2,MSFT,5,5,equal,expanding,lgbm_reg@sent,0.1
e2,MSFT,5,5,equal,expanding,pls@market,0.1
e2,MSFT,5,5,equal,expanding,pls@sent,0.1
e2,MSFT,5,5,equal,expanding,xgb@market,0.1
e2,MSFT,5,5,equal,expanding,xgb@sent,0.1
e2,MSFT,5,0,inv_mae,expanding,elasticnet@market,0.1
e2,MSFT,5,0,inv_mae,expanding,elasticnet@sent,0.1
e2,MSFT,5,0,inv_mae,expanding,huber@market,0.1
e2,MSFT,5,0,inv_mae,expanding,huber@sent,0.1
e2,MSFT,5,0,inv_mae,expanding,lgbm_reg@market,0.1
e2,MSFT,5,0,inv_mae,expanding,lgbm_reg@sent,0.1
e2,MSFT,5,0,inv_mae,expanding,pls@market,0.1
e2,MSFT,5,0,inv_mae,expanding,pls@sent,0.1
e2,MSFT,5,0,inv_mae,expanding,xgb@market,0.1
e2,MSFT,5,0,inv_mae,expanding,xgb@sent,0.1
e2,MSFT,5,1,inv_mae,expanding,elasticnet@market,0.09387895279068484
e2,MSFT,5,1,inv_mae,expanding,elasticnet@sent,0.08975565332804002
e2,MSFT,5,1,inv_mae,expanding,huber@market,0.09201877884410468
e2,MSFT,5,1,inv_mae,expanding,huber@sent,0.08525893164010521
e2,MSFT,5,1,inv_mae,expanding,lgbm_reg@market,0.11463402080040977
e2,MSFT,5,1,inv_mae,expanding,lgbm_reg@sent,0.11435645086283563
e2,MSFT,5,1,inv_mae,expanding,pls@market,0.10044693632654589
e2,MSFT,5,1,inv_mae,expanding,pls@sent,0.09479528110938107
e2,MSFT,5,1,inv_mae,expanding,xgb@market,0.1103097017685115
e2,MSFT,5,1,inv_mae,expanding,xgb@sent,0.10454529252938148
e2,MSFT,5,2,inv_mae,expanding,elasticnet@market,0.10013269148308973
e2,MSFT,5,2,inv_mae,expanding,elasticnet@sent,0.08880242619529673
e2,MSFT,5,2,inv_mae,expanding,huber@market,0.0957563635111922
e2,MSFT,5,2,inv_mae,expanding,huber@sent,0.08036720980941016
e2,MSFT,5,2,inv_mae,expanding,lgbm_reg@market,0.11367776954950674
e2,MSFT,5,2,inv_mae,expanding,lgbm_reg@sent,0.10730419661553119
e2,MSFT,5,2,inv_mae,expanding,pls@market,0.10980501055197237
e2,MSFT,5,2,inv_mae,expanding,pls@sent,0.10006353886132258
e2,MSFT,5,2,inv_mae,expanding,xgb@market,0.10701978460149081
e2,MSFT,5,2,inv_mae,expanding,xgb@sent,0.09707100882118748
e2,MSFT,5,3,inv_mae,expanding,elasticnet@market,0.08496558885054267
e2,MSFT,5,3,inv_mae,expanding,elasticnet@sent,0.08304837766012442
e2,MSFT,5,3,inv_mae,expanding,huber@market,0.09441800470336018
e2,MSFT,5,3,inv_mae,expanding,huber@sent,0.08678054036813122
e2,MSFT,5,3,inv_mae,expanding,lgbm_reg@market,0.11565160474917484
e2,MSFT,5,3,inv_mae,expanding,lgbm_reg@sent,0.11301527898552818
e2,MSFT,5,3,inv_mae,expanding,pls@market,0.11298233659232028
e2,MSFT,5,3,inv_mae,expanding,pls@sent,0.10735000188771084
e2,MSFT,5,3,inv_mae,expanding,xgb@market,0.10362127609694428
e2,MSFT,5,3,inv_mae,expanding,xgb@sent,0.09816699010616306
e2,MSFT,5,4,inv_mae,expanding,elasticnet@market,0.0895690340472949
e2,MSFT,5,4,inv_mae,expanding,elasticnet@sent,0.08453750901593848
e2,MSFT,5,4,inv_mae,expanding,huber@market,0.09698570946255122
e2,MSFT,5,4,inv_mae,expanding,huber@sent,0.08555902298554438
e2,MSFT,5,4,inv_mae,expanding,lgbm_reg@market,0.11575882542341588
e2,MSFT,5,4,inv_mae,expanding,lgbm_reg@sent,0.1117129318857009
e2,MSFT,5,4,inv_mae,expanding,pls@market,0.11315105482713492
e2,MSFT,5,4,inv_mae,expanding,pls@sent,0.10292542367617073
e2,MSFT,5,4,inv_mae,expanding,xgb@market,0.10160713239933136
e2,MSFT,5,4,inv_mae,expanding,xgb@sent,0.09819335627691726
e2,MSFT,5,5,inv_mae,expanding,elasticnet@market,0.09181668705944442
e2,MSFT,5,5,inv_mae,expanding,elasticnet@sent,0.0874972289488584
e2,MSFT,5,5,inv_mae,expanding,huber@market,0.09845150301927641
e2,MSFT,5,5,inv_mae,expanding,huber@sent,0.08787593038311525
e2,MSFT,5,5,inv_mae,expanding,lgbm_reg@market,0.11283461107798452
e2,MSFT,5,5,inv_mae,expanding,lgbm_reg@sent,0.10944489006703566
e2,MSFT,5,5,inv_mae,expanding,pls@market,0.1107416424889006
e2,MSFT,5,5,inv_mae,expanding,pls@sent,0.10144212495117673
e2,MSFT,5,5,inv_mae,expanding,xgb@market,0.10190367451047283
e2,MSFT,5,5,inv_mae,expanding,xgb@sent,0.09799170749373516
e2,MSFT,5,0,inv_mae,last3,elasticnet@market,0.1
e2,MSFT,5,0,inv_mae,last3,elasticnet@sent,0.1
e2,MSFT,5,0,inv_mae,last3,huber@market,0.1
e2,MSFT,5,0,inv_mae,last3,huber@sent,0.1
e2,MSFT,5,0,inv_mae,last3,lgbm_reg@market,0.1
e2,MSFT,5,0,inv_mae,last3,lgbm_reg@sent,0.1
e2,MSFT,5,0,inv_mae,last3,pls@market,0.1
e2,MSFT,5,0,inv_mae,last3,pls@sent,0.1
e2,MSFT,5,0,inv_mae,last3,xgb@market,0.1
e2,MSFT,5,0,inv_mae,last3,xgb@sent,0.1
e2,MSFT,5,1,inv_mae,last3,elasticnet@market,0.09387895279068484
e2,MSFT,5,1,inv_mae,last3,elasticnet@sent,0.08975565332804002
e2,MSFT,5,1,inv_mae,last3,huber@market,0.09201877884410468
e2,MSFT,5,1,inv_mae,last3,huber@sent,0.08525893164010521
e2,MSFT,5,1,inv_mae,last3,lgbm_reg@market,0.11463402080040977
e2,MSFT,5,1,inv_mae,last3,lgbm_reg@sent,0.11435645086283563
e2,MSFT,5,1,inv_mae,last3,pls@market,0.10044693632654589
e2,MSFT,5,1,inv_mae,last3,pls@sent,0.09479528110938107
e2,MSFT,5,1,inv_mae,last3,xgb@market,0.1103097017685115
e2,MSFT,5,1,inv_mae,last3,xgb@sent,0.10454529252938148
e2,MSFT,5,2,inv_mae,last3,elasticnet@market,0.10013269148308973
e2,MSFT,5,2,inv_mae,last3,elasticnet@sent,0.08880242619529673
e2,MSFT,5,2,inv_mae,last3,huber@market,0.0957563635111922
e2,MSFT,5,2,inv_mae,last3,huber@sent,0.08036720980941016
e2,MSFT,5,2,inv_mae,last3,lgbm_reg@market,0.11367776954950674
e2,MSFT,5,2,inv_mae,last3,lgbm_reg@sent,0.10730419661553119
e2,MSFT,5,2,inv_mae,last3,pls@market,0.10980501055197237
e2,MSFT,5,2,inv_mae,last3,pls@sent,0.10006353886132258
e2,MSFT,5,2,inv_mae,last3,xgb@market,0.10701978460149081
e2,MSFT,5,2,inv_mae,last3,xgb@sent,0.09707100882118748
e2,MSFT,5,3,inv_mae,last3,elasticnet@market,0.08496558885054267
e2,MSFT,5,3,inv_mae,last3,elasticnet@sent,0.08304837766012442
e2,MSFT,5,3,inv_mae,last3,huber@market,0.09441800470336018
e2,MSFT,5,3,inv_mae,last3,huber@sent,0.08678054036813122
e2,MSFT,5,3,inv_mae,last3,lgbm_reg@market,0.11565160474917484
e2,MSFT,5,3,inv_mae,last3,lgbm_reg@sent,0.11301527898552818
e2,MSFT,5,3,inv_mae,last3,pls@market,0.11298233659232028
e2,MSFT,5,3,inv_mae,last3,pls@sent,0.10735000188771084
e2,MSFT,5,3,inv_mae,last3,xgb@market,0.10362127609694428
e2,MSFT,5,3,inv_mae,last3,xgb@sent,0.09816699010616306
e2,MSFT,5,4,inv_mae,last3,elasticnet@market,0.08788206948900869
e2,MSFT,5,4,inv_mae,last3,elasticnet@sent,0.08254873203007869
e2,MSFT,5,4,inv_mae,last3,huber@market,0.09881688194668795
e2,MSFT,5,4,inv_mae,last3,huber@sent,0.08555550227161392
e2,MSFT,5,4,inv_mae,last3,lgbm_reg@market,0.11602883244219174
e2,MSFT,5,4,inv_mae,last3,lgbm_reg@sent,0.11058069679595198
e2,MSFT,5,4,inv_mae,last3,pls@market,0.11831647539402151
e2,MSFT,5,4,inv_mae,last3,pls@sent,0.10608277742590716
e2,MSFT,5,4,inv_mae,last3,xgb@market,0.09840365201197593
e2,MSFT,5,4,inv_mae,last3,xgb@sent,0.09578438019256233
e2,MSFT,5,5,inv_mae,last3,elasticnet@market,0.0866720032284445
e2,MSFT,5,5,inv_mae,last3,elasticnet@sent,0.0865376603804337
e2,MSFT,5,5,inv_mae,last3,huber@market,0.10016385057107474
e2,MSFT,5,5,inv_mae,last3,huber@sent,0.09321969871848818
e2,MSFT,5,5,inv_mae,last3,lgbm_reg@market,0.11214019995591273
e2,MSFT,5,5,inv_mae,last3,lgbm_reg@sent,0.1107538461064073
e2,MSFT,5,5,inv_mae,last3,pls@market,0.11122850066794562
e2,MSFT,5,5,inv_mae,last3,pls@sent,0.10224055363844657
e2,MSFT,5,5,inv_mae,last3,xgb@market,0.09855922927234576
e2,MSFT,5,5,inv_mae,last3,xgb@sent,0.098484457460501
e2,MSFT,5,0,mae_da,expanding,elasticnet@market,0.1
e2,MSFT,5,0,mae_da,expanding,elasticnet@sent,0.1
e2,MSFT,5,0,mae_da,expanding,huber@market,0.1
e2,MSFT,5,0,mae_da,expanding,huber@sent,0.1
e2,MSFT,5,0,mae_da,expanding,lgbm_reg@market,0.1
e2,MSFT,5,0,mae_da,expanding,lgbm_reg@sent,0.1
e2,MSFT,5,0,mae_da,expanding,pls@market,0.1
e2,MSFT,5,0,mae_da,expanding,pls@sent,0.1
e2,MSFT,5,0,mae_da,expanding,xgb@market,0.1
e2,MSFT,5,0,mae_da,expanding,xgb@sent,0.1
e2,MSFT,5,1,mae_da,expanding,elasticnet@market,0.0045995491816540595
e2,MSFT,5,1,mae_da,expanding,elasticnet@sent,0.0032084579216597035
e2,MSFT,5,1,mae_da,expanding,huber@market,0.005617976779993785
e2,MSFT,5,1,mae_da,expanding,huber@sent,0.001254094512762925
e2,MSFT,5,1,mae_da,expanding,lgbm_reg@market,0.2821251888774538
e2,MSFT,5,1,mae_da,expanding,lgbm_reg@sent,0.3733488975371984
e2,MSFT,5,1,mae_da,expanding,pls@market,0.02778842712039648
e2,MSFT,5,1,mae_da,expanding,pls@sent,0.005619859896311171
e2,MSFT,5,1,mae_da,expanding,xgb@market,0.2625920831581796
e2,MSFT,5,1,mae_da,expanding,xgb@sent,0.03384546501439013
e2,MSFT,5,2,mae_da,expanding,elasticnet@market,0.027087841081415452
e2,MSFT,5,2,mae_da,expanding,elasticnet@sent,0.003963999959093778
e2,MSFT,5,2,mae_da,expanding,huber@market,0.010335872403466591
e2,MSFT,5,2,mae_da,expanding,huber@sent,0.0004401554440357315
e2,MSFT,5,2,mae_da,expanding,lgbm_reg@market,0.34111438625753326
e2,MSFT,5,2,mae_da,expanding,lgbm_reg@sent,0.10898827354837713
e2,MSFT,5,2,mae_da,expanding,pls@market,0.35961918104282153
e2,MSFT,5,2,mae_da,expanding,pls@sent,0.020773506917721934
e2,MSFT,5,2,mae_da,expanding,xgb@market,0.11329075822907683
e2,MSFT,5,2,mae_da,expanding,xgb@sent,0.01438602511645771
e2,MSFT,5,3,mae_da,expanding,elasticnet@market,0.005956140785682599
e2,MSFT,5,3,mae_da,expanding,elasticnet@sent,0.002244801314470238
e2,MSFT,5,3,mae_da,expanding,huber@market,0.009373411337380266
e2,MSFT,5,3,mae_da,expanding,huber@sent,0.0013304190285389813
e2,MSFT,5,3,mae_da,expanding,lgbm_reg@market,0.3070683142471458
e2,MSFT,5,3,mae_da,expanding,lgbm_reg@sent,0.133427002027273
e2,MSFT,5,3,mae_da,expanding,pls@market,0.37486145317361264
e2,MSFT,5,3,mae_da,expanding,pls@sent,0.037813939845282606
e2,MSFT,5,3,mae_da,expanding,xgb@market,0.10305659365501608
e2,MSFT,5,3,mae_da,expanding,xgb@sent,0.024867924585597816
e2,MSFT,5,4,mae_da,expanding,elasticnet@market,0.013084235594708341
e2,MSFT,5,4,mae_da,expanding,elasticnet@sent,0.002050081705091244
e2,MSFT,5,4,mae_da,expanding,huber@market,0.013192750265350375
e2,MSFT,5,4,mae_da,expanding,huber@sent,0.0009536148784732207
e2,MSFT,5,4,mae_da,expanding,lgbm_reg@market,0.3215695055121559
e2,MSFT,5,4,mae_da,expanding,lgbm_reg@sent,0.08040622759518042
e2,MSFT,5,4,mae_da,expanding,pls@market,0.3980197554288701
e2,MSFT,5,4,mae_da,expanding,pls@sent,0.03167022251616891
e2,MSFT,5,4,mae_da,expanding,xgb@market,0.10795380398624785
e2,MSFT,5,4,mae_da,expanding,xgb@sent,0.03109980251775365
e2,MSFT,5,5,mae_da,expanding,elasticnet@market,0.012686843867721582
e2,MSFT,5,5,mae_da,expanding,elasticnet@sent,0.0019184434417628801
e2,MSFT,5,5,mae_da,expanding,huber@market,0.014064072174015904
e2,MSFT,5,5,mae_da,expanding,huber@sent,0.0009972670307582601
e2,MSFT,5,5,mae_da,expanding,lgbm_reg@market,0.38247088736025286
e2,MSFT,5,5,mae_da,expanding,lgbm_reg@sent,0.1032308306608158
e2,MSFT,5,5,mae_da,expanding,pls@market,0.29715281017909406
e2,MSFT,5,5,mae_da,expanding,pls@sent,0.023626373794405853
e2,MSFT,5,5,mae_da,expanding,xgb@market,0.1271181603004595
e2,MSFT,5,5,mae_da,expanding,xgb@sent,0.03673431119071346
e2,MSFT,5,0,mae_da,last3,elasticnet@market,0.1
e2,MSFT,5,0,mae_da,last3,elasticnet@sent,0.1
e2,MSFT,5,0,mae_da,last3,huber@market,0.1
e2,MSFT,5,0,mae_da,last3,huber@sent,0.1
e2,MSFT,5,0,mae_da,last3,lgbm_reg@market,0.1
e2,MSFT,5,0,mae_da,last3,lgbm_reg@sent,0.1
e2,MSFT,5,0,mae_da,last3,pls@market,0.1
e2,MSFT,5,0,mae_da,last3,pls@sent,0.1
e2,MSFT,5,0,mae_da,last3,xgb@market,0.1
e2,MSFT,5,0,mae_da,last3,xgb@sent,0.1
e2,MSFT,5,1,mae_da,last3,elasticnet@market,0.0045995491816540595
e2,MSFT,5,1,mae_da,last3,elasticnet@sent,0.0032084579216597035
e2,MSFT,5,1,mae_da,last3,huber@market,0.005617976779993785
e2,MSFT,5,1,mae_da,last3,huber@sent,0.001254094512762925
e2,MSFT,5,1,mae_da,last3,lgbm_reg@market,0.2821251888774538
e2,MSFT,5,1,mae_da,last3,lgbm_reg@sent,0.3733488975371984
e2,MSFT,5,1,mae_da,last3,pls@market,0.02778842712039648
e2,MSFT,5,1,mae_da,last3,pls@sent,0.005619859896311171
e2,MSFT,5,1,mae_da,last3,xgb@market,0.2625920831581796
e2,MSFT,5,1,mae_da,last3,xgb@sent,0.03384546501439013
e2,MSFT,5,2,mae_da,last3,elasticnet@market,0.027087841081415452
e2,MSFT,5,2,mae_da,last3,elasticnet@sent,0.003963999959093778
e2,MSFT,5,2,mae_da,last3,huber@market,0.010335872403466591
e2,MSFT,5,2,mae_da,last3,huber@sent,0.0004401554440357315
e2,MSFT,5,2,mae_da,last3,lgbm_reg@market,0.34111438625753326
e2,MSFT,5,2,mae_da,last3,lgbm_reg@sent,0.10898827354837713
e2,MSFT,5,2,mae_da,last3,pls@market,0.35961918104282153
e2,MSFT,5,2,mae_da,last3,pls@sent,0.020773506917721934
e2,MSFT,5,2,mae_da,last3,xgb@market,0.11329075822907683
e2,MSFT,5,2,mae_da,last3,xgb@sent,0.01438602511645771
e2,MSFT,5,3,mae_da,last3,elasticnet@market,0.005956140785682599
e2,MSFT,5,3,mae_da,last3,elasticnet@sent,0.002244801314470238
e2,MSFT,5,3,mae_da,last3,huber@market,0.009373411337380266
e2,MSFT,5,3,mae_da,last3,huber@sent,0.0013304190285389813
e2,MSFT,5,3,mae_da,last3,lgbm_reg@market,0.3070683142471458
e2,MSFT,5,3,mae_da,last3,lgbm_reg@sent,0.133427002027273
e2,MSFT,5,3,mae_da,last3,pls@market,0.37486145317361264
e2,MSFT,5,3,mae_da,last3,pls@sent,0.037813939845282606
e2,MSFT,5,3,mae_da,last3,xgb@market,0.10305659365501608
e2,MSFT,5,3,mae_da,last3,xgb@sent,0.024867924585597816
e2,MSFT,5,4,mae_da,last3,elasticnet@market,0.020689344257320934
e2,MSFT,5,4,mae_da,last3,elasticnet@sent,0.002084331908491822
e2,MSFT,5,4,mae_da,last3,huber@market,0.01668265606137771
e2,MSFT,5,4,mae_da,last3,huber@sent,0.0011489946345274817
e2,MSFT,5,4,mae_da,last3,lgbm_reg@market,0.17342974527516386
e2,MSFT,5,4,mae_da,last3,lgbm_reg@sent,0.024442875626860462
e2,MSFT,5,4,mae_da,last3,pls@market,0.6392579949472207
e2,MSFT,5,4,mae_da,last3,pls@sent,0.05491897572934916
e2,MSFT,5,4,mae_da,last3,xgb@market,0.042367696075755454
e2,MSFT,5,4,mae_da,last3,xgb@sent,0.024977385483932215
e2,MSFT,5,5,mae_da,last3,elasticnet@market,0.012732860655046283
e2,MSFT,5,5,mae_da,last3,elasticnet@sent,0.002000780517588377
e2,MSFT,5,5,mae_da,last3,huber@market,0.029766818394099143
e2,MSFT,5,5,mae_da,last3,huber@sent,0.005626480950994497
e2,MSFT,5,5,mae_da,last3,lgbm_reg@market,0.32257783390906575
e2,MSFT,5,5,mae_da,last3,lgbm_reg@sent,0.08055608168898053
e2,MSFT,5,5,mae_da,last3,pls@market,0.1504515315224835
e2,MSFT,5,5,mae_da,last3,pls@sent,0.03728548452204585
e2,MSFT,5,5,mae_da,last3,xgb@market,0.18890332954232164
e2,MSFT,5,5,mae_da,last3,xgb@sent,0.17009879829737454
e2,MSFT,5,0,softmax_ic,expanding,elasticnet@market,0.1
e2,MSFT,5,0,softmax_ic,expanding,elasticnet@sent,0.1
e2,MSFT,5,0,softmax_ic,expanding,huber@market,0.1
e2,MSFT,5,0,softmax_ic,expanding,huber@sent,0.1
e2,MSFT,5,0,softmax_ic,expanding,lgbm_reg@market,0.1
e2,MSFT,5,0,softmax_ic,expanding,lgbm_reg@sent,0.1
e2,MSFT,5,0,softmax_ic,expanding,pls@market,0.1
e2,MSFT,5,0,softmax_ic,expanding,pls@sent,0.1
e2,MSFT,5,0,softmax_ic,expanding,xgb@market,0.1
e2,MSFT,5,0,softmax_ic,expanding,xgb@sent,0.1
e2,MSFT,5,1,softmax_ic,expanding,elasticnet@market,0.042123061188704514
e2,MSFT,5,1,softmax_ic,expanding,elasticnet@sent,0.02262911590128934
e2,MSFT,5,1,softmax_ic,expanding,huber@market,0.010088554274081847
e2,MSFT,5,1,softmax_ic,expanding,huber@sent,0.01081446481347773
e2,MSFT,5,1,softmax_ic,expanding,lgbm_reg@market,0.09132917235297484
e2,MSFT,5,1,softmax_ic,expanding,lgbm_reg@sent,0.13484890633001104
e2,MSFT,5,1,softmax_ic,expanding,pls@market,0.07399431885170564
e2,MSFT,5,1,softmax_ic,expanding,pls@sent,0.05547918595676752
e2,MSFT,5,1,softmax_ic,expanding,xgb@market,0.25095859092350853
e2,MSFT,5,1,softmax_ic,expanding,xgb@sent,0.307734629407479
e2,MSFT,5,2,softmax_ic,expanding,elasticnet@market,0.06557950685639656
e2,MSFT,5,2,softmax_ic,expanding,elasticnet@sent,0.047830485912310323
e2,MSFT,5,2,softmax_ic,expanding,huber@market,0.016761935824040744
e2,MSFT,5,2,softmax_ic,expanding,huber@sent,0.02789676073995578
e2,MSFT,5,2,softmax_ic,expanding,lgbm_reg@market,0.09717107933931894
e2,MSFT,5,2,softmax_ic,expanding,lgbm_reg@sent,0.12170925656298283
e2,MSFT,5,2,softmax_ic,expanding,pls@market,0.1804241957964825
e2,MSFT,5,2,softmax_ic,expanding,pls@sent,0.12985463518476428
e2,MSFT,5,2,softmax_ic,expanding,xgb@market,0.13369347056432887
e2,MSFT,5,2,softmax_ic,expanding,xgb@sent,0.17907867321941914
e2,MSFT,5,3,softmax_ic,expanding,elasticnet@market,0.0465508684205526
e2,MSFT,5,3,softmax_ic,expanding,elasticnet@sent,0.03712429813966927
e2,MSFT,5,3,softmax_ic,expanding,huber@market,0.03090232466413156
e2,MSFT,5,3,softmax_ic,expanding,huber@sent,0.03156583087178894
e2,MSFT,5,3,softmax_ic,expanding,lgbm_reg@market,0.12258824708355501
e2,MSFT,5,3,softmax_ic,expanding,lgbm_reg@sent,0.09058114845354193
e2,MSFT,5,3,softmax_ic,expanding,pls@market,0.16360580268223374
e2,MSFT,5,3,softmax_ic,expanding,pls@sent,0.0840773039691211
e2,MSFT,5,3,softmax_ic,expanding,xgb@market,0.24508542962442434
e2,MSFT,5,3,softmax_ic,expanding,xgb@sent,0.14791874609098163
e2,MSFT,5,4,softmax_ic,expanding,elasticnet@market,0.05357832365990961
e2,MSFT,5,4,softmax_ic,expanding,elasticnet@sent,0.04424203630203743
e2,MSFT,5,4,softmax_ic,expanding,huber@market,0.031092879700819625
e2,MSFT,5,4,softmax_ic,expanding,huber@sent,0.04339165490518986
e2,MSFT,5,4,softmax_ic,expanding,lgbm_reg@market,0.11555184680342998
e2,MSFT,5,4,softmax_ic,expanding,lgbm_reg@sent,0.09449259914183619
e2,MSFT,5,4,softmax_ic,expanding,pls@market,0.13476500321966275
e2,MSFT,5,4,softmax_ic,expanding,pls@sent,0.07776280184028346
e2,MSFT,5,4,softmax_ic,expanding,xgb@market,0.22660519253701294
e2,MSFT,5,4,softmax_ic,expanding,xgb@sent,0.1785176618898181
e2,MSFT,5,5,softmax_ic,expanding,elasticnet@market,0.07384722167788114
e2,MSFT,5,5,softmax_ic,expanding,elasticnet@sent,0.03946148318322802
e2,MSFT,5,5,softmax_ic,expanding,huber@market,0.03720884642866622
e2,MSFT,5,5,softmax_ic,expanding,huber@sent,0.031509803829202564
e2,MSFT,5,5,softmax_ic,expanding,lgbm_reg@market,0.12680412940837615
e2,MSFT,5,5,softmax_ic,expanding,lgbm_reg@sent,0.09346601393020362
e2,MSFT,5,5,softmax_ic,expanding,pls@market,0.12559956552518273
e2,MSFT,5,5,softmax_ic,expanding,pls@sent,0.0538274131993046
e2,MSFT,5,5,softmax_ic,expanding,xgb@market,0.2442618308447218
e2,MSFT,5,5,softmax_ic,expanding,xgb@sent,0.17401369197323313
e2,MSFT,5,0,softmax_ic,last3,elasticnet@market,0.1
e2,MSFT,5,0,softmax_ic,last3,elasticnet@sent,0.1
e2,MSFT,5,0,softmax_ic,last3,huber@market,0.1
e2,MSFT,5,0,softmax_ic,last3,huber@sent,0.1
e2,MSFT,5,0,softmax_ic,last3,lgbm_reg@market,0.1
e2,MSFT,5,0,softmax_ic,last3,lgbm_reg@sent,0.1
e2,MSFT,5,0,softmax_ic,last3,pls@market,0.1
e2,MSFT,5,0,softmax_ic,last3,pls@sent,0.1
e2,MSFT,5,0,softmax_ic,last3,xgb@market,0.1
e2,MSFT,5,0,softmax_ic,last3,xgb@sent,0.1
e2,MSFT,5,1,softmax_ic,last3,elasticnet@market,0.042123061188704514
e2,MSFT,5,1,softmax_ic,last3,elasticnet@sent,0.02262911590128934
e2,MSFT,5,1,softmax_ic,last3,huber@market,0.010088554274081847
e2,MSFT,5,1,softmax_ic,last3,huber@sent,0.01081446481347773
e2,MSFT,5,1,softmax_ic,last3,lgbm_reg@market,0.09132917235297484
e2,MSFT,5,1,softmax_ic,last3,lgbm_reg@sent,0.13484890633001104
e2,MSFT,5,1,softmax_ic,last3,pls@market,0.07399431885170564
e2,MSFT,5,1,softmax_ic,last3,pls@sent,0.05547918595676752
e2,MSFT,5,1,softmax_ic,last3,xgb@market,0.25095859092350853
e2,MSFT,5,1,softmax_ic,last3,xgb@sent,0.307734629407479
e2,MSFT,5,2,softmax_ic,last3,elasticnet@market,0.06557950685639656
e2,MSFT,5,2,softmax_ic,last3,elasticnet@sent,0.047830485912310323
e2,MSFT,5,2,softmax_ic,last3,huber@market,0.016761935824040744
e2,MSFT,5,2,softmax_ic,last3,huber@sent,0.02789676073995578
e2,MSFT,5,2,softmax_ic,last3,lgbm_reg@market,0.09717107933931894
e2,MSFT,5,2,softmax_ic,last3,lgbm_reg@sent,0.12170925656298283
e2,MSFT,5,2,softmax_ic,last3,pls@market,0.1804241957964825
e2,MSFT,5,2,softmax_ic,last3,pls@sent,0.12985463518476428
e2,MSFT,5,2,softmax_ic,last3,xgb@market,0.13369347056432887
e2,MSFT,5,2,softmax_ic,last3,xgb@sent,0.17907867321941914
e2,MSFT,5,3,softmax_ic,last3,elasticnet@market,0.0465508684205526
e2,MSFT,5,3,softmax_ic,last3,elasticnet@sent,0.03712429813966927
e2,MSFT,5,3,softmax_ic,last3,huber@market,0.03090232466413156
e2,MSFT,5,3,softmax_ic,last3,huber@sent,0.03156583087178894
e2,MSFT,5,3,softmax_ic,last3,lgbm_reg@market,0.12258824708355501
e2,MSFT,5,3,softmax_ic,last3,lgbm_reg@sent,0.09058114845354193
e2,MSFT,5,3,softmax_ic,last3,pls@market,0.16360580268223374
e2,MSFT,5,3,softmax_ic,last3,pls@sent,0.0840773039691211
e2,MSFT,5,3,softmax_ic,last3,xgb@market,0.24508542962442434
e2,MSFT,5,3,softmax_ic,last3,xgb@sent,0.14791874609098163
e2,MSFT,5,4,softmax_ic,last3,elasticnet@market,0.07240491827160513
e2,MSFT,5,4,softmax_ic,last3,elasticnet@sent,0.06357399897439237
e2,MSFT,5,4,softmax_ic,last3,huber@market,0.049608126140205835
e2,MSFT,5,4,softmax_ic,last3,huber@sent,0.07743771495907138
e2,MSFT,5,4,softmax_ic,last3,lgbm_reg@market,0.12338456997658893
e2,MSFT,5,4,softmax_ic,last3,lgbm_reg@sent,0.08767213775118288
e2,MSFT,5,4,softmax_ic,last3,pls@market,0.1478499528494608
e2,MSFT,5,4,softmax_ic,last3,pls@sent,0.0886400978174664
e2,MSFT,5,4,softmax_ic,last3,xgb@market,0.15600818586333137
e2,MSFT,5,4,softmax_ic,last3,xgb@sent,0.13342029739669495
e2,MSFT,5,5,softmax_ic,last3,elasticnet@market,0.07094966290509314
e2,MSFT,5,5,softmax_ic,last3,elasticnet@sent,0.042773478017744664
e2,MSFT,5,5,softmax_ic,last3,huber@market,0.047679332116981034
e2,MSFT,5,5,softmax_ic,last3,huber@sent,0.03955641184299626
e2,MSFT,5,5,softmax_ic,last3,lgbm_reg@market,0.15434474021306419
e2,MSFT,5,5,softmax_ic,last3,lgbm_reg@sent,0.10780414072688478
e2,MSFT,5,5,softmax_ic,last3,pls@market,0.09029969376227619
e2,MSFT,5,5,softmax_ic,last3,pls@sent,0.058630729320077714
e2,MSFT,5,5,softmax_ic,last3,xgb@market,0.24108739441361804
e2,MSFT,5,5,softmax_ic,last3,xgb@sent,0.14687441668126403
e2,MSFT,5,0,best_recent,expanding,elasticnet@market,0.1
e2,MSFT,5,0,best_recent,expanding,elasticnet@sent,0.1
e2,MSFT,5,0,best_recent,expanding,huber@market,0.1
e2,MSFT,5,0,best_recent,expanding,huber@sent,0.1
e2,MSFT,5,0,best_recent,expanding,lgbm_reg@market,0.1
e2,MSFT,5,0,best_recent,expanding,lgbm_reg@sent,0.1
e2,MSFT,5,0,best_recent,expanding,pls@market,0.1
e2,MSFT,5,0,best_recent,expanding,pls@sent,0.1
e2,MSFT,5,0,best_recent,expanding,xgb@market,0.1
e2,MSFT,5,0,best_recent,expanding,xgb@sent,0.1
e2,MSFT,5,1,best_recent,expanding,elasticnet@market,0.0
e2,MSFT,5,1,best_recent,expanding,elasticnet@sent,0.0
e2,MSFT,5,1,best_recent,expanding,huber@market,0.0
e2,MSFT,5,1,best_recent,expanding,huber@sent,0.0
e2,MSFT,5,1,best_recent,expanding,lgbm_reg@market,0.0
e2,MSFT,5,1,best_recent,expanding,lgbm_reg@sent,0.0
e2,MSFT,5,1,best_recent,expanding,pls@market,0.0
e2,MSFT,5,1,best_recent,expanding,pls@sent,0.0
e2,MSFT,5,1,best_recent,expanding,xgb@market,0.0
e2,MSFT,5,1,best_recent,expanding,xgb@sent,1.0
e2,MSFT,5,2,best_recent,expanding,elasticnet@market,0.0
e2,MSFT,5,2,best_recent,expanding,elasticnet@sent,0.0
e2,MSFT,5,2,best_recent,expanding,huber@market,0.0
e2,MSFT,5,2,best_recent,expanding,huber@sent,0.0
e2,MSFT,5,2,best_recent,expanding,lgbm_reg@market,0.0
e2,MSFT,5,2,best_recent,expanding,lgbm_reg@sent,0.0
e2,MSFT,5,2,best_recent,expanding,pls@market,1.0
e2,MSFT,5,2,best_recent,expanding,pls@sent,0.0
e2,MSFT,5,2,best_recent,expanding,xgb@market,0.0
e2,MSFT,5,2,best_recent,expanding,xgb@sent,0.0
e2,MSFT,5,3,best_recent,expanding,elasticnet@market,0.0
e2,MSFT,5,3,best_recent,expanding,elasticnet@sent,0.0
e2,MSFT,5,3,best_recent,expanding,huber@market,0.0
e2,MSFT,5,3,best_recent,expanding,huber@sent,0.0
e2,MSFT,5,3,best_recent,expanding,lgbm_reg@market,0.0
e2,MSFT,5,3,best_recent,expanding,lgbm_reg@sent,0.0
e2,MSFT,5,3,best_recent,expanding,pls@market,0.0
e2,MSFT,5,3,best_recent,expanding,pls@sent,0.0
e2,MSFT,5,3,best_recent,expanding,xgb@market,1.0
e2,MSFT,5,3,best_recent,expanding,xgb@sent,0.0
e2,MSFT,5,4,best_recent,expanding,elasticnet@market,0.0
e2,MSFT,5,4,best_recent,expanding,elasticnet@sent,0.0
e2,MSFT,5,4,best_recent,expanding,huber@market,0.0
e2,MSFT,5,4,best_recent,expanding,huber@sent,0.0
e2,MSFT,5,4,best_recent,expanding,lgbm_reg@market,0.0
e2,MSFT,5,4,best_recent,expanding,lgbm_reg@sent,0.0
e2,MSFT,5,4,best_recent,expanding,pls@market,0.0
e2,MSFT,5,4,best_recent,expanding,pls@sent,0.0
e2,MSFT,5,4,best_recent,expanding,xgb@market,1.0
e2,MSFT,5,4,best_recent,expanding,xgb@sent,0.0
e2,MSFT,5,5,best_recent,expanding,elasticnet@market,0.0
e2,MSFT,5,5,best_recent,expanding,elasticnet@sent,0.0
e2,MSFT,5,5,best_recent,expanding,huber@market,0.0
e2,MSFT,5,5,best_recent,expanding,huber@sent,0.0
e2,MSFT,5,5,best_recent,expanding,lgbm_reg@market,0.0
e2,MSFT,5,5,best_recent,expanding,lgbm_reg@sent,0.0
e2,MSFT,5,5,best_recent,expanding,pls@market,0.0
e2,MSFT,5,5,best_recent,expanding,pls@sent,0.0
e2,MSFT,5,5,best_recent,expanding,xgb@market,1.0
e2,MSFT,5,5,best_recent,expanding,xgb@sent,0.0
e2,MSFT,5,0,best_recent,last3,elasticnet@market,0.1
e2,MSFT,5,0,best_recent,last3,elasticnet@sent,0.1
e2,MSFT,5,0,best_recent,last3,huber@market,0.1
e2,MSFT,5,0,best_recent,last3,huber@sent,0.1
e2,MSFT,5,0,best_recent,last3,lgbm_reg@market,0.1
e2,MSFT,5,0,best_recent,last3,lgbm_reg@sent,0.1
e2,MSFT,5,0,best_recent,last3,pls@market,0.1
e2,MSFT,5,0,best_recent,last3,pls@sent,0.1
e2,MSFT,5,0,best_recent,last3,xgb@market,0.1
e2,MSFT,5,0,best_recent,last3,xgb@sent,0.1
e2,MSFT,5,1,best_recent,last3,elasticnet@market,0.0
e2,MSFT,5,1,best_recent,last3,elasticnet@sent,0.0
e2,MSFT,5,1,best_recent,last3,huber@market,0.0
e2,MSFT,5,1,best_recent,last3,huber@sent,0.0
e2,MSFT,5,1,best_recent,last3,lgbm_reg@market,0.0
e2,MSFT,5,1,best_recent,last3,lgbm_reg@sent,0.0
e2,MSFT,5,1,best_recent,last3,pls@market,0.0
e2,MSFT,5,1,best_recent,last3,pls@sent,0.0
e2,MSFT,5,1,best_recent,last3,xgb@market,0.0
e2,MSFT,5,1,best_recent,last3,xgb@sent,1.0
e2,MSFT,5,2,best_recent,last3,elasticnet@market,0.0
e2,MSFT,5,2,best_recent,last3,elasticnet@sent,0.0
e2,MSFT,5,2,best_recent,last3,huber@market,0.0
e2,MSFT,5,2,best_recent,last3,huber@sent,0.0
e2,MSFT,5,2,best_recent,last3,lgbm_reg@market,0.0
e2,MSFT,5,2,best_recent,last3,lgbm_reg@sent,0.0
e2,MSFT,5,2,best_recent,last3,pls@market,1.0
e2,MSFT,5,2,best_recent,last3,pls@sent,0.0
e2,MSFT,5,2,best_recent,last3,xgb@market,0.0
e2,MSFT,5,2,best_recent,last3,xgb@sent,0.0
e2,MSFT,5,3,best_recent,last3,elasticnet@market,0.0
e2,MSFT,5,3,best_recent,last3,elasticnet@sent,0.0
e2,MSFT,5,3,best_recent,last3,huber@market,0.0
e2,MSFT,5,3,best_recent,last3,huber@sent,0.0
e2,MSFT,5,3,best_recent,last3,lgbm_reg@market,0.0
e2,MSFT,5,3,best_recent,last3,lgbm_reg@sent,0.0
e2,MSFT,5,3,best_recent,last3,pls@market,0.0
e2,MSFT,5,3,best_recent,last3,pls@sent,0.0
e2,MSFT,5,3,best_recent,last3,xgb@market,1.0
e2,MSFT,5,3,best_recent,last3,xgb@sent,0.0
e2,MSFT,5,4,best_recent,last3,elasticnet@market,0.0
e2,MSFT,5,4,best_recent,last3,elasticnet@sent,0.0
e2,MSFT,5,4,best_recent,last3,huber@market,0.0
e2,MSFT,5,4,best_recent,last3,huber@sent,0.0
e2,MSFT,5,4,best_recent,last3,lgbm_reg@market,0.0
e2,MSFT,5,4,best_recent,last3,lgbm_reg@sent,0.0
e2,MSFT,5,4,best_recent,last3,pls@market,0.0
e2,MSFT,5,4,best_recent,last3,pls@sent,0.0
e2,MSFT,5,4,best_recent,last3,xgb@market,1.0
e2,MSFT,5,4,best_recent,last3,xgb@sent,0.0
e2,MSFT,5,5,best_recent,last3,elasticnet@market,0.0
e2,MSFT,5,5,best_recent,last3,elasticnet@sent,0.0
e2,MSFT,5,5,best_recent,last3,huber@market,0.0
e2,MSFT,5,5,best_recent,last3,huber@sent,0.0
e2,MSFT,5,5,best_recent,last3,lgbm_reg@market,0.0
e2,MSFT,5,5,best_recent,last3,lgbm_reg@sent,0.0
e2,MSFT,5,5,best_recent,last3,pls@market,0.0
e2,MSFT,5,5,best_recent,last3,pls@sent,0.0
e2,MSFT,5,5,best_recent,last3,xgb@market,1.0
e2,MSFT,5,5,best_recent,last3,xgb@sent,0.0
e2,MSFT,21,0,equal,expanding,elasticnet@market,0.1
e2,MSFT,21,0,equal,expanding,elasticnet@sent,0.1
e2,MSFT,21,0,equal,expanding,huber@market,0.1
e2,MSFT,21,0,equal,expanding,huber@sent,0.1
e2,MSFT,21,0,equal,expanding,lgbm_reg@market,0.1
e2,MSFT,21,0,equal,expanding,lgbm_reg@sent,0.1
e2,MSFT,21,0,equal,expanding,pls@market,0.1
e2,MSFT,21,0,equal,expanding,pls@sent,0.1
e2,MSFT,21,0,equal,expanding,xgb@market,0.1
e2,MSFT,21,0,equal,expanding,xgb@sent,0.1
e2,MSFT,21,1,equal,expanding,elasticnet@market,0.1
e2,MSFT,21,1,equal,expanding,elasticnet@sent,0.1
e2,MSFT,21,1,equal,expanding,huber@market,0.1
e2,MSFT,21,1,equal,expanding,huber@sent,0.1
e2,MSFT,21,1,equal,expanding,lgbm_reg@market,0.1
e2,MSFT,21,1,equal,expanding,lgbm_reg@sent,0.1
e2,MSFT,21,1,equal,expanding,pls@market,0.1
e2,MSFT,21,1,equal,expanding,pls@sent,0.1
e2,MSFT,21,1,equal,expanding,xgb@market,0.1
e2,MSFT,21,1,equal,expanding,xgb@sent,0.1
e2,MSFT,21,2,equal,expanding,elasticnet@market,0.1
e2,MSFT,21,2,equal,expanding,elasticnet@sent,0.1
e2,MSFT,21,2,equal,expanding,huber@market,0.1
e2,MSFT,21,2,equal,expanding,huber@sent,0.1
e2,MSFT,21,2,equal,expanding,lgbm_reg@market,0.1
e2,MSFT,21,2,equal,expanding,lgbm_reg@sent,0.1
e2,MSFT,21,2,equal,expanding,pls@market,0.1
e2,MSFT,21,2,equal,expanding,pls@sent,0.1
e2,MSFT,21,2,equal,expanding,xgb@market,0.1
e2,MSFT,21,2,equal,expanding,xgb@sent,0.1
e2,MSFT,21,3,equal,expanding,elasticnet@market,0.1
e2,MSFT,21,3,equal,expanding,elasticnet@sent,0.1
e2,MSFT,21,3,equal,expanding,huber@market,0.1
e2,MSFT,21,3,equal,expanding,huber@sent,0.1
e2,MSFT,21,3,equal,expanding,lgbm_reg@market,0.1
e2,MSFT,21,3,equal,expanding,lgbm_reg@sent,0.1
e2,MSFT,21,3,equal,expanding,pls@market,0.1
e2,MSFT,21,3,equal,expanding,pls@sent,0.1
e2,MSFT,21,3,equal,expanding,xgb@market,0.1
e2,MSFT,21,3,equal,expanding,xgb@sent,0.1
e2,MSFT,21,4,equal,expanding,elasticnet@market,0.1
e2,MSFT,21,4,equal,expanding,elasticnet@sent,0.1
e2,MSFT,21,4,equal,expanding,huber@market,0.1
e2,MSFT,21,4,equal,expanding,huber@sent,0.1
e2,MSFT,21,4,equal,expanding,lgbm_reg@market,0.1
e2,MSFT,21,4,equal,expanding,lgbm_reg@sent,0.1
e2,MSFT,21,4,equal,expanding,pls@market,0.1
e2,MSFT,21,4,equal,expanding,pls@sent,0.1
e2,MSFT,21,4,equal,expanding,xgb@market,0.1
e2,MSFT,21,4,equal,expanding,xgb@sent,0.1
e2,MSFT,21,5,equal,expanding,elasticnet@market,0.1
e2,MSFT,21,5,equal,expanding,elasticnet@sent,0.1
e2,MSFT,21,5,equal,expanding,huber@market,0.1
e2,MSFT,21,5,equal,expanding,huber@sent,0.1
e2,MSFT,21,5,equal,expanding,lgbm_reg@market,0.1
e2,MSFT,21,5,equal,expanding,lgbm_reg@sent,0.1
e2,MSFT,21,5,equal,expanding,pls@market,0.1
e2,MSFT,21,5,equal,expanding,pls@sent,0.1
e2,MSFT,21,5,equal,expanding,xgb@market,0.1
e2,MSFT,21,5,equal,expanding,xgb@sent,0.1
e2,MSFT,21,0,inv_mae,expanding,elasticnet@market,0.1
e2,MSFT,21,0,inv_mae,expanding,elasticnet@sent,0.1
e2,MSFT,21,0,inv_mae,expanding,huber@market,0.1
e2,MSFT,21,0,inv_mae,expanding,huber@sent,0.1
e2,MSFT,21,0,inv_mae,expanding,lgbm_reg@market,0.1
e2,MSFT,21,0,inv_mae,expanding,lgbm_reg@sent,0.1
e2,MSFT,21,0,inv_mae,expanding,pls@market,0.1
e2,MSFT,21,0,inv_mae,expanding,pls@sent,0.1
e2,MSFT,21,0,inv_mae,expanding,xgb@market,0.1
e2,MSFT,21,0,inv_mae,expanding,xgb@sent,0.1
e2,MSFT,21,1,inv_mae,expanding,elasticnet@market,0.08282559868131424
e2,MSFT,21,1,inv_mae,expanding,elasticnet@sent,0.05327675534984271
e2,MSFT,21,1,inv_mae,expanding,huber@market,0.07100110862314947
e2,MSFT,21,1,inv_mae,expanding,huber@sent,0.04292552371308919
e2,MSFT,21,1,inv_mae,expanding,lgbm_reg@market,0.12092308101553834
e2,MSFT,21,1,inv_mae,expanding,lgbm_reg@sent,0.1223896030421291
e2,MSFT,21,1,inv_mae,expanding,pls@market,0.11401363111999963
e2,MSFT,21,1,inv_mae,expanding,pls@sent,0.10823296299134957
e2,MSFT,21,1,inv_mae,expanding,xgb@market,0.14035187928931162
e2,MSFT,21,1,inv_mae,expanding,xgb@sent,0.14405985617427622
e2,MSFT,21,2,inv_mae,expanding,elasticnet@market,0.10376164312795888
e2,MSFT,21,2,inv_mae,expanding,elasticnet@sent,0.07445064279352592
e2,MSFT,21,2,inv_mae,expanding,huber@market,0.0921526482422589
e2,MSFT,21,2,inv_mae,expanding,huber@sent,0.06547218714287834
e2,MSFT,21,2,inv_mae,expanding,lgbm_reg@market,0.108204283075914
e2,MSFT,21,2,inv_mae,expanding,lgbm_reg@sent,0.10598430108036906
e2,MSFT,21,2,inv_mae,expanding,pls@market,0.12400279209095665
e2,MSFT,21,2,inv_mae,expanding,pls@sent,0.11314504489806863
e2,MSFT,21,2,inv_mae,expanding,xgb@market,0.10592703506815257
e2,MSFT,21,2,inv_mae,expanding,xgb@sent,0.1068994224799171
e2,MSFT,21,3,inv_mae,expanding,elasticnet@market,0.08096203878806411
e2,MSFT,21,3,inv_mae,expanding,elasticnet@sent,0.06533351807202692
e2,MSFT,21,3,inv_mae,expanding,huber@market,0.08132981874220935
e2,MSFT,21,3,inv_mae,expanding,huber@sent,0.06450838417403694
e2,MSFT,21,3,inv_mae,expanding,lgbm_reg@market,0.14152609425030013
e2,MSFT,21,3,inv_mae,expanding,lgbm_reg@sent,0.1386533644759876
e2,MSFT,21,3,inv_mae,expanding,pls@market,0.1414602340497255
e2,MSFT,21,3,inv_mae,expanding,pls@sent,0.12551183509581107
e2,MSFT,21,3,inv_mae,expanding,xgb@market,0.08304679128747204
e2,MSFT,21,3,inv_mae,expanding,xgb@sent,0.07766792106436628
e2,MSFT,21,4,inv_mae,expanding,elasticnet@market,0.0808017291181297
e2,MSFT,21,4,inv_mae,expanding,elasticnet@sent,0.06538344324843065
e2,MSFT,21,4,inv_mae,expanding,huber@market,0.08263803815144714
e2,MSFT,21,4,inv_mae,expanding,huber@sent,0.0655001657111686
e2,MSFT,21,4,inv_mae,expanding,lgbm_reg@market,0.1369112080722825
e2,MSFT,21,4,inv_mae,expanding,lgbm_reg@sent,0.13438437920558077
e2,MSFT,21,4,inv_mae,expanding,pls@market,0.14205272776117575
e2,MSFT,21,4,inv_mae,expanding,pls@sent,0.12038955536654543
e2,MSFT,21,4,inv_mae,expanding,xgb@market,0.08676272219973089
e2,MSFT,21,4,inv_mae,expanding,xgb@sent,0.08517603116550865
e2,MSFT,21,5,inv_mae,expanding,elasticnet@market,0.08600130525299846
e2,MSFT,21,5,inv_mae,expanding,elasticnet@sent,0.06933934220495397
e2,MSFT,21,5,inv_mae,expanding,huber@market,0.08770721756859044
e2,MSFT,21,5,inv_mae,expanding,huber@sent,0.06877263910852792
e2,MSFT,21,5,inv_mae,expanding,lgbm_reg@market,0.12925086115109352
e2,MSFT,21,5,inv_mae,expanding,lgbm_reg@sent,0.12669861882934877
e2,MSFT,21,5,inv_mae,expanding,pls@market,0.14049626037492682
e2,MSFT,21,5,inv_mae,expanding,pls@sent,0.11544093123351355
e2,MSFT,21,5,inv_mae,expanding,xgb@market,0.08895937753458182
e2,MSFT,21,5,inv_mae,expanding,xgb@sent,0.08733344674146472
e2,MSFT,21,0,inv_mae,last3,elasticnet@market,0.1
e2,MSFT,21,0,inv_mae,last3,elasticnet@sent,0.1
e2,MSFT,21,0,inv_mae,last3,huber@market,0.1
e2,MSFT,21,0,inv_mae,last3,huber@sent,0.1
e2,MSFT,21,0,inv_mae,last3,lgbm_reg@market,0.1
e2,MSFT,21,0,inv_mae,last3,lgbm_reg@sent,0.1
e2,MSFT,21,0,inv_mae,last3,pls@market,0.1
e2,MSFT,21,0,inv_mae,last3,pls@sent,0.1
e2,MSFT,21,0,inv_mae,last3,xgb@market,0.1
e2,MSFT,21,0,inv_mae,last3,xgb@sent,0.1
e2,MSFT,21,1,inv_mae,last3,elasticnet@market,0.08282559868131424
e2,MSFT,21,1,inv_mae,last3,elasticnet@sent,0.05327675534984271
e2,MSFT,21,1,inv_mae,last3,huber@market,0.07100110862314947
e2,MSFT,21,1,inv_mae,last3,huber@sent,0.04292552371308919
e2,MSFT,21,1,inv_mae,last3,lgbm_reg@market,0.12092308101553834
e2,MSFT,21,1,inv_mae,last3,lgbm_reg@sent,0.1223896030421291
e2,MSFT,21,1,inv_mae,last3,pls@market,0.11401363111999963
e2,MSFT,21,1,inv_mae,last3,pls@sent,0.10823296299134957
e2,MSFT,21,1,inv_mae,last3,xgb@market,0.14035187928931162
e2,MSFT,21,1,inv_mae,last3,xgb@sent,0.14405985617427622
e2,MSFT,21,2,inv_mae,last3,elasticnet@market,0.10376164312795888
e2,MSFT,21,2,inv_mae,last3,elasticnet@sent,0.07445064279352592
e2,MSFT,21,2,inv_mae,last3,huber@market,0.0921526482422589
e2,MSFT,21,2,inv_mae,last3,huber@sent,0.06547218714287834
e2,MSFT,21,2,inv_mae,last3,lgbm_reg@market,0.108204283075914
e2,MSFT,21,2,inv_mae,last3,lgbm_reg@sent,0.10598430108036906
e2,MSFT,21,2,inv_mae,last3,pls@market,0.12400279209095665
e2,MSFT,21,2,inv_mae,last3,pls@sent,0.11314504489806863
e2,MSFT,21,2,inv_mae,last3,xgb@market,0.10592703506815257
e2,MSFT,21,2,inv_mae,last3,xgb@sent,0.1068994224799171
e2,MSFT,21,3,inv_mae,last3,elasticnet@market,0.08096203878806411
e2,MSFT,21,3,inv_mae,last3,elasticnet@sent,0.06533351807202692
e2,MSFT,21,3,inv_mae,last3,huber@market,0.08132981874220935
e2,MSFT,21,3,inv_mae,last3,huber@sent,0.06450838417403694
e2,MSFT,21,3,inv_mae,last3,lgbm_reg@market,0.14152609425030013
e2,MSFT,21,3,inv_mae,last3,lgbm_reg@sent,0.1386533644759876
e2,MSFT,21,3,inv_mae,last3,pls@market,0.1414602340497255
e2,MSFT,21,3,inv_mae,last3,pls@sent,0.12551183509581107
e2,MSFT,21,3,inv_mae,last3,xgb@market,0.08304679128747204
e2,MSFT,21,3,inv_mae,last3,xgb@sent,0.07766792106436628
e2,MSFT,21,4,inv_mae,last3,elasticnet@market,0.07889039519676175
e2,MSFT,21,4,inv_mae,last3,elasticnet@sent,0.0683007482776593
e2,MSFT,21,4,inv_mae,last3,huber@market,0.08495021705850073
e2,MSFT,21,4,inv_mae,last3,huber@sent,0.07331082030730096
e2,MSFT,21,4,inv_mae,last3,lgbm_reg@market,0.1395852589411544
e2,MSFT,21,4,inv_mae,last3,lgbm_reg@sent,0.13576944603836943
e2,MSFT,21,4,inv_mae,last3,pls@market,0.149079468715871
e2,MSFT,21,4,inv_mae,last3,pls@sent,0.12209658639719927
e2,MSFT,21,4,inv_mae,last3,xgb@market,0.07509343079526531
e2,MSFT,21,4,inv_mae,last3,xgb@sent,0.07292362827191776
e2,MSFT,21,5,inv_mae,last3,elasticnet@market,0.07679714448282582
e2,MSFT,21,5,inv_mae,last3,elasticnet@sent,0.06591036592454816
e2,MSFT,21,5,inv_mae,last3,huber@market,0.08437043080549445
e2,MSFT,21,5,inv_mae,last3,huber@sent,0.06993539513017794
e2,MSFT,21,5,inv_mae,last3,lgbm_reg@market,0.14177668830411416
e2,MSFT,21,5,inv_mae,last3,lgbm_reg@sent,0.13904314461584732
e2,MSFT,21,5,inv_mae,last3,pls@market,0.14931690988180998
e2,MSFT,21,5,inv_mae,last3,pls@sent,0.11545884682233971
e2,MSFT,21,5,inv_mae,last3,xgb@market,0.07998975421500723
e2,MSFT,21,5,inv_mae,last3,xgb@sent,0.07740131981783518
e2,MSFT,21,0,mae_da,expanding,elasticnet@market,0.1
e2,MSFT,21,0,mae_da,expanding,elasticnet@sent,0.1
e2,MSFT,21,0,mae_da,expanding,huber@market,0.1
e2,MSFT,21,0,mae_da,expanding,huber@sent,0.1
e2,MSFT,21,0,mae_da,expanding,lgbm_reg@market,0.1
e2,MSFT,21,0,mae_da,expanding,lgbm_reg@sent,0.1
e2,MSFT,21,0,mae_da,expanding,pls@market,0.1
e2,MSFT,21,0,mae_da,expanding,pls@sent,0.1
e2,MSFT,21,0,mae_da,expanding,xgb@market,0.1
e2,MSFT,21,0,mae_da,expanding,xgb@sent,0.1
e2,MSFT,21,1,mae_da,expanding,elasticnet@market,0.01697128648240801
e2,MSFT,21,1,mae_da,expanding,elasticnet@sent,0.002687338159345978
e2,MSFT,21,1,mae_da,expanding,huber@market,0.009445555432973098
e2,MSFT,21,1,mae_da,expanding,huber@sent,0.0006358886910779711
e2,MSFT,21,1,mae_da,expanding,lgbm_reg@market,0.12720783804199798
e2,MSFT,21,1,mae_da,expanding,lgbm_reg@sent,0.16647239064334554
e2,MSFT,21,1,mae_da,expanding,pls@market,0.18023358249563887
e2,MSFT,21,1,mae_da,expanding,pls@sent,0.13815582531948056
e2,MSFT,21,1,mae_da,expanding,xgb@market,0.1610733769707496
e2,MSFT,21,1,mae_da,expanding,xgb@sent,0.19711691776298243
e2,MSFT,21,2,mae_da,expanding,elasticnet@market,0.03303644942293275
e2,MSFT,21,2,mae_da,expanding,elasticnet@sent,0.002661489589701062
e2,MSFT,21,2,mae_da,expanding,huber@market,0.010302398575197064
e2,MSFT,21,2,mae_da,expanding,huber@sent,0.0005654207355068971
e2,MSFT,21,2,mae_da,expanding,lgbm_reg@market,0.08600613213682301
e2,MSFT,21,2,mae_da,expanding,lgbm_reg@sent,0.07157175511312863
e2,MSFT,21,2,mae_da,expanding,pls@market,0.3432453488575516
e2,MSFT,21,2,mae_da,expanding,pls@sent,0.3620682656476204
e2,MSFT,21,2,mae_da,expanding,xgb@market,0.02904178691817476
e2,MSFT,21,2,mae_da,expanding,xgb@sent,0.06150095300336375
e2,MSFT,21,3,mae_da,expanding,elasticnet@market,0.013422300650482088
e2,MSFT,21,3,mae_da,expanding,elasticnet@sent,0.002839360549809471
e2,MSFT,21,3,mae_da,expanding,huber@market,0.007571582892961491
e2,MSFT,21,3,mae_da,expanding,huber@sent,0.0011224026365391885
e2,MSFT,21,3,mae_da,expanding,lgbm_reg@market,0.1442920972280252
e2,MSFT,21,3,mae_da,expanding,lgbm_reg@sent,0.13013119247670654
e2,MSFT,21,3,mae_da,expanding,pls@market,0.30689558791465293
e2,MSFT,21,3,mae_da,expanding,pls@sent,0.3688935784160872
e2,MSFT,21,3,mae_da,expanding,xgb@market,0.009223540570132699
e2,MSFT,21,3,mae_da,expanding,xgb@sent,0.01560835666460314
e2,MSFT,21,4,mae_da,expanding,elasticnet@market,0.012443833260833877
e2,MSFT,21,4,mae_da,expanding,elasticnet@sent,0.0022967839451059776
e2,MSFT,21,4,mae_da,expanding,huber@market,0.007706133116668586
e2,MSFT,21,4,mae_da,expanding,huber@sent,0.0011183192722291676
e2,MSFT,21,4,mae_da,expanding,lgbm_reg@market,0.12519101818435746
e2,MSFT,21,4,mae_da,expanding,lgbm_reg@sent,0.11035741633841825
e2,MSFT,21,4,mae_da,expanding,pls@market,0.35518094050413335
e2,MSFT,21,4,mae_da,expanding,pls@sent,0.3516397797863013
e2,MSFT,21,4,mae_da,expanding,xgb@market,0.01237817515711203
e2,MSFT,21,4,mae_da,expanding,xgb@sent,0.021687600434840033
e2,MSFT,21,5,mae_da,expanding,elasticnet@market,0.008653401255098565
e2,MSFT,21,5,mae_da,expanding,elasticnet@sent,0.002790986345775154
e2,MSFT,21,5,mae_da,expanding,huber@market,0.006571667147468493
e2,MSFT,21,5,mae_da,expanding,huber@sent,0.001192268388321003
e2,MSFT,21,5,mae_da,expanding,lgbm_reg@market,0.11834245139706613
e2,MSFT,21,5,mae_da,expanding,lgbm_reg@sent,0.10612492169798338
e2,MSFT,21,5,mae_da,expanding,pls@market,0.3782370482240428
e2,MSFT,21,5,mae_da,expanding,pls@sent,0.34140529244236156
e2,MSFT,21,5,mae_da,expanding,xgb@market,0.012947217178402807
e2,MSFT,21,5,mae_da,expanding,xgb@sent,0.023734745923480197
e2,MSFT,21,0,mae_da,last3,elasticnet@market,0.1
e2,MSFT,21,0,mae_da,last3,elasticnet@sent,0.1
e2,MSFT,21,0,mae_da,last3,huber@market,0.1
e2,MSFT,21,0,mae_da,last3,huber@sent,0.1
e2,MSFT,21,0,mae_da,last3,lgbm_reg@market,0.1
e2,MSFT,21,0,mae_da,last3,lgbm_reg@sent,0.1
e2,MSFT,21,0,mae_da,last3,pls@market,0.1
e2,MSFT,21,0,mae_da,last3,pls@sent,0.1
e2,MSFT,21,0,mae_da,last3,xgb@market,0.1
e2,MSFT,21,0,mae_da,last3,xgb@sent,0.1
e2,MSFT,21,1,mae_da,last3,elasticnet@market,0.01697128648240801
e2,MSFT,21,1,mae_da,last3,elasticnet@sent,0.002687338159345978
e2,MSFT,21,1,mae_da,last3,huber@market,0.009445555432973098
e2,MSFT,21,1,mae_da,last3,huber@sent,0.0006358886910779711
e2,MSFT,21,1,mae_da,last3,lgbm_reg@market,0.12720783804199798
e2,MSFT,21,1,mae_da,last3,lgbm_reg@sent,0.16647239064334554
e2,MSFT,21,1,mae_da,last3,pls@market,0.18023358249563887
e2,MSFT,21,1,mae_da,last3,pls@sent,0.13815582531948056
e2,MSFT,21,1,mae_da,last3,xgb@market,0.1610733769707496
e2,MSFT,21,1,mae_da,last3,xgb@sent,0.19711691776298243
e2,MSFT,21,2,mae_da,last3,elasticnet@market,0.03303644942293275
e2,MSFT,21,2,mae_da,last3,elasticnet@sent,0.002661489589701062
e2,MSFT,21,2,mae_da,last3,huber@market,0.010302398575197064
e2,MSFT,21,2,mae_da,last3,huber@sent,0.0005654207355068971
e2,MSFT,21,2,mae_da,last3,lgbm_reg@market,0.08600613213682301
e2,MSFT,21,2,mae_da,last3,lgbm_reg@sent,0.07157175511312863
e2,MSFT,21,2,mae_da,last3,pls@market,0.3432453488575516
e2,MSFT,21,2,mae_da,last3,pls@sent,0.3620682656476204
e2,MSFT,21,2,mae_da,last3,xgb@market,0.02904178691817476
e2,MSFT,21,2,mae_da,last3,xgb@sent,0.06150095300336375
e2,MSFT,21,3,mae_da,last3,elasticnet@market,0.013422300650482088
e2,MSFT,21,3,mae_da,last3,elasticnet@sent,0.002839360549809471
e2,MSFT,21,3,mae_da,last3,huber@market,0.007571582892961491
e2,MSFT,21,3,mae_da,last3,huber@sent,0.0011224026365391885
e2,MSFT,21,3,mae_da,last3,lgbm_reg@market,0.1442920972280252
e2,MSFT,21,3,mae_da,last3,lgbm_reg@sent,0.13013119247670654
e2,MSFT,21,3,mae_da,last3,pls@market,0.30689558791465293
e2,MSFT,21,3,mae_da,last3,pls@sent,0.3688935784160872
e2,MSFT,21,3,mae_da,last3,xgb@market,0.009223540570132699
e2,MSFT,21,3,mae_da,last3,xgb@sent,0.01560835666460314
e2,MSFT,21,4,mae_da,last3,elasticnet@market,0.01902050125897627
e2,MSFT,21,4,mae_da,last3,elasticnet@sent,0.004881567505282196
e2,MSFT,21,4,mae_da,last3,huber@market,0.010694732358084118
e2,MSFT,21,4,mae_da,last3,huber@sent,0.004584691985933865
e2,MSFT,21,4,mae_da,last3,lgbm_reg@market,0.07559427321585481
e2,MSFT,21,4,mae_da,last3,lgbm_reg@sent,0.04419989672323992
e2,MSFT,21,4,mae_da,last3,pls@market,0.2947217964747544
e2,MSFT,21,4,mae_da,last3,pls@sent,0.5376340473691391
e2,MSFT,21,4,mae_da,last3,xgb@market,0.0024629958845074325
e2,MSFT,21,4,mae_da,last3,xgb@sent,0.006205497224227948
e2,MSFT,21,5,mae_da,last3,elasticnet@market,0.0026269782749578537
e2,MSFT,21,5,mae_da,last3,elasticnet@sent,0.009350020663421929
e2,MSFT,21,5,mae_da,last3,huber@market,0.005566957055827624
e2,MSFT,21,5,mae_da,last3,huber@sent,0.0066299141610113915
e2,MSFT,21,5,mae_da,last3,lgbm_reg@market,0.09259113711227729
e2,MSFT,21,5,mae_da,last3,lgbm_reg@sent,0.10037888158354046
e2,MSFT,21,5,mae_da,last3,pls@market,0.33265664843993303
e2,MSFT,21,5,mae_da,last3,pls@sent,0.3992781740821868
e2,MSFT,21,5,mae_da,last3,xgb@market,0.021613026320857962
e2,MSFT,21,5,mae_da,last3,xgb@sent,0.029308262305985697
e2,MSFT,21,0,softmax_ic,expanding,elasticnet@market,0.1
e2,MSFT,21,0,softmax_ic,expanding,elasticnet@sent,0.1
e2,MSFT,21,0,softmax_ic,expanding,huber@market,0.1
e2,MSFT,21,0,softmax_ic,expanding,huber@sent,0.1
e2,MSFT,21,0,softmax_ic,expanding,lgbm_reg@market,0.1
e2,MSFT,21,0,softmax_ic,expanding,lgbm_reg@sent,0.1
e2,MSFT,21,0,softmax_ic,expanding,pls@market,0.1
e2,MSFT,21,0,softmax_ic,expanding,pls@sent,0.1
e2,MSFT,21,0,softmax_ic,expanding,xgb@market,0.1
e2,MSFT,21,0,softmax_ic,expanding,xgb@sent,0.1
e2,MSFT,21,1,softmax_ic,expanding,elasticnet@market,0.002951114041304422
e2,MSFT,21,1,softmax_ic,expanding,elasticnet@sent,0.0026055510593926434
e2,MSFT,21,1,softmax_ic,expanding,huber@market,6.470128364120359e-05
e2,MSFT,21,1,softmax_ic,expanding,huber@sent,7.510824579177959e-05
e2,MSFT,21,1,softmax_ic,expanding,lgbm_reg@market,0.23608598687335408
e2,MSFT,21,1,softmax_ic,expanding,lgbm_reg@sent,0.32703977662988776
e2,MSFT,21,1,softmax_ic,expanding,pls@market,0.03935041640557827
e2,MSFT,21,1,softmax_ic,expanding,pls@sent,0.06560477695298476
e2,MSFT,21,1,softmax_ic,expanding,xgb@market,0.09370505203877569
e2,MSFT,21,1,softmax_ic,expanding,xgb@sent,0.23251751646928942
e2,MSFT,21,2,softmax_ic,expanding,elasticnet@market,0.030556441639095957
e2,MSFT,21,2,softmax_ic,expanding,elasticnet@sent,0.01204430432639128
e2,MSFT,21,2,softmax_ic,expanding,huber@market,0.0016325514413932786
e2,MSFT,21,2,softmax_ic,expanding,huber@sent,0.000841299963270384
e2,MSFT,21,2,softmax_ic,expanding,lgbm_reg@market,0.10056254272234756
e2,MSFT,21,2,softmax_ic,expanding,lgbm_reg@sent,0.11465558798527963
e2,MSFT,21,2,softmax_ic,expanding,pls@market,0.43390648109510965
e2,MSFT,21,2,softmax_ic,expanding,pls@sent,0.27665292568069877
e2,MSFT,21,2,softmax_ic,expanding,xgb@market,0.01046630946540676
e2,MSFT,21,2,softmax_ic,expanding,xgb@sent,0.018681555681006674
e2,MSFT,21,3,softmax_ic,expanding,elasticnet@market,0.05432280938065279
e2,MSFT,21,3,softmax_ic,expanding,elasticnet@sent,0.030369224093826735
e2,MSFT,21,3,softmax_ic,expanding,huber@market,0.014843564334565167
e2,MSFT,21,3,softmax_ic,expanding,huber@sent,0.008437987342123686
e2,MSFT,21,3,softmax_ic,expanding,lgbm_reg@market,0.10100093781211829
e2,MSFT,21,3,softmax_ic,expanding,lgbm_reg@sent,0.10163800400205235
e2,MSFT,21,3,softmax_ic,expanding,pls@market,0.3904709233400547
e2,MSFT,21,3,softmax_ic,expanding,pls@sent,0.16436958089130896
e2,MSFT,21,3,softmax_ic,expanding,xgb@market,0.05526739942023003
e2,MSFT,21,3,softmax_ic,expanding,xgb@sent,0.07927956938306746
e2,MSFT,21,4,softmax_ic,expanding,elasticnet@market,0.058179870456243156
e2,MSFT,21,4,softmax_ic,expanding,elasticnet@sent,0.03999445300676126
e2,MSFT,21,4,softmax_ic,expanding,huber@market,0.020765555194883083
e2,MSFT,21,4,softmax_ic,expanding,huber@sent,0.013287755014297416
e2,MSFT,21,4,softmax_ic,expanding,lgbm_reg@market,0.13699862571509466
e2,MSFT,21,4,softmax_ic,expanding,lgbm_reg@sent,0.14157508672354724
e2,MSFT,21,4,softmax_ic,expanding,pls@market,0.2945202736671548
e2,MSFT,21,4,softmax_ic,expanding,pls@sent,0.1384612572713807
e2,MSFT,21,4,softmax_ic,expanding,xgb@market,0.06596351615871668
e2,MSFT,21,4,softmax_ic,expanding,xgb@sent,0.090253606791921
e2,MSFT,21,5,softmax_ic,expanding,elasticnet@market,0.09591440274492838
e2,MSFT,21,5,softmax_ic,expanding,elasticnet@sent,0.03866856700881914
e2,MSFT,21,5,softmax_ic,expanding,huber@market,0.03506177390411385
e2,MSFT,21,5,softmax_ic,expanding,huber@sent,0.012703524294534826
e2,MSFT,21,5,softmax_ic,expanding,lgbm_reg@market,0.10130945642373886
e2,MSFT,21,5,softmax_ic,expanding,lgbm_reg@sent,0.0861382891644359
e2,MSFT,21,5,softmax_ic,expanding,pls@market,0.3590460841162612
e2,MSFT,21,5,softmax_ic,expanding,pls@sent,0.08588631706805894
e2,MSFT,21,5,softmax_ic,expanding,xgb@market,0.08117402122904677
e2,MSFT,21,5,softmax_ic,expanding,xgb@sent,0.10409756404606196
e2,MSFT,21,0,softmax_ic,last3,elasticnet@market,0.1
e2,MSFT,21,0,softmax_ic,last3,elasticnet@sent,0.1
e2,MSFT,21,0,softmax_ic,last3,huber@market,0.1
e2,MSFT,21,0,softmax_ic,last3,huber@sent,0.1
e2,MSFT,21,0,softmax_ic,last3,lgbm_reg@market,0.1
e2,MSFT,21,0,softmax_ic,last3,lgbm_reg@sent,0.1
e2,MSFT,21,0,softmax_ic,last3,pls@market,0.1
e2,MSFT,21,0,softmax_ic,last3,pls@sent,0.1
e2,MSFT,21,0,softmax_ic,last3,xgb@market,0.1
e2,MSFT,21,0,softmax_ic,last3,xgb@sent,0.1
e2,MSFT,21,1,softmax_ic,last3,elasticnet@market,0.002951114041304422
e2,MSFT,21,1,softmax_ic,last3,elasticnet@sent,0.0026055510593926434
e2,MSFT,21,1,softmax_ic,last3,huber@market,6.470128364120359e-05
e2,MSFT,21,1,softmax_ic,last3,huber@sent,7.510824579177959e-05
e2,MSFT,21,1,softmax_ic,last3,lgbm_reg@market,0.23608598687335408
e2,MSFT,21,1,softmax_ic,last3,lgbm_reg@sent,0.32703977662988776
e2,MSFT,21,1,softmax_ic,last3,pls@market,0.03935041640557827
e2,MSFT,21,1,softmax_ic,last3,pls@sent,0.06560477695298476
e2,MSFT,21,1,softmax_ic,last3,xgb@market,0.09370505203877569
e2,MSFT,21,1,softmax_ic,last3,xgb@sent,0.23251751646928942
e2,MSFT,21,2,softmax_ic,last3,elasticnet@market,0.030556441639095957
e2,MSFT,21,2,softmax_ic,last3,elasticnet@sent,0.01204430432639128
e2,MSFT,21,2,softmax_ic,last3,huber@market,0.0016325514413932786
e2,MSFT,21,2,softmax_ic,last3,huber@sent,0.000841299963270384
e2,MSFT,21,2,softmax_ic,last3,lgbm_reg@market,0.10056254272234756
e2,MSFT,21,2,softmax_ic,last3,lgbm_reg@sent,0.11465558798527963
e2,MSFT,21,2,softmax_ic,last3,pls@market,0.43390648109510965
e2,MSFT,21,2,softmax_ic,last3,pls@sent,0.27665292568069877
e2,MSFT,21,2,softmax_ic,last3,xgb@market,0.01046630946540676
e2,MSFT,21,2,softmax_ic,last3,xgb@sent,0.018681555681006674
e2,MSFT,21,3,softmax_ic,last3,elasticnet@market,0.05432280938065279
e2,MSFT,21,3,softmax_ic,last3,elasticnet@sent,0.030369224093826735
e2,MSFT,21,3,softmax_ic,last3,huber@market,0.014843564334565167
e2,MSFT,21,3,softmax_ic,last3,huber@sent,0.008437987342123686
e2,MSFT,21,3,softmax_ic,last3,lgbm_reg@market,0.10100093781211829
e2,MSFT,21,3,softmax_ic,last3,lgbm_reg@sent,0.10163800400205235
e2,MSFT,21,3,softmax_ic,last3,pls@market,0.3904709233400547
e2,MSFT,21,3,softmax_ic,last3,pls@sent,0.16436958089130896
e2,MSFT,21,3,softmax_ic,last3,xgb@market,0.05526739942023003
e2,MSFT,21,3,softmax_ic,last3,xgb@sent,0.07927956938306746
e2,MSFT,21,4,softmax_ic,last3,elasticnet@market,0.10407011294504505
e2,MSFT,21,4,softmax_ic,last3,elasticnet@sent,0.07239376747905238
e2,MSFT,21,4,softmax_ic,last3,huber@market,0.07770397945087724
e2,MSFT,21,4,softmax_ic,last3,huber@sent,0.04968985841172179
e2,MSFT,21,4,softmax_ic,last3,lgbm_reg@market,0.15206816980691007
e2,MSFT,21,4,softmax_ic,last3,lgbm_reg@sent,0.13804281437679713
e2,MSFT,21,4,softmax_ic,last3,pls@market,0.2269938488855546
e2,MSFT,21,4,softmax_ic,last3,pls@sent,0.07844192954952192
e2,MSFT,21,4,softmax_ic,last3,xgb@market,0.04626842203969937
e2,MSFT,21,4,softmax_ic,last3,xgb@sent,0.054327097054820264
e2,MSFT,21,5,softmax_ic,last3,elasticnet@market,0.08926629777706374
e2,MSFT,21,5,softmax_ic,last3,elasticnet@sent,0.059280720824724624
e2,MSFT,21,5,softmax_ic,last3,huber@market,0.07520261035160562
e2,MSFT,21,5,softmax_ic,last3,huber@sent,0.03827633144408747
e2,MSFT,21,5,softmax_ic,last3,lgbm_reg@market,0.16731734147730512
e2,MSFT,21,5,softmax_ic,last3,lgbm_reg@sent,0.152339261872944
e2,MSFT,21,5,softmax_ic,last3,pls@market,0.12905213537394153
e2,MSFT,21,5,softmax_ic,last3,pls@sent,0.06890929734783657
e2,MSFT,21,5,softmax_ic,last3,xgb@market,0.09792781768409574
e2,MSFT,21,5,softmax_ic,last3,xgb@sent,0.12242818584639552
e2,MSFT,21,0,best_recent,expanding,elasticnet@market,0.1
e2,MSFT,21,0,best_recent,expanding,elasticnet@sent,0.1
e2,MSFT,21,0,best_recent,expanding,huber@market,0.1
e2,MSFT,21,0,best_recent,expanding,huber@sent,0.1
e2,MSFT,21,0,best_recent,expanding,lgbm_reg@market,0.1
e2,MSFT,21,0,best_recent,expanding,lgbm_reg@sent,0.1
e2,MSFT,21,0,best_recent,expanding,pls@market,0.1
e2,MSFT,21,0,best_recent,expanding,pls@sent,0.1
e2,MSFT,21,0,best_recent,expanding,xgb@market,0.1
e2,MSFT,21,0,best_recent,expanding,xgb@sent,0.1
e2,MSFT,21,1,best_recent,expanding,elasticnet@market,0.0
e2,MSFT,21,1,best_recent,expanding,elasticnet@sent,0.0
e2,MSFT,21,1,best_recent,expanding,huber@market,0.0
e2,MSFT,21,1,best_recent,expanding,huber@sent,0.0
e2,MSFT,21,1,best_recent,expanding,lgbm_reg@market,0.0
e2,MSFT,21,1,best_recent,expanding,lgbm_reg@sent,1.0
e2,MSFT,21,1,best_recent,expanding,pls@market,0.0
e2,MSFT,21,1,best_recent,expanding,pls@sent,0.0
e2,MSFT,21,1,best_recent,expanding,xgb@market,0.0
e2,MSFT,21,1,best_recent,expanding,xgb@sent,0.0
e2,MSFT,21,2,best_recent,expanding,elasticnet@market,0.0
e2,MSFT,21,2,best_recent,expanding,elasticnet@sent,0.0
e2,MSFT,21,2,best_recent,expanding,huber@market,0.0
e2,MSFT,21,2,best_recent,expanding,huber@sent,0.0
e2,MSFT,21,2,best_recent,expanding,lgbm_reg@market,0.0
e2,MSFT,21,2,best_recent,expanding,lgbm_reg@sent,0.0
e2,MSFT,21,2,best_recent,expanding,pls@market,1.0
e2,MSFT,21,2,best_recent,expanding,pls@sent,0.0
e2,MSFT,21,2,best_recent,expanding,xgb@market,0.0
e2,MSFT,21,2,best_recent,expanding,xgb@sent,0.0
e2,MSFT,21,3,best_recent,expanding,elasticnet@market,0.0
e2,MSFT,21,3,best_recent,expanding,elasticnet@sent,0.0
e2,MSFT,21,3,best_recent,expanding,huber@market,0.0
e2,MSFT,21,3,best_recent,expanding,huber@sent,0.0
e2,MSFT,21,3,best_recent,expanding,lgbm_reg@market,0.0
e2,MSFT,21,3,best_recent,expanding,lgbm_reg@sent,0.0
e2,MSFT,21,3,best_recent,expanding,pls@market,1.0
e2,MSFT,21,3,best_recent,expanding,pls@sent,0.0
e2,MSFT,21,3,best_recent,expanding,xgb@market,0.0
e2,MSFT,21,3,best_recent,expanding,xgb@sent,0.0
e2,MSFT,21,4,best_recent,expanding,elasticnet@market,0.0
e2,MSFT,21,4,best_recent,expanding,elasticnet@sent,0.0
e2,MSFT,21,4,best_recent,expanding,huber@market,0.0
e2,MSFT,21,4,best_recent,expanding,huber@sent,0.0
e2,MSFT,21,4,best_recent,expanding,lgbm_reg@market,0.0
e2,MSFT,21,4,best_recent,expanding,lgbm_reg@sent,0.0
e2,MSFT,21,4,best_recent,expanding,pls@market,1.0
e2,MSFT,21,4,best_recent,expanding,pls@sent,0.0
e2,MSFT,21,4,best_recent,expanding,xgb@market,0.0
e2,MSFT,21,4,best_recent,expanding,xgb@sent,0.0
e2,MSFT,21,5,best_recent,expanding,elasticnet@market,0.0
e2,MSFT,21,5,best_recent,expanding,elasticnet@sent,0.0
e2,MSFT,21,5,best_recent,expanding,huber@market,0.0
e2,MSFT,21,5,best_recent,expanding,huber@sent,0.0
e2,MSFT,21,5,best_recent,expanding,lgbm_reg@market,0.0
e2,MSFT,21,5,best_recent,expanding,lgbm_reg@sent,0.0
e2,MSFT,21,5,best_recent,expanding,pls@market,1.0
e2,MSFT,21,5,best_recent,expanding,pls@sent,0.0
e2,MSFT,21,5,best_recent,expanding,xgb@market,0.0
e2,MSFT,21,5,best_recent,expanding,xgb@sent,0.0
e2,MSFT,21,0,best_recent,last3,elasticnet@market,0.1
e2,MSFT,21,0,best_recent,last3,elasticnet@sent,0.1
e2,MSFT,21,0,best_recent,last3,huber@market,0.1
e2,MSFT,21,0,best_recent,last3,huber@sent,0.1
e2,MSFT,21,0,best_recent,last3,lgbm_reg@market,0.1
e2,MSFT,21,0,best_recent,last3,lgbm_reg@sent,0.1
e2,MSFT,21,0,best_recent,last3,pls@market,0.1
e2,MSFT,21,0,best_recent,last3,pls@sent,0.1
e2,MSFT,21,0,best_recent,last3,xgb@market,0.1
e2,MSFT,21,0,best_recent,last3,xgb@sent,0.1
e2,MSFT,21,1,best_recent,last3,elasticnet@market,0.0
e2,MSFT,21,1,best_recent,last3,elasticnet@sent,0.0
e2,MSFT,21,1,best_recent,last3,huber@market,0.0
e2,MSFT,21,1,best_recent,last3,huber@sent,0.0
e2,MSFT,21,1,best_recent,last3,lgbm_reg@market,0.0
e2,MSFT,21,1,best_recent,last3,lgbm_reg@sent,1.0
e2,MSFT,21,1,best_recent,last3,pls@market,0.0
e2,MSFT,21,1,best_recent,last3,pls@sent,0.0
e2,MSFT,21,1,best_recent,last3,xgb@market,0.0
e2,MSFT,21,1,best_recent,last3,xgb@sent,0.0
e2,MSFT,21,2,best_recent,last3,elasticnet@market,0.0
e2,MSFT,21,2,best_recent,last3,elasticnet@sent,0.0
e2,MSFT,21,2,best_recent,last3,huber@market,0.0
e2,MSFT,21,2,best_recent,last3,huber@sent,0.0
e2,MSFT,21,2,best_recent,last3,lgbm_reg@market,0.0
e2,MSFT,21,2,best_recent,last3,lgbm_reg@sent,0.0
e2,MSFT,21,2,best_recent,last3,pls@market,1.0
e2,MSFT,21,2,best_recent,last3,pls@sent,0.0
e2,MSFT,21,2,best_recent,last3,xgb@market,0.0
e2,MSFT,21,2,best_recent,last3,xgb@sent,0.0
e2,MSFT,21,3,best_recent,last3,elasticnet@market,0.0
e2,MSFT,21,3,best_recent,last3,elasticnet@sent,0.0
e2,MSFT,21,3,best_recent,last3,huber@market,0.0
e2,MSFT,21,3,best_recent,last3,huber@sent,0.0
e2,MSFT,21,3,best_recent,last3,lgbm_reg@market,0.0
e2,MSFT,21,3,best_recent,last3,lgbm_reg@sent,0.0
e2,MSFT,21,3,best_recent,last3,pls@market,1.0
e2,MSFT,21,3,best_recent,last3,pls@sent,0.0
e2,MSFT,21,3,best_recent,last3,xgb@market,0.0
e2,MSFT,21,3,best_recent,last3,xgb@sent,0.0
e2,MSFT,21,4,best_recent,last3,elasticnet@market,0.0
e2,MSFT,21,4,best_recent,last3,elasticnet@sent,0.0
e2,MSFT,21,4,best_recent,last3,huber@market,0.0
e2,MSFT,21,4,best_recent,last3,huber@sent,0.0
e2,MSFT,21,4,best_recent,last3,lgbm_reg@market,0.0
e2,MSFT,21,4,best_recent,last3,lgbm_reg@sent,0.0
e2,MSFT,21,4,best_recent,last3,pls@market,1.0
e2,MSFT,21,4,best_recent,last3,pls@sent,0.0
e2,MSFT,21,4,best_recent,last3,xgb@market,0.0
e2,MSFT,21,4,best_recent,last3,xgb@sent,0.0
e2,MSFT,21,5,best_recent,last3,elasticnet@market,0.0
e2,MSFT,21,5,best_recent,last3,elasticnet@sent,0.0
e2,MSFT,21,5,best_recent,last3,huber@market,0.0
e2,MSFT,21,5,best_recent,last3,huber@sent,0.0
e2,MSFT,21,5,best_recent,last3,lgbm_reg@market,1.0
e2,MSFT,21,5,best_recent,last3,lgbm_reg@sent,0.0
e2,MSFT,21,5,best_recent,last3,pls@market,0.0
e2,MSFT,21,5,best_recent,last3,pls@sent,0.0
e2,MSFT,21,5,best_recent,last3,xgb@market,0.0
e2,MSFT,21,5,best_recent,last3,xgb@sent,0.0
e2,MSFT,63,0,equal,expanding,elasticnet@market,0.1
e2,MSFT,63,0,equal,expanding,elasticnet@sent,0.1
e2,MSFT,63,0,equal,expanding,huber@market,0.1
e2,MSFT,63,0,equal,expanding,huber@sent,0.1
e2,MSFT,63,0,equal,expanding,lgbm_reg@market,0.1
e2,MSFT,63,0,equal,expanding,lgbm_reg@sent,0.1
e2,MSFT,63,0,equal,expanding,pls@market,0.1
e2,MSFT,63,0,equal,expanding,pls@sent,0.1
e2,MSFT,63,0,equal,expanding,xgb@market,0.1
e2,MSFT,63,0,equal,expanding,xgb@sent,0.1
e2,MSFT,63,1,equal,expanding,elasticnet@market,0.1
e2,MSFT,63,1,equal,expanding,elasticnet@sent,0.1
e2,MSFT,63,1,equal,expanding,huber@market,0.1
e2,MSFT,63,1,equal,expanding,huber@sent,0.1
e2,MSFT,63,1,equal,expanding,lgbm_reg@market,0.1
e2,MSFT,63,1,equal,expanding,lgbm_reg@sent,0.1
e2,MSFT,63,1,equal,expanding,pls@market,0.1
e2,MSFT,63,1,equal,expanding,pls@sent,0.1
e2,MSFT,63,1,equal,expanding,xgb@market,0.1
e2,MSFT,63,1,equal,expanding,xgb@sent,0.1
e2,MSFT,63,2,equal,expanding,elasticnet@market,0.1
e2,MSFT,63,2,equal,expanding,elasticnet@sent,0.1
e2,MSFT,63,2,equal,expanding,huber@market,0.1
e2,MSFT,63,2,equal,expanding,huber@sent,0.1
e2,MSFT,63,2,equal,expanding,lgbm_reg@market,0.1
e2,MSFT,63,2,equal,expanding,lgbm_reg@sent,0.1
e2,MSFT,63,2,equal,expanding,pls@market,0.1
e2,MSFT,63,2,equal,expanding,pls@sent,0.1
e2,MSFT,63,2,equal,expanding,xgb@market,0.1
e2,MSFT,63,2,equal,expanding,xgb@sent,0.1
e2,MSFT,63,3,equal,expanding,elasticnet@market,0.1
e2,MSFT,63,3,equal,expanding,elasticnet@sent,0.1
e2,MSFT,63,3,equal,expanding,huber@market,0.1
e2,MSFT,63,3,equal,expanding,huber@sent,0.1
e2,MSFT,63,3,equal,expanding,lgbm_reg@market,0.1
e2,MSFT,63,3,equal,expanding,lgbm_reg@sent,0.1
e2,MSFT,63,3,equal,expanding,pls@market,0.1
e2,MSFT,63,3,equal,expanding,pls@sent,0.1
e2,MSFT,63,3,equal,expanding,xgb@market,0.1
e2,MSFT,63,3,equal,expanding,xgb@sent,0.1
e2,MSFT,63,4,equal,expanding,elasticnet@market,0.1
e2,MSFT,63,4,equal,expanding,elasticnet@sent,0.1
e2,MSFT,63,4,equal,expanding,huber@market,0.1
e2,MSFT,63,4,equal,expanding,huber@sent,0.1
e2,MSFT,63,4,equal,expanding,lgbm_reg@market,0.1
e2,MSFT,63,4,equal,expanding,lgbm_reg@sent,0.1
e2,MSFT,63,4,equal,expanding,pls@market,0.1
e2,MSFT,63,4,equal,expanding,pls@sent,0.1
e2,MSFT,63,4,equal,expanding,xgb@market,0.1
e2,MSFT,63,4,equal,expanding,xgb@sent,0.1
e2,MSFT,63,5,equal,expanding,elasticnet@market,0.1
e2,MSFT,63,5,equal,expanding,elasticnet@sent,0.1
e2,MSFT,63,5,equal,expanding,huber@market,0.1
e2,MSFT,63,5,equal,expanding,huber@sent,0.1
e2,MSFT,63,5,equal,expanding,lgbm_reg@market,0.1
e2,MSFT,63,5,equal,expanding,lgbm_reg@sent,0.1
e2,MSFT,63,5,equal,expanding,pls@market,0.1
e2,MSFT,63,5,equal,expanding,pls@sent,0.1
e2,MSFT,63,5,equal,expanding,xgb@market,0.1
e2,MSFT,63,5,equal,expanding,xgb@sent,0.1
e2,MSFT,63,0,inv_mae,expanding,elasticnet@market,0.1
e2,MSFT,63,0,inv_mae,expanding,elasticnet@sent,0.1
e2,MSFT,63,0,inv_mae,expanding,huber@market,0.1
e2,MSFT,63,0,inv_mae,expanding,huber@sent,0.1
e2,MSFT,63,0,inv_mae,expanding,lgbm_reg@market,0.1
e2,MSFT,63,0,inv_mae,expanding,lgbm_reg@sent,0.1
e2,MSFT,63,0,inv_mae,expanding,pls@market,0.1
e2,MSFT,63,0,inv_mae,expanding,pls@sent,0.1
e2,MSFT,63,0,inv_mae,expanding,xgb@market,0.1
e2,MSFT,63,0,inv_mae,expanding,xgb@sent,0.1
e2,MSFT,63,1,inv_mae,expanding,elasticnet@market,0.034116467688865657
e2,MSFT,63,1,inv_mae,expanding,elasticnet@sent,0.011041655631475784
e2,MSFT,63,1,inv_mae,expanding,huber@market,0.03313571620998922
e2,MSFT,63,1,inv_mae,expanding,huber@sent,0.005780236172914571
e2,MSFT,63,1,inv_mae,expanding,lgbm_reg@market,0.2150343521966753
e2,MSFT,63,1,inv_mae,expanding,lgbm_reg@sent,0.18707336844067207
e2,MSFT,63,1,inv_mae,expanding,pls@market,0.05580597780249945
e2,MSFT,63,1,inv_mae,expanding,pls@sent,0.04310496640484721
e2,MSFT,63,1,inv_mae,expanding,xgb@market,0.20365455035331237
e2,MSFT,63,1,inv_mae,expanding,xgb@sent,0.21125270909874844
e2,MSFT,63,2,inv_mae,expanding,elasticnet@market,0.07044054155705927
e2,MSFT,63,2,inv_mae,expanding,elasticnet@sent,0.033596315545870774
e2,MSFT,63,2,inv_mae,expanding,huber@market,0.06829187876548201
e2,MSFT,63,2,inv_mae,expanding,huber@sent,0.021664047206248822
e2,MSFT,63,2,inv_mae,expanding,lgbm_reg@market,0.17150686823126057
e2,MSFT,63,2,inv_mae,expanding,lgbm_reg@sent,0.1523146098518235
e2,MSFT,63,2,inv_mae,expanding,pls@market,0.08741092091373893
e2,MSFT,63,2,inv_mae,expanding,pls@sent,0.0634675857162316
e2,MSFT,63,2,inv_mae,expanding,xgb@market,0.16831818221219774
e2,MSFT,63,2,inv_mae,expanding,xgb@sent,0.16298905000008673
e2,MSFT,63,3,inv_mae,expanding,elasticnet@market,0.1240394248400357
e2,MSFT,63,3,inv_mae,expanding,elasticnet@sent,0.07914650093019847
e2,MSFT,63,3,inv_mae,expanding,huber@market,0.12974502088001794
e2,MSFT,63,3,inv_mae,expanding,huber@sent,0.06651434583047647
e2,MSFT,63,3,inv_mae,expanding,lgbm_reg@market,0.11982037569691024
e2,MSFT,63,3,inv_mae,expanding,lgbm_reg@sent,0.11615078927716416
e2,MSFT,63,3,inv_mae,expanding,pls@market,0.10693848725003874
e2,MSFT,63,3,inv_mae,expanding,pls@sent,0.0809659305816059
e2,MSFT,63,3,inv_mae,expanding,xgb@market,0.09167614276825743
e2,MSFT,63,3,inv_mae,expanding,xgb@sent,0.08500298194529497
e2,MSFT,63,4,inv_mae,expanding,elasticnet@market,0.10140288530537737
e2,MSFT,63,4,inv_mae,expanding,elasticnet@sent,0.06761822634674437
e2,MSFT,63,4,inv_mae,expanding,huber@market,0.10477214686098853
e2,MSFT,63,4,inv_mae,expanding,huber@sent,0.055572920315651884
e2,MSFT,63,4,inv_mae,expanding,lgbm_reg@market,0.13798964404529437
e2,MSFT,63,4,inv_mae,expanding,lgbm_reg@sent,0.12808863232653855
e2,MSFT,63,4,inv_mae,expanding,pls@market,0.11658742093092726
e2,MSFT,63,4,inv_mae,expanding,pls@sent,0.07248310004564319
e2,MSFT,63,4,inv_mae,expanding,xgb@market,0.1143960947145592
e2,MSFT,63,4,inv_mae,expanding,xgb@sent,0.1010889291082752
e2,MSFT,63,5,inv_mae,expanding,elasticnet@market,0.10394324271364397
e2,MSFT,63,5,inv_mae,expanding,elasticnet@sent,0.07504267696268657
e2,MSFT,63,5,inv_mae,expanding,huber@market,0.10366548450221877
e2,MSFT,63,5,inv_mae,expanding,huber@sent,0.06328613932799389
e2,MSFT,63,5,inv_mae,expanding,lgbm_reg@market,0.1283045306069653
e2,MSFT,63,5,inv_mae,expanding,lgbm_reg@sent,0.12439503924854996
e2,MSFT,63,5,inv_mae,expanding,pls@market,0.11451056708436715
e2,MSFT,63,5,inv_mae,expanding,pls@sent,0.07453995920259157
e2,MSFT,63,5,inv_mae,expanding,xgb@market,0.11184604201826939
e2,MSFT,63,5,inv_mae,expanding,xgb@sent,0.10046631833271352
e2,MSFT,63,0,inv_mae,last3,elasticnet@market,0.1
e2,MSFT,63,0,inv_mae,last3,elasticnet@sent,0.1
e2,MSFT,63,0,inv_mae,last3,huber@market,0.1
e2,MSFT,63,0,inv_mae,last3,huber@sent,0.1
e2,MSFT,63,0,inv_mae,last3,lgbm_reg@market,0.1
e2,MSFT,63,0,inv_mae,last3,lgbm_reg@sent,0.1
e2,MSFT,63,0,inv_mae,last3,pls@market,0.1
e2,MSFT,63,0,inv_mae,last3,pls@sent,0.1
e2,MSFT,63,0,inv_mae,last3,xgb@market,0.1
e2,MSFT,63,0,inv_mae,last3,xgb@sent,0.1
e2,MSFT,63,1,inv_mae,last3,elasticnet@market,0.034116467688865657
e2,MSFT,63,1,inv_mae,last3,elasticnet@sent,0.011041655631475784
e2,MSFT,63,1,inv_mae,last3,huber@market,0.03313571620998922
e2,MSFT,63,1,inv_mae,last3,huber@sent,0.005780236172914571
e2,MSFT,63,1,inv_mae,last3,lgbm_reg@market,0.2150343521966753
e2,MSFT,63,1,inv_mae,last3,lgbm_reg@sent,0.18707336844067207
e2,MSFT,63,1,inv_mae,last3,pls@market,0.05580597780249945
e2,MSFT,63,1,inv_mae,last3,pls@sent,0.04310496640484721
e2,MSFT,63,1,inv_mae,last3,xgb@market,0.20365455035331237
e2,MSFT,63,1,inv_mae,last3,xgb@sent,0.21125270909874844
e2,MSFT,63,2,inv_mae,last3,elasticnet@market,0.07044054155705927
e2,MSFT,63,2,inv_mae,last3,elasticnet@sent,0.033596315545870774
e2,MSFT,63,2,inv_mae,last3,huber@market,0.06829187876548201
e2,MSFT,63,2,inv_mae,last3,huber@sent,0.021664047206248822
e2,MSFT,63,2,inv_mae,last3,lgbm_reg@market,0.17150686823126057
e2,MSFT,63,2,inv_mae,last3,lgbm_reg@sent,0.1523146098518235
e2,MSFT,63,2,inv_mae,last3,pls@market,0.08741092091373893
e2,MSFT,63,2,inv_mae,last3,pls@sent,0.0634675857162316
e2,MSFT,63,2,inv_mae,last3,xgb@market,0.16831818221219774
e2,MSFT,63,2,inv_mae,last3,xgb@sent,0.16298905000008673
e2,MSFT,63,3,inv_mae,last3,elasticnet@market,0.1240394248400357
e2,MSFT,63,3,inv_mae,last3,elasticnet@sent,0.07914650093019847
e2,MSFT,63,3,inv_mae,last3,huber@market,0.12974502088001794
e2,MSFT,63,3,inv_mae,last3,huber@sent,0.06651434583047647
e2,MSFT,63,3,inv_mae,last3,lgbm_reg@market,0.11982037569691024
e2,MSFT,63,3,inv_mae,last3,lgbm_reg@sent,0.11615078927716416
e2,MSFT,63,3,inv_mae,last3,pls@market,0.10693848725003874
e2,MSFT,63,3,inv_mae,last3,pls@sent,0.0809659305816059
e2,MSFT,63,3,inv_mae,last3,xgb@market,0.09167614276825743
e2,MSFT,63,3,inv_mae,last3,xgb@sent,0.08500298194529497
e2,MSFT,63,4,inv_mae,last3,elasticnet@market,0.11449954041207547
e2,MSFT,63,4,inv_mae,last3,elasticnet@sent,0.09512257419975234
e2,MSFT,63,4,inv_mae,last3,huber@market,0.12031584800598416
e2,MSFT,63,4,inv_mae,last3,huber@sent,0.09234690512725378
e2,MSFT,63,4,inv_mae,last3,lgbm_reg@market,0.11204149269908256
e2,MSFT,63,4,inv_mae,last3,lgbm_reg@sent,0.10516234945398316
e2,MSFT,63,4,inv_mae,last3,pls@market,0.12030519136038494
e2,MSFT,63,4,inv_mae,last3,pls@sent,0.07109455190725056
e2,MSFT,63,4,inv_mae,last3,xgb@market,0.09085180346358292
e2,MSFT,63,4,inv_mae,last3,xgb@sent,0.0782597433706501
e2,MSFT,63,5,inv_mae,last3,elasticnet@market,0.11376885819071275
e2,MSFT,63,5,inv_mae,last3,elasticnet@sent,0.10131263227779638
e2,MSFT,63,5,inv_mae,last3,huber@market,0.1149856467039746
e2,MSFT,63,5,inv_mae,last3,huber@sent,0.09974610076048818
e2,MSFT,63,5,inv_mae,last3,lgbm_reg@market,0.10590569059515656
e2,MSFT,63,5,inv_mae,last3,lgbm_reg@sent,0.10609977869276087
e2,MSFT,63,5,inv_mae,last3,pls@market,0.1186858904642065
e2,MSFT,63,5,inv_mae,last3,pls@sent,0.07363698122936589
e2,MSFT,63,5,inv_mae,last3,xgb@market,0.08845740260890655
e2,MSFT,63,5,inv_mae,last3,xgb@sent,0.07740101847663176
e2,MSFT,63,0,mae_da,expanding,elasticnet@market,0.1
e2,MSFT,63,0,mae_da,expanding,elasticnet@sent,0.1
e2,MSFT,63,0,mae_da,expanding,huber@market,0.1
e2,MSFT,63,0,mae_da,expanding,huber@sent,0.1
e2,MSFT,63,0,mae_da,expanding,lgbm_reg@market,0.1
e2,MSFT,63,0,mae_da,expanding,lgbm_reg@sent,0.1
e2,MSFT,63,0,mae_da,expanding,pls@market,0.1
e2,MSFT,63,0,mae_da,expanding,pls@sent,0.1
e2,MSFT,63,0,mae_da,expanding,xgb@market,0.1
e2,MSFT,63,0,mae_da,expanding,xgb@sent,0.1
e2,MSFT,63,1,mae_da,expanding,elasticnet@market,0.01363109914643645
e2,MSFT,63,1,mae_da,expanding,elasticnet@sent,0.002590866781706405
e2,MSFT,63,1,mae_da,expanding,huber@market,0.011054911653481613
e2,MSFT,63,1,mae_da,expanding,huber@sent,0.0006180092841637367
e2,MSFT,63,1,mae_da,expanding,lgbm_reg@market,0.23628922533761498
e2,MSFT,63,1,mae_da,expanding,lgbm_reg@sent,0.22854953743544898
e2,MSFT,63,1,mae_da,expanding,pls@market,0.031505358710217125
e2,MSFT,63,1,mae_da,expanding,pls@sent,0.021515251127306095
e2,MSFT,63,1,mae_da,expanding,xgb@market,0.2249186360369856
e2,MSFT,63,1,mae_da,expanding,xgb@sent,0.22932710448663915
e2,MSFT,63,2,mae_da,expanding,elasticnet@market,0.01538806015842808
e2,MSFT,63,2,mae_da,expanding,elasticnet@sent,0.002671819857204984
e2,MSFT,63,2,mae_da,expanding,huber@market,0.012211282598336856
e2,MSFT,63,2,mae_da,expanding,huber@sent,0.0006166333129954809
e2,MSFT,63,2,mae_da,expanding,lgbm_reg@market,0.24933377647973087
e2,MSFT,63,2,mae_da,expanding,lgbm_reg@sent,0.22620115303194507
e2,MSFT,63,2,mae_da,expanding,pls@market,0.03284746843986183
e2,MSFT,63,2,mae_da,expanding,pls@sent,0.015280841540824286
e2,MSFT,63,2,mae_da,expanding,xgb@market,0.2245820626608373
e2,MSFT,63,2,mae_da,expanding,xgb@sent,0.22086690191983518
e2,MSFT,63,3,mae_da,expanding,elasticnet@market,0.08034741375514273
e2,MSFT,63,3,mae_da,expanding,elasticnet@sent,0.006115428385141243
e2,MSFT,63,3,mae_da,expanding,huber@market,0.06253178126728921
e2,MSFT,63,3,mae_da,expanding,huber@sent,0.0010867566978790156
e2,MSFT,63,3,mae_da,expanding,lgbm_reg@market,0.3238220257756008
e2,MSFT,63,3,mae_da,expanding,lgbm_reg@sent,0.2937441283480676
e2,MSFT,63,3,mae_da,expanding,pls@market,0.06518894673560753
e2,MSFT,63,3,mae_da,expanding,pls@sent,0.01340829034731439
e2,MSFT,63,3,mae_da,expanding,xgb@market,0.08968094166165358
e2,MSFT,63,3,mae_da,expanding,xgb@sent,0.06407428702630384
e2,MSFT,63,4,mae_da,expanding,elasticnet@market,0.033662232925713055
e2,MSFT,63,4,mae_da,expanding,elasticnet@sent,0.003046455385008735
e2,MSFT,63,4,mae_da,expanding,huber@market,0.029130880475553726
e2,MSFT,63,4,mae_da,expanding,huber@sent,0.0006089419244956456
e2,MSFT,63,4,mae_da,expanding,lgbm_reg@market,0.33994245886308017
e2,MSFT,63,4,mae_da,expanding,lgbm_reg@sent,0.24330271137969864
e2,MSFT,63,4,mae_da,expanding,pls@market,0.07106301740391291
e2,MSFT,63,4,mae_da,expanding,pls@sent,0.007170179695494705
e2,MSFT,63,4,mae_da,expanding,xgb@market,0.16625617265468642
e2,MSFT,63,4,mae_da,expanding,xgb@sent,0.10581694929235598
e2,MSFT,63,5,mae_da,expanding,elasticnet@market,0.03333059601227872
e2,MSFT,63,5,mae_da,expanding,elasticnet@sent,0.003328393348282855
e2,MSFT,63,5,mae_da,expanding,huber@market,0.02649214401890822
e2,MSFT,63,5,mae_da,expanding,huber@sent,0.0006599308217060923
e2,MSFT,63,5,mae_da,expanding,lgbm_reg@market,0.3236218822282503
e2,MSFT,63,5,mae_da,expanding,lgbm_reg@sent,0.26045605331238375
e2,MSFT,63,5,mae_da,expanding,pls@market,0.0774405454604062
e2,MSFT,63,5,mae_da,expanding,pls@sent,0.006502451061911033
e2,MSFT,63,5,mae_da,expanding,xgb@market,0.1661817643558114
e2,MSFT,63,5,mae_da,expanding,xgb@sent,0.10198623938006153
e2,MSFT,63,0,mae_da,last3,elasticnet@market,0.1
e2,MSFT,63,0,mae_da,last3,elasticnet@sent,0.1
e2,MSFT,63,0,mae_da,last3,huber@market,0.1
e2,MSFT,63,0,mae_da,last3,huber@sent,0.1
e2,MSFT,63,0,mae_da,last3,lgbm_reg@market,0.1
e2,MSFT,63,0,mae_da,last3,lgbm_reg@sent,0.1
e2,MSFT,63,0,mae_da,last3,pls@market,0.1
e2,MSFT,63,0,mae_da,last3,pls@sent,0.1
e2,MSFT,63,0,mae_da,last3,xgb@market,0.1
e2,MSFT,63,0,mae_da,last3,xgb@sent,0.1
e2,MSFT,63,1,mae_da,last3,elasticnet@market,0.01363109914643645
e2,MSFT,63,1,mae_da,last3,elasticnet@sent,0.002590866781706405
e2,MSFT,63,1,mae_da,last3,huber@market,0.011054911653481613
e2,MSFT,63,1,mae_da,last3,huber@sent,0.0006180092841637367
e2,MSFT,63,1,mae_da,last3,lgbm_reg@market,0.23628922533761498
e2,MSFT,63,1,mae_da,last3,lgbm_reg@sent,0.22854953743544898
e2,MSFT,63,1,mae_da,last3,pls@market,0.031505358710217125
e2,MSFT,63,1,mae_da,last3,pls@sent,0.021515251127306095
e2,MSFT,63,1,mae_da,last3,xgb@market,0.2249186360369856
e2,MSFT,63,1,mae_da,last3,xgb@sent,0.22932710448663915
e2,MSFT,63,2,mae_da,last3,elasticnet@market,0.01538806015842808
e2,MSFT,63,2,mae_da,last3,elasticnet@sent,0.002671819857204984
e2,MSFT,63,2,mae_da,last3,huber@market,0.012211282598336856
e2,MSFT,63,2,mae_da,last3,huber@sent,0.0006166333129954809
e2,MSFT,63,2,mae_da,last3,lgbm_reg@market,0.24933377647973087
e2,MSFT,63,2,mae_da,last3,lgbm_reg@sent,0.22620115303194507
e2,MSFT,63,2,mae_da,last3,pls@market,0.03284746843986183
e2,MSFT,63,2,mae_da,last3,pls@sent,0.015280841540824286
e2,MSFT,63,2,mae_da,last3,xgb@market,0.2245820626608373
e2,MSFT,63,2,mae_da,last3,xgb@sent,0.22086690191983518
e2,MSFT,63,3,mae_da,last3,elasticnet@market,0.08034741375514273
e2,MSFT,63,3,mae_da,last3,elasticnet@sent,0.006115428385141243
e2,MSFT,63,3,mae_da,last3,huber@market,0.06253178126728921
e2,MSFT,63,3,mae_da,last3,huber@sent,0.0010867566978790156
e2,MSFT,63,3,mae_da,last3,lgbm_reg@market,0.3238220257756008
e2,MSFT,63,3,mae_da,last3,lgbm_reg@sent,0.2937441283480676
e2,MSFT,63,3,mae_da,last3,pls@market,0.06518894673560753
e2,MSFT,63,3,mae_da,last3,pls@sent,0.01340829034731439
e2,MSFT,63,3,mae_da,last3,xgb@market,0.08968094166165358
e2,MSFT,63,3,mae_da,last3,xgb@sent,0.06407428702630384
e2,MSFT,63,4,mae_da,last3,elasticnet@market,0.14225558794480073
e2,MSFT,63,4,mae_da,last3,elasticnet@sent,0.012268633051221946
e2,MSFT,63,4,mae_da,last3,huber@market,0.13362334581524296
e2,MSFT,63,4,mae_da,last3,huber@sent,0.00356660443004412
e2,MSFT,63,4,mae_da,last3,lgbm_reg@market,0.2759178988584784
e2,MSFT,63,4,mae_da,last3,lgbm_reg@sent,0.14611307920255315
e2,MSFT,63,4,mae_da,last3,pls@market,0.19212265239204065
e2,MSFT,63,4,mae_da,last3,pls@sent,0.0026561785046538004
e2,MSFT,63,4,mae_da,last3,xgb@market,0.06645671589855759
e2,MSFT,63,4,mae_da,last3,xgb@sent,0.02501930390240648
e2,MSFT,63,5,mae_da,last3,elasticnet@market,0.12320042956160213
e2,MSFT,63,5,mae_da,last3,elasticnet@sent,0.018584222287834257
e2,MSFT,63,5,mae_da,last3,huber@market,0.10229323531504121
e2,MSFT,63,5,mae_da,last3,huber@sent,0.006346482695815038
e2,MSFT,63,5,mae_da,last3,lgbm_reg@market,0.23324961896667362
e2,MSFT,63,5,mae_da,last3,lgbm_reg@sent,0.18363559331590396
e2,MSFT,63,5,mae_da,last3,pls@market,0.23748091428277457
e2,MSFT,63,5,mae_da,last3,pls@sent,0.004471917216492557
e2,MSFT,63,5,mae_da,last3,xgb@market,0.065940179266767
e2,MSFT,63,5,mae_da,last3,xgb@sent,0.024797407091095763
e2,MSFT,63,0,softmax_ic,expanding,elasticnet@market,0.1
e2,MSFT,63,0,softmax_ic,expanding,elasticnet@sent,0.1
e2,MSFT,63,0,softmax_ic,expanding,huber@market,0.1
e2,MSFT,63,0,softmax_ic,expanding,huber@sent,0.1
e2,MSFT,63,0,softmax_ic,expanding,lgbm_reg@market,0.1
e2,MSFT,63,0,softmax_ic,expanding,lgbm_reg@sent,0.1
e2,MSFT,63,0,softmax_ic,expanding,pls@market,0.1
e2,MSFT,63,0,softmax_ic,expanding,pls@sent,0.1
e2,MSFT,63,0,softmax_ic,expanding,xgb@market,0.1
e2,MSFT,63,0,softmax_ic,expanding,xgb@sent,0.1
e2,MSFT,63,1,softmax_ic,expanding,elasticnet@market,0.0012336536097329223
e2,MSFT,63,1,softmax_ic,expanding,elasticnet@sent,0.0010400456293839478
e2,MSFT,63,1,softmax_ic,expanding,huber@market,0.003472976115783177
e2,MSFT,63,1,softmax_ic,expanding,huber@sent,0.0006793410106328802
e2,MSFT,63,1,softmax_ic,expanding,lgbm_reg@market,0.27195363344171186
e2,MSFT,63,1,softmax_ic,expanding,lgbm_reg@sent,0.7039602943995313
e2,MSFT,63,1,softmax_ic,expanding,pls@market,3.424935784465286e-05
e2,MSFT,63,1,softmax_ic,expanding,pls@sent,0.00017397173969113775
e2,MSFT,63,1,softmax_ic,expanding,xgb@market,0.002531637566122129
e2,MSFT,63,1,softmax_ic,expanding,xgb@sent,0.01492019712956604
e2,MSFT,63,2,softmax_ic,expanding,elasticnet@market,0.007787837871147191
e2,MSFT,63,2,softmax_ic,expanding,elasticnet@sent,0.0018103076965656603
e2,MSFT,63,2,softmax_ic,expanding,huber@market,0.0017477254148264806
e2,MSFT,63,2,softmax_ic,expanding,huber@sent,0.0005106085202545179
e2,MSFT,63,2,softmax_ic,expanding,lgbm_reg@market,0.3556927075917785
e2,MSFT,63,2,softmax_ic,expanding,lgbm_reg@sent,0.5013827642137388
e2,MSFT,63,2,softmax_ic,expanding,pls@market,0.002551483392836387
e2,MSFT,63,2,softmax_ic,expanding,pls@sent,0.0007053144500202157
e2,MSFT,63,2,softmax_ic,expanding,xgb@market,0.0343933637463153
e2,MSFT,63,2,softmax_ic,expanding,xgb@sent,0.09341788710251686
e2,MSFT,63,3,softmax_ic,expanding,elasticnet@market,0.21626058074754112
e2,MSFT,63,3,softmax_ic,expanding,elasticnet@sent,0.055127804102545086
e2,MSFT,63,3,softmax_ic,expanding,huber@market,0.09976130647423025
e2,MSFT,63,3,softmax_ic,expanding,huber@sent,0.022227927269961992
e2,MSFT,63,3,softmax_ic,expanding,lgbm_reg@market,0.15573752864315607
e2,MSFT,63,3,softmax_ic,expanding,lgbm_reg@sent,0.1573400942290681
e2,MSFT,63,3,softmax_ic,expanding,pls@market,0.018922773300129033
e2,MSFT,63,3,softmax_ic,expanding,pls@sent,0.006527139692463788
e2,MSFT,63,3,softmax_ic,expanding,xgb@market,0.12440551374033952
e2,MSFT,63,3,softmax_ic,expanding,xgb@sent,0.14368933180056515
e2,MSFT,63,4,softmax_ic,expanding,elasticnet@market,0.05252465062713546
e2,MSFT,63,4,softmax_ic,expanding,elasticnet@sent,0.024757523717964
e2,MSFT,63,4,softmax_ic,expanding,huber@market,0.03275476889343478
e2,MSFT,63,4,softmax_ic,expanding,huber@sent,0.013788783189592086
e2,MSFT,63,4,softmax_ic,expanding,lgbm_reg@market,0.18986938136145892
e2,MSFT,63,4,softmax_ic,expanding,lgbm_reg@sent,0.1423901214883725
e2,MSFT,63,4,softmax_ic,expanding,pls@market,0.03646406495166946
e2,MSFT,63,4,softmax_ic,expanding,pls@sent,0.0080753537951371
e2,MSFT,63,4,softmax_ic,expanding,xgb@market,0.32540289700276914
e2,MSFT,63,4,softmax_ic,expanding,xgb@sent,0.1739724549724666
e2,MSFT,63,5,softmax_ic,expanding,elasticnet@market,0.08363687640989013
e2,MSFT,63,5,softmax_ic,expanding,elasticnet@sent,0.05682506013852539
e2,MSFT,63,5,softmax_ic,expanding,huber@market,0.042452757203419504
e2,MSFT,63,5,softmax_ic,expanding,huber@sent,0.020661888494359976
e2,MSFT,63,5,softmax_ic,expanding,lgbm_reg@market,0.12235143964229471
e2,MSFT,63,5,softmax_ic,expanding,lgbm_reg@sent,0.08645233344359474
e2,MSFT,63,5,softmax_ic,expanding,pls@market,0.06340381177761653
e2,MSFT,63,5,softmax_ic,expanding,pls@sent,0.004919515248203878
e2,MSFT,63,5,softmax_ic,expanding,xgb@market,0.3718609245155485
e2,MSFT,63,5,softmax_ic,expanding,xgb@sent,0.14743539312654672
e2,MSFT,63,0,softmax_ic,last3,elasticnet@market,0.1
e2,MSFT,63,0,softmax_ic,last3,elasticnet@sent,0.1
e2,MSFT,63,0,softmax_ic,last3,huber@market,0.1
e2,MSFT,63,0,softmax_ic,last3,huber@sent,0.1
e2,MSFT,63,0,softmax_ic,last3,lgbm_reg@market,0.1
e2,MSFT,63,0,softmax_ic,last3,lgbm_reg@sent,0.1
e2,MSFT,63,0,softmax_ic,last3,pls@market,0.1
e2,MSFT,63,0,softmax_ic,last3,pls@sent,0.1
e2,MSFT,63,0,softmax_ic,last3,xgb@market,0.1
e2,MSFT,63,0,softmax_ic,last3,xgb@sent,0.1
e2,MSFT,63,1,softmax_ic,last3,elasticnet@market,0.0012336536097329223
e2,MSFT,63,1,softmax_ic,last3,elasticnet@sent,0.0010400456293839478
e2,MSFT,63,1,softmax_ic,last3,huber@market,0.003472976115783177
e2,MSFT,63,1,softmax_ic,last3,huber@sent,0.0006793410106328802
e2,MSFT,63,1,softmax_ic,last3,lgbm_reg@market,0.27195363344171186
e2,MSFT,63,1,softmax_ic,last3,lgbm_reg@sent,0.7039602943995313
e2,MSFT,63,1,softmax_ic,last3,pls@market,3.424935784465286e-05
e2,MSFT,63,1,softmax_ic,last3,pls@sent,0.00017397173969113775
e2,MSFT,63,1,softmax_ic,last3,xgb@market,0.002531637566122129
e2,MSFT,63,1,softmax_ic,last3,xgb@sent,0.01492019712956604
e2,MSFT,63,2,softmax_ic,last3,elasticnet@market,0.007787837871147191
e2,MSFT,63,2,softmax_ic,last3,elasticnet@sent,0.0018103076965656603
e2,MSFT,63,2,softmax_ic,last3,huber@market,0.0017477254148264806
e2,MSFT,63,2,softmax_ic,last3,huber@sent,0.0005106085202545179
e2,MSFT,63,2,softmax_ic,last3,lgbm_reg@market,0.3556927075917785
e2,MSFT,63,2,softmax_ic,last3,lgbm_reg@sent,0.5013827642137388
e2,MSFT,63,2,softmax_ic,last3,pls@market,0.002551483392836387
e2,MSFT,63,2,softmax_ic,last3,pls@sent,0.0007053144500202157
e2,MSFT,63,2,softmax_ic,last3,xgb@market,0.0343933637463153
e2,MSFT,63,2,softmax_ic,last3,xgb@sent,0.09341788710251686
e2,MSFT,63,3,softmax_ic,last3,elasticnet@market,0.21626058074754112
e2,MSFT,63,3,softmax_ic,last3,elasticnet@sent,0.055127804102545086
e2,MSFT,63,3,softmax_ic,last3,huber@market,0.09976130647423025
e2,MSFT,63,3,softmax_ic,last3,huber@sent,0.022227927269961992
e2,MSFT,63,3,softmax_ic,last3,lgbm_reg@market,0.15573752864315607
e2,MSFT,63,3,softmax_ic,last3,lgbm_reg@sent,0.1573400942290681
e2,MSFT,63,3,softmax_ic,last3,pls@market,0.018922773300129033
e2,MSFT,63,3,softmax_ic,last3,pls@sent,0.006527139692463788
e2,MSFT,63,3,softmax_ic,last3,xgb@market,0.12440551374033952
e2,MSFT,63,3,softmax_ic,last3,xgb@sent,0.14368933180056515
e2,MSFT,63,4,softmax_ic,last3,elasticnet@market,0.02830480484848248
e2,MSFT,63,4,softmax_ic,last3,elasticnet@sent,0.013414000636761163
e2,MSFT,63,4,softmax_ic,last3,huber@market,0.0583071836519484
e2,MSFT,63,4,softmax_ic,last3,huber@sent,0.016841284347174457
e2,MSFT,63,4,softmax_ic,last3,lgbm_reg@market,0.12485527521196033
e2,MSFT,63,4,softmax_ic,last3,lgbm_reg@sent,0.07943982300029556
e2,MSFT,63,4,softmax_ic,last3,pls@market,0.05673129299581008
e2,MSFT,63,4,softmax_ic,last3,pls@sent,0.008363025952379597
e2,MSFT,63,4,softmax_ic,last3,xgb@market,0.431603556045893
e2,MSFT,63,4,softmax_ic,last3,xgb@sent,0.1821397533092949
e2,MSFT,63,5,softmax_ic,last3,elasticnet@market,0.004876600781338011
e2,MSFT,63,5,softmax_ic,last3,elasticnet@sent,0.008611328636251086
e2,MSFT,63,5,softmax_ic,last3,huber@market,0.006704929511480686
e2,MSFT,63,5,softmax_ic,last3,huber@sent,0.0045216423030243515
e2,MSFT,63,5,softmax_ic,last3,lgbm_reg@market,0.09391121381575014
e2,MSFT,63,5,softmax_ic,last3,lgbm_reg@sent,0.058902540533989904
e2,MSFT,63,5,softmax_ic,last3,pls@market,0.09082588155583309
e2,MSFT,63,5,softmax_ic,last3,pls@sent,0.008606728445670269
e2,MSFT,63,5,softmax_ic,last3,xgb@market,0.5739731241515746
e2,MSFT,63,5,softmax_ic,last3,xgb@sent,0.1490660102650877
e2,MSFT,63,0,best_recent,expanding,elasticnet@market,0.1
e2,MSFT,63,0,best_recent,expanding,elasticnet@sent,0.1
e2,MSFT,63,0,best_recent,expanding,huber@market,0.1
e2,MSFT,63,0,best_recent,expanding,huber@sent,0.1
e2,MSFT,63,0,best_recent,expanding,lgbm_reg@market,0.1
e2,MSFT,63,0,best_recent,expanding,lgbm_reg@sent,0.1
e2,MSFT,63,0,best_recent,expanding,pls@market,0.1
e2,MSFT,63,0,best_recent,expanding,pls@sent,0.1
e2,MSFT,63,0,best_recent,expanding,xgb@market,0.1
e2,MSFT,63,0,best_recent,expanding,xgb@sent,0.1
e2,MSFT,63,1,best_recent,expanding,elasticnet@market,0.0
e2,MSFT,63,1,best_recent,expanding,elasticnet@sent,0.0
e2,MSFT,63,1,best_recent,expanding,huber@market,0.0
e2,MSFT,63,1,best_recent,expanding,huber@sent,0.0
e2,MSFT,63,1,best_recent,expanding,lgbm_reg@market,0.0
e2,MSFT,63,1,best_recent,expanding,lgbm_reg@sent,1.0
e2,MSFT,63,1,best_recent,expanding,pls@market,0.0
e2,MSFT,63,1,best_recent,expanding,pls@sent,0.0
e2,MSFT,63,1,best_recent,expanding,xgb@market,0.0
e2,MSFT,63,1,best_recent,expanding,xgb@sent,0.0
e2,MSFT,63,2,best_recent,expanding,elasticnet@market,0.0
e2,MSFT,63,2,best_recent,expanding,elasticnet@sent,0.0
e2,MSFT,63,2,best_recent,expanding,huber@market,0.0
e2,MSFT,63,2,best_recent,expanding,huber@sent,0.0
e2,MSFT,63,2,best_recent,expanding,lgbm_reg@market,0.0
e2,MSFT,63,2,best_recent,expanding,lgbm_reg@sent,1.0
e2,MSFT,63,2,best_recent,expanding,pls@market,0.0
e2,MSFT,63,2,best_recent,expanding,pls@sent,0.0
e2,MSFT,63,2,best_recent,expanding,xgb@market,0.0
e2,MSFT,63,2,best_recent,expanding,xgb@sent,0.0
e2,MSFT,63,3,best_recent,expanding,elasticnet@market,1.0
e2,MSFT,63,3,best_recent,expanding,elasticnet@sent,0.0
e2,MSFT,63,3,best_recent,expanding,huber@market,0.0
e2,MSFT,63,3,best_recent,expanding,huber@sent,0.0
e2,MSFT,63,3,best_recent,expanding,lgbm_reg@market,0.0
e2,MSFT,63,3,best_recent,expanding,lgbm_reg@sent,0.0
e2,MSFT,63,3,best_recent,expanding,pls@market,0.0
e2,MSFT,63,3,best_recent,expanding,pls@sent,0.0
e2,MSFT,63,3,best_recent,expanding,xgb@market,0.0
e2,MSFT,63,3,best_recent,expanding,xgb@sent,0.0
e2,MSFT,63,4,best_recent,expanding,elasticnet@market,0.0
e2,MSFT,63,4,best_recent,expanding,elasticnet@sent,0.0
e2,MSFT,63,4,best_recent,expanding,huber@market,0.0
e2,MSFT,63,4,best_recent,expanding,huber@sent,0.0
e2,MSFT,63,4,best_recent,expanding,lgbm_reg@market,0.0
e2,MSFT,63,4,best_recent,expanding,lgbm_reg@sent,0.0
e2,MSFT,63,4,best_recent,expanding,pls@market,0.0
e2,MSFT,63,4,best_recent,expanding,pls@sent,0.0
e2,MSFT,63,4,best_recent,expanding,xgb@market,1.0
e2,MSFT,63,4,best_recent,expanding,xgb@sent,0.0
e2,MSFT,63,5,best_recent,expanding,elasticnet@market,0.0
e2,MSFT,63,5,best_recent,expanding,elasticnet@sent,0.0
e2,MSFT,63,5,best_recent,expanding,huber@market,0.0
e2,MSFT,63,5,best_recent,expanding,huber@sent,0.0
e2,MSFT,63,5,best_recent,expanding,lgbm_reg@market,0.0
e2,MSFT,63,5,best_recent,expanding,lgbm_reg@sent,0.0
e2,MSFT,63,5,best_recent,expanding,pls@market,0.0
e2,MSFT,63,5,best_recent,expanding,pls@sent,0.0
e2,MSFT,63,5,best_recent,expanding,xgb@market,1.0
e2,MSFT,63,5,best_recent,expanding,xgb@sent,0.0
e2,MSFT,63,0,best_recent,last3,elasticnet@market,0.1
e2,MSFT,63,0,best_recent,last3,elasticnet@sent,0.1
e2,MSFT,63,0,best_recent,last3,huber@market,0.1
e2,MSFT,63,0,best_recent,last3,huber@sent,0.1
e2,MSFT,63,0,best_recent,last3,lgbm_reg@market,0.1
e2,MSFT,63,0,best_recent,last3,lgbm_reg@sent,0.1
e2,MSFT,63,0,best_recent,last3,pls@market,0.1
e2,MSFT,63,0,best_recent,last3,pls@sent,0.1
e2,MSFT,63,0,best_recent,last3,xgb@market,0.1
e2,MSFT,63,0,best_recent,last3,xgb@sent,0.1
e2,MSFT,63,1,best_recent,last3,elasticnet@market,0.0
e2,MSFT,63,1,best_recent,last3,elasticnet@sent,0.0
e2,MSFT,63,1,best_recent,last3,huber@market,0.0
e2,MSFT,63,1,best_recent,last3,huber@sent,0.0
e2,MSFT,63,1,best_recent,last3,lgbm_reg@market,0.0
e2,MSFT,63,1,best_recent,last3,lgbm_reg@sent,1.0
e2,MSFT,63,1,best_recent,last3,pls@market,0.0
e2,MSFT,63,1,best_recent,last3,pls@sent,0.0
e2,MSFT,63,1,best_recent,last3,xgb@market,0.0
e2,MSFT,63,1,best_recent,last3,xgb@sent,0.0
e2,MSFT,63,2,best_recent,last3,elasticnet@market,0.0
e2,MSFT,63,2,best_recent,last3,elasticnet@sent,0.0
e2,MSFT,63,2,best_recent,last3,huber@market,0.0
e2,MSFT,63,2,best_recent,last3,huber@sent,0.0
e2,MSFT,63,2,best_recent,last3,lgbm_reg@market,0.0
e2,MSFT,63,2,best_recent,last3,lgbm_reg@sent,1.0
e2,MSFT,63,2,best_recent,last3,pls@market,0.0
e2,MSFT,63,2,best_recent,last3,pls@sent,0.0
e2,MSFT,63,2,best_recent,last3,xgb@market,0.0
e2,MSFT,63,2,best_recent,last3,xgb@sent,0.0
e2,MSFT,63,3,best_recent,last3,elasticnet@market,1.0
e2,MSFT,63,3,best_recent,last3,elasticnet@sent,0.0
e2,MSFT,63,3,best_recent,last3,huber@market,0.0
e2,MSFT,63,3,best_recent,last3,huber@sent,0.0
e2,MSFT,63,3,best_recent,last3,lgbm_reg@market,0.0
e2,MSFT,63,3,best_recent,last3,lgbm_reg@sent,0.0
e2,MSFT,63,3,best_recent,last3,pls@market,0.0
e2,MSFT,63,3,best_recent,last3,pls@sent,0.0
e2,MSFT,63,3,best_recent,last3,xgb@market,0.0
e2,MSFT,63,3,best_recent,last3,xgb@sent,0.0
e2,MSFT,63,4,best_recent,last3,elasticnet@market,0.0
e2,MSFT,63,4,best_recent,last3,elasticnet@sent,0.0
e2,MSFT,63,4,best_recent,last3,huber@market,0.0
e2,MSFT,63,4,best_recent,last3,huber@sent,0.0
e2,MSFT,63,4,best_recent,last3,lgbm_reg@market,0.0
e2,MSFT,63,4,best_recent,last3,lgbm_reg@sent,0.0
e2,MSFT,63,4,best_recent,last3,pls@market,0.0
e2,MSFT,63,4,best_recent,last3,pls@sent,0.0
e2,MSFT,63,4,best_recent,last3,xgb@market,1.0
e2,MSFT,63,4,best_recent,last3,xgb@sent,0.0
e2,MSFT,63,5,best_recent,last3,elasticnet@market,0.0
e2,MSFT,63,5,best_recent,last3,elasticnet@sent,0.0
e2,MSFT,63,5,best_recent,last3,huber@market,0.0
e2,MSFT,63,5,best_recent,last3,huber@sent,0.0
e2,MSFT,63,5,best_recent,last3,lgbm_reg@market,0.0
e2,MSFT,63,5,best_recent,last3,lgbm_reg@sent,0.0
e2,MSFT,63,5,best_recent,last3,pls@market,0.0
e2,MSFT,63,5,best_recent,last3,pls@sent,0.0
e2,MSFT,63,5,best_recent,last3,xgb@market,1.0
e2,MSFT,63,5,best_recent,last3,xgb@sent,0.0
